[2026-03-29 22:33:25.155] [info][startup] Logger session started.
[2026-03-29 22:33:25.155] [info][startup] Log directory: G:\DEV\СPP\HLengine\host\logs\latest\runtime
[2026-03-29 22:33:25.156] [info][startup] Session id: 20260329_223325
[2026-03-29 22:33:25.156] [info][startup] Max file size: 10485760 bytes
[2026-03-29 22:33:25.156] [info][startup] Current file path: G:\DEV\СPP\HLengine\host\logs\latest\runtime\hlhost_20260329_223325_part01.log
[2026-03-29 22:33:25.157] [info][startup] Summary file path: G:\DEV\СPP\HLengine\host\logs\latest\runtime\hlhost_20260329_223325_summary.log
[2026-03-29 22:33:25.157] [info][startup] hlhost startup initiated.
[2026-03-29 22:33:25.157] [info][startup] Current working directory: C:\Users\admin
[2026-03-29 22:33:25.160] [info][startup] Executable path: G:\DEV\СPP\HLengine\out\build\vs2022-win32\host\Debug\hlhost.exe
[2026-03-29 22:33:25.160] [info][filesystem] Using game directory: D:\Steam\steamapps\common\Half-Life\valve
[2026-03-29 22:33:25.161] [info][filesystem] valve directory: found
[2026-03-29 22:33:25.161] [info][filesystem] hl.dll: found
[2026-03-29 22:33:25.161] [info][filesystem] client.dll: found
[2026-03-29 22:33:25.162] [info][filesystem] pak0.pak: missing (optional)
[2026-03-29 22:33:25.162] [info][filesystem] Valve directory validation succeeded.
[2026-03-29 22:33:25.162] [info][dll] Running DLL smoke test.
[2026-03-29 22:33:25.163] [info][dll] Planned module target [hl.dll]: D:\Steam\steamapps\common\Half-Life\valve\dlls/hl.dll
[2026-03-29 22:33:25.163] [info][dll] LoadLibraryW attempt for D:\Steam\steamapps\common\Half-Life\valve\dlls\hl.dll
[2026-03-29 22:33:25.165] [info][dll] LoadLibraryW succeeded for D:\Steam\steamapps\common\Half-Life\valve\dlls\hl.dll
[2026-03-29 22:33:25.165] [info][dll] hl.dll export found: GiveFnptrsToDll
[2026-03-29 22:33:25.166] [info][dll] hl.dll export found: GetEntityAPI2
[2026-03-29 22:33:25.166] [info][dll] hl.dll optional export missing: GetNewDLLFunctions
[2026-03-29 22:33:25.166] [info][dll] FreeLibrary succeeded for D:\Steam\steamapps\common\Half-Life\valve\dlls\hl.dll
[2026-03-29 22:33:25.167] [info][dll] hl.dll: loaded
[2026-03-29 22:33:25.167] [info][dll] hl.dll exports: 2/2
[2026-03-29 22:33:25.167] [info][dll] hl.dll loaded path: D:\Steam\steamapps\common\Half-Life\valve\dlls\hl.dll
[2026-03-29 22:33:25.168] [info][dll] Planned module targets [client.dll]: primary=D:\Steam\steamapps\common\Half-Life\valve\cl_dlls/client.dll, fallback=D:\Steam\steamapps\common\Half-Life\valve\dlls/client.dll
[2026-03-29 22:33:25.168] [info][dll] client.dll dependency search path prepared.
[2026-03-29 22:33:25.169] [info][dll] LoadLibraryExW attempt for D:\Steam\steamapps\common\Half-Life\valve\cl_dlls\client.dll
[2026-03-29 22:33:25.169] [info][dll] LoadLibraryExW search directory: D:\Steam\steamapps\common\Half-Life
[2026-03-29 22:33:25.169] [info][dll] LoadLibraryExW search directory: D:\Steam\steamapps\common\Half-Life\valve
[2026-03-29 22:33:25.169] [info][dll] LoadLibraryExW search directory: D:\Steam\steamapps\common\Half-Life\valve\cl_dlls
[2026-03-29 22:33:25.179] [info][dll] LoadLibraryExW succeeded for D:\Steam\steamapps\common\Half-Life\valve\cl_dlls\client.dll
[2026-03-29 22:33:25.180] [info][dll] client.dll export found: Initialize
[2026-03-29 22:33:25.180] [info][dll] client.dll export found: HUD_Init
[2026-03-29 22:33:25.180] [info][dll] client.dll export found: HUD_VidInit
[2026-03-29 22:33:25.181] [info][dll] client.dll export found: HUD_Frame
[2026-03-29 22:33:25.181] [info][dll] client.dll export found: HUD_Redraw
[2026-03-29 22:33:25.185] [info][dll] FreeLibrary succeeded for D:\Steam\steamapps\common\Half-Life\valve\cl_dlls\client.dll
[2026-03-29 22:33:25.186] [info][dll] client.dll: loaded
[2026-03-29 22:33:25.186] [info][dll] client.dll exports: 5/5
[2026-03-29 22:33:25.186] [info][dll] client.dll loaded path: D:\Steam\steamapps\common\Half-Life\valve\cl_dlls\client.dll
[2026-03-29 22:33:25.187] [info][summary] DLL smoke test summary:
[2026-03-29 22:33:25.187] [info][summary] Valve directory: OK
[2026-03-29 22:33:25.187] [info][summary] hl.dll: loaded
[2026-03-29 22:33:25.188] [info][summary] hl.dll exports: 2/2
[2026-03-29 22:33:25.188] [info][summary] client.dll: loaded
[2026-03-29 22:33:25.189] [info][summary] client.dll exports: 5/5
[2026-03-29 22:33:25.189] [info][dll] DLL smoke test succeeded.
[2026-03-29 22:33:25.189] [info][server] Running hl.dll minimal engine shim.
[2026-03-29 22:33:25.191] [info][dll] Loading server module for engine shim: D:\Steam\steamapps\common\Half-Life\valve\dlls/hl.dll
[2026-03-29 22:33:25.192] [info][dll] LoadLibraryW attempt for D:\Steam\steamapps\common\Half-Life\valve\dlls\hl.dll
[2026-03-29 22:33:25.195] [info][dll] LoadLibraryW succeeded for D:\Steam\steamapps\common\Half-Life\valve\dlls\hl.dll
[2026-03-29 22:33:25.195] [info][dll] hl.dll export GiveFnptrsToDll: found
[2026-03-29 22:33:25.196] [info][dll] hl.dll export GetEntityAPI2: found
[2026-03-29 22:33:25.196] [info][startup] Frame bootstrap config: frames=1800, frametime=0.050000, think_limit=32, use_limit=64, scheduled_use_limit=128, path_arrival_epsilon=24.000000, trace_scripted=0, trace_movement=0, trace_think=0, trace_callbacks=0, log_frame_sample=10, log_state_changes_only=1, stop_on_first_message=0, stop_on_changelevel_request=0, stop_on_node=<none>
[2026-03-29 22:33:25.202] [info][summary] Frame bootstrap requested: frames=1800, frametime=0.050000, think_limit=32, use_limit=64, scheduled_use_limit=128, path_arrival_epsilon=24.000000, trace_scripted=0, trace_movement=0, trace_think=0, log_frame_sample=10, log_state_changes_only=1, stop_on_first_message=0, stop_on_changelevel_request=0, stop_on_node=<none>
[2026-03-29 22:33:25.202] [info][dll] Calling GiveFnptrsToDll with minimal engine shim.
[2026-03-29 22:33:25.202] [info][dll] Calling GetEntityAPI2.
[2026-03-29 22:33:25.203] [info][dll] hl.dll DLL_FUNCTIONS table:
[2026-03-29 22:33:25.203] [info][dll]   - pfnGameInit: present
[2026-03-29 22:33:25.203] [info][dll]   - pfnSpawn: present
[2026-03-29 22:33:25.204] [info][dll]   - pfnThink: present
[2026-03-29 22:33:25.204] [info][dll]   - pfnUse: present
[2026-03-29 22:33:25.204] [info][dll]   - pfnTouch: present
[2026-03-29 22:33:25.205] [info][dll]   - pfnBlocked: present
[2026-03-29 22:33:25.205] [info][dll]   - pfnKeyValue: present
[2026-03-29 22:33:25.206] [info][dll]   - pfnSave: present
[2026-03-29 22:33:25.206] [info][dll]   - pfnRestore: present
[2026-03-29 22:33:25.206] [info][dll]   - pfnSetAbsBox: present
[2026-03-29 22:33:25.209] [info][dll]   - pfnSaveWriteFields: present
[2026-03-29 22:33:25.213] [info][dll]   - pfnSaveReadFields: present
[2026-03-29 22:33:25.217] [info][dll]   - pfnSaveGlobalState: present
[2026-03-29 22:33:25.217] [info][dll]   - pfnRestoreGlobalState: present
[2026-03-29 22:33:25.218] [info][dll]   - pfnResetGlobalState: present
[2026-03-29 22:33:25.219] [info][dll]   - pfnClientConnect: present
[2026-03-29 22:33:25.219] [info][dll]   - pfnClientDisconnect: present
[2026-03-29 22:33:25.219] [info][dll]   - pfnClientKill: present
[2026-03-29 22:33:25.220] [info][dll]   - pfnClientPutInServer: present
[2026-03-29 22:33:25.220] [info][dll]   - pfnClientCommand: present
[2026-03-29 22:33:25.221] [info][dll]   - pfnClientUserInfoChanged: present
[2026-03-29 22:33:25.221] [info][dll]   - pfnServerActivate: present
[2026-03-29 22:33:25.221] [info][dll]   - pfnServerDeactivate: present
[2026-03-29 22:33:25.222] [info][dll]   - pfnPlayerPreThink: present
[2026-03-29 22:33:25.223] [info][dll]   - pfnPlayerPostThink: present
[2026-03-29 22:33:25.223] [info][dll]   - pfnStartFrame: present
[2026-03-29 22:33:25.225] [info][dll]   - pfnParmsNewLevel: present
[2026-03-29 22:33:25.225] [info][dll]   - pfnParmsChangeLevel: present
[2026-03-29 22:33:25.226] [info][dll]   - pfnGetGameDescription: present
[2026-03-29 22:33:25.227] [info][dll]   - pfnPlayerCustomization: present
[2026-03-29 22:33:25.227] [info][dll]   - pfnSpectatorConnect: present
[2026-03-29 22:33:25.228] [info][dll]   - pfnSpectatorDisconnect: present
[2026-03-29 22:33:25.228] [info][dll]   - pfnSpectatorThink: present
[2026-03-29 22:33:25.229] [info][dll]   - pfnSys_Error: present
[2026-03-29 22:33:25.229] [info][dll]   - pfnPM_Move: present
[2026-03-29 22:33:25.230] [info][dll]   - pfnPM_Init: present
[2026-03-29 22:33:25.230] [info][dll]   - pfnPM_FindTextureType: present
[2026-03-29 22:33:25.231] [info][dll]   - pfnSetupVisibility: present
[2026-03-29 22:33:25.231] [info][dll]   - pfnUpdateClientData: present
[2026-03-29 22:33:25.232] [info][dll]   - pfnAddToFullPack: present
[2026-03-29 22:33:25.232] [info][dll]   - pfnCreateBaseline: present
[2026-03-29 22:33:25.234] [info][dll]   - pfnRegisterEncoders: present
[2026-03-29 22:33:25.235] [info][dll]   - pfnGetWeaponData: present
[2026-03-29 22:33:25.235] [info][dll]   - pfnCmdStart: present
[2026-03-29 22:33:25.236] [info][dll]   - pfnCmdEnd: present
[2026-03-29 22:33:25.236] [info][dll]   - pfnConnectionlessPacket: present
[2026-03-29 22:33:25.237] [info][dll]   - pfnGetHullBounds: present
[2026-03-29 22:33:25.237] [info][dll]   - pfnCreateInstancedBaselines: present
[2026-03-29 22:33:25.238] [info][dll]   - pfnInconsistentFile: present
[2026-03-29 22:33:25.239] [info][dll]   - pfnAllowLagCompensation: present
[2026-03-29 22:33:25.239] [info][dll] hl.dll pfnGameInit pointer: present
[2026-03-29 22:33:25.239] [info][dll] Calling hl.dll pfnGameInit().
[2026-03-29 22:33:25.240] [info][general] hl.dll engine callback: pfnCVarGetPointer [sv_gravity]
[2026-03-29 22:33:25.240] [info][general] hl.dll engine callback: pfnCVarGetPointer [sv_aim]
[2026-03-29 22:33:25.241] [info][general] hl.dll engine callback: pfnCVarGetPointer [sv_allow_autoaim]
[2026-03-29 22:33:25.241] [info][general] hl.dll engine callback: pfnCVarGetPointer [mp_footsteps]
[2026-03-29 22:33:25.241] [info][general] hl.dll engine callback: pfnCVarRegister [displaysoundlist=0]
[2026-03-29 22:33:25.242] [info][general] hl.dll engine callback: pfnCVarRegister [allow_spectators=0.0]
[2026-03-29 22:33:25.242] [info][general] hl.dll engine callback: pfnCVarRegister [mp_teamplay=0]
[2026-03-29 22:33:25.243] [info][general] hl.dll engine callback: pfnCVarRegister [mp_fraglimit=0]
[2026-03-29 22:33:25.243] [info][general] hl.dll engine callback: pfnCVarRegister [mp_timelimit=0]
[2026-03-29 22:33:25.244] [info][general] hl.dll engine callback: pfnCVarRegister [mp_fragsleft=0]
[2026-03-29 22:33:25.244] [info][general] hl.dll engine callback: pfnCVarRegister [mp_timeleft=0]
[2026-03-29 22:33:25.245] [info][general] hl.dll engine callback: pfnCVarRegister [mp_friendlyfire=0]
[2026-03-29 22:33:25.245] [info][general] hl.dll engine callback: pfnCVarRegister [mp_falldamage=0]
[2026-03-29 22:33:25.246] [info][general] hl.dll engine callback: pfnCVarRegister [mp_weaponstay=0]
[2026-03-29 22:33:25.246] [info][general] hl.dll engine callback: pfnCVarRegister [mp_forcerespawn=1]
[2026-03-29 22:33:25.246] [info][general] hl.dll engine callback: pfnCVarRegister [mp_flashlight=0]
[2026-03-29 22:33:25.247] [info][general] hl.dll engine callback: pfnCVarRegister [mp_autocrosshair=1]
[2026-03-29 22:33:25.248] [info][general] hl.dll engine callback: pfnCVarRegister [decalfrequency=30]
[2026-03-29 22:33:25.248] [info][general] hl.dll engine callback: pfnCVarRegister [mp_teamlist=hgrunt;scientist]
[2026-03-29 22:33:25.249] [info][general] hl.dll engine callback: pfnCVarRegister [mp_teamoverride=1]
[2026-03-29 22:33:25.249] [info][general] hl.dll engine callback: pfnCVarRegister [mp_defaultteam=0]
[2026-03-29 22:33:25.249] [warn][general] Duplicate cvar registration detected for 'mp_defaultteam'.
[2026-03-29 22:33:25.249] [info][general] hl.dll engine callback: pfnCVarRegister [mp_allowmonsters=0]
[2026-03-29 22:33:25.250] [info][general] hl.dll engine callback: pfnCVarRegister [mp_chattime=10]
[2026-03-29 22:33:25.250] [info][general] hl.dll engine callback: pfnCVarRegister [sv_busters=0]
[2026-03-29 22:33:25.250] [info][general] hl.dll engine callback: pfnCVarRegister [sk_agrunt_health1=0]
[2026-03-29 22:33:25.251] [info][general] hl.dll engine callback: pfnCVarRegister [sk_agrunt_health2=0]
[2026-03-29 22:33:25.251] [info][general] hl.dll engine callback: pfnCVarRegister [sk_agrunt_health3=0]
[2026-03-29 22:33:25.252] [info][general] hl.dll engine callback: pfnCVarRegister [sk_agrunt_dmg_punch1=0]
[2026-03-29 22:33:25.252] [info][general] hl.dll engine callback: pfnCVarRegister [sk_agrunt_dmg_punch2=0]
[2026-03-29 22:33:25.252] [info][general] hl.dll engine callback: pfnCVarRegister [sk_agrunt_dmg_punch3=0]
[2026-03-29 22:33:25.252] [info][general] hl.dll engine callback: pfnCVarRegister [sk_apache_health1=0]
[2026-03-29 22:33:25.253] [info][general] hl.dll engine callback: pfnCVarRegister [sk_apache_health2=0]
[2026-03-29 22:33:25.254] [info][general] hl.dll engine callback: pfnCVarRegister [sk_apache_health3=0]
[2026-03-29 22:33:25.255] [info][general] hl.dll engine callback: pfnCVarRegister [sk_barney_health1=0]
[2026-03-29 22:33:25.255] [info][general] hl.dll engine callback: pfnCVarRegister [sk_barney_health2=0]
[2026-03-29 22:33:25.255] [info][general] hl.dll engine callback: pfnCVarRegister [sk_barney_health3=0]
[2026-03-29 22:33:25.256] [info][general] hl.dll engine callback: pfnCVarRegister [sk_bullsquid_health1=0]
[2026-03-29 22:33:25.256] [info][general] hl.dll engine callback: pfnCVarRegister [sk_bullsquid_health2=0]
[2026-03-29 22:33:25.256] [info][general] hl.dll engine callback: pfnCVarRegister [sk_bullsquid_health3=0]
[2026-03-29 22:33:25.257] [info][general] hl.dll engine callback: pfnCVarRegister [sk_bullsquid_dmg_bite1=0]
[2026-03-29 22:33:25.257] [info][general] hl.dll engine callback: pfnCVarRegister [sk_bullsquid_dmg_bite2=0]
[2026-03-29 22:33:25.257] [info][general] hl.dll engine callback: pfnCVarRegister [sk_bullsquid_dmg_bite3=0]
[2026-03-29 22:33:25.258] [info][general] hl.dll engine callback: pfnCVarRegister [sk_bullsquid_dmg_whip1=0]
[2026-03-29 22:33:25.258] [info][general] hl.dll engine callback: pfnCVarRegister [sk_bullsquid_dmg_whip2=0]
[2026-03-29 22:33:25.258] [info][general] hl.dll engine callback: pfnCVarRegister [sk_bullsquid_dmg_whip3=0]
[2026-03-29 22:33:25.259] [info][general] hl.dll engine callback: pfnCVarRegister [sk_bullsquid_dmg_spit1=0]
[2026-03-29 22:33:25.259] [info][general] hl.dll engine callback: pfnCVarRegister [sk_bullsquid_dmg_spit2=0]
[2026-03-29 22:33:25.259] [info][general] hl.dll engine callback: pfnCVarRegister [sk_bullsquid_dmg_spit3=0]
[2026-03-29 22:33:25.260] [info][general] hl.dll engine callback: pfnCVarRegister [sk_bigmomma_health_factor1=1.0]
[2026-03-29 22:33:25.260] [info][general] hl.dll engine callback: pfnCVarRegister [sk_bigmomma_health_factor2=1.0]
[2026-03-29 22:33:25.260] [info][general] hl.dll engine callback: pfnCVarRegister [sk_bigmomma_health_factor3=1.0]
[2026-03-29 22:33:25.261] [info][general] hl.dll engine callback: pfnCVarRegister [sk_bigmomma_dmg_slash1=50]
[2026-03-29 22:33:25.261] [info][general] hl.dll engine callback: pfnCVarRegister [sk_bigmomma_dmg_slash2=50]
[2026-03-29 22:33:25.261] [info][general] hl.dll engine callback: pfnCVarRegister [sk_bigmomma_dmg_slash3=50]
[2026-03-29 22:33:25.262] [info][general] hl.dll engine callback: pfnCVarRegister [sk_bigmomma_dmg_blast1=100]
[2026-03-29 22:33:25.262] [info][general] hl.dll engine callback: pfnCVarRegister [sk_bigmomma_dmg_blast2=100]
[2026-03-29 22:33:25.262] [info][general] hl.dll engine callback: pfnCVarRegister [sk_bigmomma_dmg_blast3=100]
[2026-03-29 22:33:25.263] [info][general] hl.dll engine callback: pfnCVarRegister [sk_bigmomma_radius_blast1=250]
[2026-03-29 22:33:25.263] [info][general] hl.dll engine callback: pfnCVarRegister [sk_bigmomma_radius_blast2=250]
[2026-03-29 22:33:25.263] [info][general] hl.dll engine callback: pfnCVarRegister [sk_bigmomma_radius_blast3=250]
[2026-03-29 22:33:25.263] [info][general] hl.dll engine callback: pfnCVarRegister [sk_gargantua_health1=0]
[2026-03-29 22:33:25.264] [info][general] hl.dll engine callback: pfnCVarRegister [sk_gargantua_health2=0]
[2026-03-29 22:33:25.264] [info][general] hl.dll engine callback: pfnCVarRegister [sk_gargantua_health3=0]
[2026-03-29 22:33:25.265] [info][general] hl.dll engine callback: pfnCVarRegister [sk_gargantua_dmg_slash1=0]
[2026-03-29 22:33:25.265] [info][general] hl.dll engine callback: pfnCVarRegister [sk_gargantua_dmg_slash2=0]
[2026-03-29 22:33:25.265] [info][general] hl.dll engine callback: pfnCVarRegister [sk_gargantua_dmg_slash3=0]
[2026-03-29 22:33:25.265] [info][general] hl.dll engine callback: pfnCVarRegister [sk_gargantua_dmg_fire1=0]
[2026-03-29 22:33:25.266] [info][general] hl.dll engine callback: pfnCVarRegister [sk_gargantua_dmg_fire2=0]
[2026-03-29 22:33:25.266] [info][general] hl.dll engine callback: pfnCVarRegister [sk_gargantua_dmg_fire3=0]
[2026-03-29 22:33:25.266] [info][general] hl.dll engine callback: pfnCVarRegister [sk_gargantua_dmg_stomp1=0]
[2026-03-29 22:33:25.267] [info][general] hl.dll engine callback: pfnCVarRegister [sk_gargantua_dmg_stomp2=0]
[2026-03-29 22:33:25.267] [info][general] hl.dll engine callback: pfnCVarRegister [sk_gargantua_dmg_stomp3=0]
[2026-03-29 22:33:25.268] [info][general] hl.dll engine callback: pfnCVarRegister [sk_hassassin_health1=0]
[2026-03-29 22:33:25.269] [info][general] hl.dll engine callback: pfnCVarRegister [sk_hassassin_health2=0]
[2026-03-29 22:33:25.269] [info][general] hl.dll engine callback: pfnCVarRegister [sk_hassassin_health3=0]
[2026-03-29 22:33:25.269] [info][general] hl.dll engine callback: pfnCVarRegister [sk_headcrab_health1=0]
[2026-03-29 22:33:25.270] [info][general] hl.dll engine callback: pfnCVarRegister [sk_headcrab_health2=0]
[2026-03-29 22:33:25.270] [info][general] hl.dll engine callback: pfnCVarRegister [sk_headcrab_health3=0]
[2026-03-29 22:33:25.270] [info][general] hl.dll engine callback: pfnCVarRegister [sk_headcrab_dmg_bite1=0]
[2026-03-29 22:33:25.270] [info][general] hl.dll engine callback: pfnCVarRegister [sk_headcrab_dmg_bite2=0]
[2026-03-29 22:33:25.271] [info][general] hl.dll engine callback: pfnCVarRegister [sk_headcrab_dmg_bite3=0]
[2026-03-29 22:33:25.271] [info][general] hl.dll engine callback: pfnCVarRegister [sk_hgrunt_health1=0]
[2026-03-29 22:33:25.271] [info][general] hl.dll engine callback: pfnCVarRegister [sk_hgrunt_health2=0]
[2026-03-29 22:33:25.271] [info][general] hl.dll engine callback: pfnCVarRegister [sk_hgrunt_health3=0]
[2026-03-29 22:33:25.271] [info][general] hl.dll engine callback: pfnCVarRegister [sk_hgrunt_kick1=0]
[2026-03-29 22:33:25.272] [info][general] hl.dll engine callback: pfnCVarRegister [sk_hgrunt_kick2=0]
[2026-03-29 22:33:25.272] [info][general] hl.dll engine callback: pfnCVarRegister [sk_hgrunt_kick3=0]
[2026-03-29 22:33:25.272] [info][general] hl.dll engine callback: pfnCVarRegister [sk_hgrunt_pellets1=0]
[2026-03-29 22:33:25.272] [info][general] hl.dll engine callback: pfnCVarRegister [sk_hgrunt_pellets2=0]
[2026-03-29 22:33:25.273] [info][general] hl.dll engine callback: pfnCVarRegister [sk_hgrunt_pellets3=0]
[2026-03-29 22:33:25.273] [info][general] hl.dll engine callback: pfnCVarRegister [sk_hgrunt_gspeed1=0]
[2026-03-29 22:33:25.273] [info][general] hl.dll engine callback: pfnCVarRegister [sk_hgrunt_gspeed2=0]
[2026-03-29 22:33:25.273] [info][general] hl.dll engine callback: pfnCVarRegister [sk_hgrunt_gspeed3=0]
[2026-03-29 22:33:25.273] [info][general] hl.dll engine callback: pfnCVarRegister [sk_houndeye_health1=0]
[2026-03-29 22:33:25.274] [info][general] hl.dll engine callback: pfnCVarRegister [sk_houndeye_health2=0]
[2026-03-29 22:33:25.274] [info][general] hl.dll engine callback: pfnCVarRegister [sk_houndeye_health3=0]
[2026-03-29 22:33:25.274] [info][general] hl.dll engine callback: pfnCVarRegister [sk_houndeye_dmg_blast1=0]
[2026-03-29 22:33:25.275] [info][general] hl.dll engine callback: pfnCVarRegister [sk_houndeye_dmg_blast2=0]
[2026-03-29 22:33:25.275] [info][general] hl.dll engine callback: pfnCVarRegister [sk_houndeye_dmg_blast3=0]
[2026-03-29 22:33:25.275] [info][general] hl.dll engine callback: pfnCVarRegister [sk_islave_health1=0]
[2026-03-29 22:33:25.276] [info][general] hl.dll engine callback: pfnCVarRegister [sk_islave_health2=0]
[2026-03-29 22:33:25.276] [info][general] hl.dll engine callback: pfnCVarRegister [sk_islave_health3=0]
[2026-03-29 22:33:25.276] [info][general] hl.dll engine callback: pfnCVarRegister [sk_islave_dmg_claw1=0]
[2026-03-29 22:33:25.276] [info][general] hl.dll engine callback: pfnCVarRegister [sk_islave_dmg_claw2=0]
[2026-03-29 22:33:25.277] [info][general] hl.dll engine callback: pfnCVarRegister [sk_islave_dmg_claw3=0]
[2026-03-29 22:33:25.277] [info][general] hl.dll engine callback: pfnCVarRegister [sk_islave_dmg_clawrake1=0]
[2026-03-29 22:33:25.277] [info][general] hl.dll engine callback: pfnCVarRegister [sk_islave_dmg_clawrake2=0]
[2026-03-29 22:33:25.277] [info][general] hl.dll engine callback: pfnCVarRegister [sk_islave_dmg_clawrake3=0]
[2026-03-29 22:33:25.277] [info][general] hl.dll engine callback: pfnCVarRegister [sk_islave_dmg_zap1=0]
[2026-03-29 22:33:25.278] [info][general] hl.dll engine callback: pfnCVarRegister [sk_islave_dmg_zap2=0]
[2026-03-29 22:33:25.278] [info][general] hl.dll engine callback: pfnCVarRegister [sk_islave_dmg_zap3=0]
[2026-03-29 22:33:25.278] [info][general] hl.dll engine callback: pfnCVarRegister [sk_ichthyosaur_health1=0]
[2026-03-29 22:33:25.279] [info][general] hl.dll engine callback: pfnCVarRegister [sk_ichthyosaur_health2=0]
[2026-03-29 22:33:25.279] [info][general] hl.dll engine callback: pfnCVarRegister [sk_ichthyosaur_health3=0]
[2026-03-29 22:33:25.280] [info][general] hl.dll engine callback: pfnCVarRegister [sk_ichthyosaur_shake1=0]
[2026-03-29 22:33:25.281] [info][general] hl.dll engine callback: pfnCVarRegister [sk_ichthyosaur_shake2=0]
[2026-03-29 22:33:25.281] [info][general] hl.dll engine callback: pfnCVarRegister [sk_ichthyosaur_shake3=0]
[2026-03-29 22:33:25.282] [info][general] hl.dll engine callback: pfnCVarRegister [sk_leech_health1=0]
[2026-03-29 22:33:25.282] [info][general] hl.dll engine callback: pfnCVarRegister [sk_leech_health2=0]
[2026-03-29 22:33:25.283] [info][general] hl.dll engine callback: pfnCVarRegister [sk_leech_health3=0]
[2026-03-29 22:33:25.283] [info][general] hl.dll engine callback: pfnCVarRegister [sk_leech_dmg_bite1=0]
[2026-03-29 22:33:25.283] [info][general] hl.dll engine callback: pfnCVarRegister [sk_leech_dmg_bite2=0]
[2026-03-29 22:33:25.283] [info][general] hl.dll engine callback: pfnCVarRegister [sk_leech_dmg_bite3=0]
[2026-03-29 22:33:25.284] [info][general] hl.dll engine callback: pfnCVarRegister [sk_controller_health1=0]
[2026-03-29 22:33:25.284] [info][general] hl.dll engine callback: pfnCVarRegister [sk_controller_health2=0]
[2026-03-29 22:33:25.285] [info][general] hl.dll engine callback: pfnCVarRegister [sk_controller_health3=0]
[2026-03-29 22:33:25.285] [info][general] hl.dll engine callback: pfnCVarRegister [sk_controller_dmgzap1=0]
[2026-03-29 22:33:25.285] [info][general] hl.dll engine callback: pfnCVarRegister [sk_controller_dmgzap2=0]
[2026-03-29 22:33:25.285] [info][general] hl.dll engine callback: pfnCVarRegister [sk_controller_dmgzap3=0]
[2026-03-29 22:33:25.286] [info][general] hl.dll engine callback: pfnCVarRegister [sk_controller_speedball1=0]
[2026-03-29 22:33:25.286] [info][general] hl.dll engine callback: pfnCVarRegister [sk_controller_speedball2=0]
[2026-03-29 22:33:25.286] [info][general] hl.dll engine callback: pfnCVarRegister [sk_controller_speedball3=0]
[2026-03-29 22:33:25.286] [info][general] hl.dll engine callback: pfnCVarRegister [sk_controller_dmgball1=0]
[2026-03-29 22:33:25.286] [info][general] hl.dll engine callback: pfnCVarRegister [sk_controller_dmgball2=0]
[2026-03-29 22:33:25.287] [info][general] hl.dll engine callback: pfnCVarRegister [sk_controller_dmgball3=0]
[2026-03-29 22:33:25.287] [info][general] hl.dll engine callback: pfnCVarRegister [sk_nihilanth_health1=0]
[2026-03-29 22:33:25.287] [info][general] hl.dll engine callback: pfnCVarRegister [sk_nihilanth_health2=0]
[2026-03-29 22:33:25.288] [info][general] hl.dll engine callback: pfnCVarRegister [sk_nihilanth_health3=0]
[2026-03-29 22:33:25.288] [info][general] hl.dll engine callback: pfnCVarRegister [sk_nihilanth_zap1=0]
[2026-03-29 22:33:25.288] [info][general] hl.dll engine callback: pfnCVarRegister [sk_nihilanth_zap2=0]
[2026-03-29 22:33:25.289] [info][general] hl.dll engine callback: pfnCVarRegister [sk_nihilanth_zap3=0]
[2026-03-29 22:33:25.289] [info][general] hl.dll engine callback: pfnCVarRegister [sk_scientist_health1=0]
[2026-03-29 22:33:25.290] [info][general] hl.dll engine callback: pfnCVarRegister [sk_scientist_health2=0]
[2026-03-29 22:33:25.290] [info][general] hl.dll engine callback: pfnCVarRegister [sk_scientist_health3=0]
[2026-03-29 22:33:25.290] [info][general] hl.dll engine callback: pfnCVarRegister [sk_snark_health1=0]
[2026-03-29 22:33:25.290] [info][general] hl.dll engine callback: pfnCVarRegister [sk_snark_health2=0]
[2026-03-29 22:33:25.291] [info][general] hl.dll engine callback: pfnCVarRegister [sk_snark_health3=0]
[2026-03-29 22:33:25.291] [info][general] hl.dll engine callback: pfnCVarRegister [sk_snark_dmg_bite1=0]
[2026-03-29 22:33:25.291] [info][general] hl.dll engine callback: pfnCVarRegister [sk_snark_dmg_bite2=0]
[2026-03-29 22:33:25.291] [info][general] hl.dll engine callback: pfnCVarRegister [sk_snark_dmg_bite3=0]
[2026-03-29 22:33:25.292] [info][general] hl.dll engine callback: pfnCVarRegister [sk_snark_dmg_pop1=0]
[2026-03-29 22:33:25.292] [info][general] hl.dll engine callback: pfnCVarRegister [sk_snark_dmg_pop2=0]
[2026-03-29 22:33:25.292] [info][general] hl.dll engine callback: pfnCVarRegister [sk_snark_dmg_pop3=0]
[2026-03-29 22:33:25.292] [info][general] hl.dll engine callback: pfnCVarRegister [sk_zombie_health1=0]
[2026-03-29 22:33:25.292] [info][general] hl.dll engine callback: pfnCVarRegister [sk_zombie_health2=0]
[2026-03-29 22:33:25.293] [info][general] hl.dll engine callback: pfnCVarRegister [sk_zombie_health3=0]
[2026-03-29 22:33:25.293] [info][general] hl.dll engine callback: pfnCVarRegister [sk_zombie_dmg_one_slash1=0]
[2026-03-29 22:33:25.293] [info][general] hl.dll engine callback: pfnCVarRegister [sk_zombie_dmg_one_slash2=0]
[2026-03-29 22:33:25.294] [info][general] hl.dll engine callback: pfnCVarRegister [sk_zombie_dmg_one_slash3=0]
[2026-03-29 22:33:25.294] [info][general] hl.dll engine callback: pfnCVarRegister [sk_zombie_dmg_both_slash1=0]
[2026-03-29 22:33:25.294] [info][general] hl.dll engine callback: pfnCVarRegister [sk_zombie_dmg_both_slash2=0]
[2026-03-29 22:33:25.295] [info][general] hl.dll engine callback: pfnCVarRegister [sk_zombie_dmg_both_slash3=0]
[2026-03-29 22:33:25.295] [info][general] hl.dll engine callback: pfnCVarRegister [sk_turret_health1=0]
[2026-03-29 22:33:25.295] [info][general] hl.dll engine callback: pfnCVarRegister [sk_turret_health2=0]
[2026-03-29 22:33:25.296] [info][general] hl.dll engine callback: pfnCVarRegister [sk_turret_health3=0]
[2026-03-29 22:33:25.296] [info][general] hl.dll engine callback: pfnCVarRegister [sk_miniturret_health1=0]
[2026-03-29 22:33:25.296] [info][general] hl.dll engine callback: pfnCVarRegister [sk_miniturret_health2=0]
[2026-03-29 22:33:25.296] [info][general] hl.dll engine callback: pfnCVarRegister [sk_miniturret_health3=0]
[2026-03-29 22:33:25.297] [info][general] hl.dll engine callback: pfnCVarRegister [sk_sentry_health1=0]
[2026-03-29 22:33:25.297] [info][general] hl.dll engine callback: pfnCVarRegister [sk_sentry_health2=0]
[2026-03-29 22:33:25.297] [info][general] hl.dll engine callback: pfnCVarRegister [sk_sentry_health3=0]
[2026-03-29 22:33:25.297] [info][general] hl.dll engine callback: pfnCVarRegister [sk_plr_crowbar1=0]
[2026-03-29 22:33:25.297] [info][general] hl.dll engine callback: pfnCVarRegister [sk_plr_crowbar2=0]
[2026-03-29 22:33:25.298] [info][general] hl.dll engine callback: pfnCVarRegister [sk_plr_crowbar3=0]
[2026-03-29 22:33:25.298] [info][general] hl.dll engine callback: pfnCVarRegister [sk_plr_9mm_bullet1=0]
[2026-03-29 22:33:25.298] [info][general] hl.dll engine callback: pfnCVarRegister [sk_plr_9mm_bullet2=0]
[2026-03-29 22:33:25.298] [info][general] hl.dll engine callback: pfnCVarRegister [sk_plr_9mm_bullet3=0]
[2026-03-29 22:33:25.299] [info][general] hl.dll engine callback: pfnCVarRegister [sk_plr_357_bullet1=0]
[2026-03-29 22:33:25.299] [info][general] hl.dll engine callback: pfnCVarRegister [sk_plr_357_bullet2=0]
[2026-03-29 22:33:25.299] [info][general] hl.dll engine callback: pfnCVarRegister [sk_plr_357_bullet3=0]
[2026-03-29 22:33:25.299] [info][general] hl.dll engine callback: pfnCVarRegister [sk_plr_9mmAR_bullet1=0]
[2026-03-29 22:33:25.300] [info][general] hl.dll engine callback: pfnCVarRegister [sk_plr_9mmAR_bullet2=0]
[2026-03-29 22:33:25.300] [info][general] hl.dll engine callback: pfnCVarRegister [sk_plr_9mmAR_bullet3=0]
[2026-03-29 22:33:25.300] [info][general] hl.dll engine callback: pfnCVarRegister [sk_plr_9mmAR_grenade1=0]
[2026-03-29 22:33:25.300] [info][general] hl.dll engine callback: pfnCVarRegister [sk_plr_9mmAR_grenade2=0]
[2026-03-29 22:33:25.301] [info][general] hl.dll engine callback: pfnCVarRegister [sk_plr_9mmAR_grenade3=0]
[2026-03-29 22:33:25.301] [info][general] hl.dll engine callback: pfnCVarRegister [sk_plr_buckshot1=0]
[2026-03-29 22:33:25.301] [info][general] hl.dll engine callback: pfnCVarRegister [sk_plr_buckshot2=0]
[2026-03-29 22:33:25.301] [info][general] hl.dll engine callback: pfnCVarRegister [sk_plr_buckshot3=0]
[2026-03-29 22:33:25.302] [info][general] hl.dll engine callback: pfnCVarRegister [sk_plr_xbow_bolt_monster1=0]
[2026-03-29 22:33:25.302] [info][general] hl.dll engine callback: pfnCVarRegister [sk_plr_xbow_bolt_monster2=0]
[2026-03-29 22:33:25.302] [info][general] hl.dll engine callback: pfnCVarRegister [sk_plr_xbow_bolt_monster3=0]
[2026-03-29 22:33:25.302] [info][general] hl.dll engine callback: pfnCVarRegister [sk_plr_xbow_bolt_client1=0]
[2026-03-29 22:33:25.302] [info][general] hl.dll engine callback: pfnCVarRegister [sk_plr_xbow_bolt_client2=0]
[2026-03-29 22:33:25.303] [info][general] hl.dll engine callback: pfnCVarRegister [sk_plr_xbow_bolt_client3=0]
[2026-03-29 22:33:25.303] [info][general] hl.dll engine callback: pfnCVarRegister [sk_plr_rpg1=0]
[2026-03-29 22:33:25.303] [info][general] hl.dll engine callback: pfnCVarRegister [sk_plr_rpg2=0]
[2026-03-29 22:33:25.303] [info][general] hl.dll engine callback: pfnCVarRegister [sk_plr_rpg3=0]
[2026-03-29 22:33:25.304] [info][general] hl.dll engine callback: pfnCVarRegister [sk_plr_gauss1=0]
[2026-03-29 22:33:25.304] [info][general] hl.dll engine callback: pfnCVarRegister [sk_plr_gauss2=0]
[2026-03-29 22:33:25.304] [info][general] hl.dll engine callback: pfnCVarRegister [sk_plr_gauss3=0]
[2026-03-29 22:33:25.304] [info][general] hl.dll engine callback: pfnCVarRegister [sk_plr_egon_narrow1=0]
[2026-03-29 22:33:25.305] [info][general] hl.dll engine callback: pfnCVarRegister [sk_plr_egon_narrow2=0]
[2026-03-29 22:33:25.305] [info][general] hl.dll engine callback: pfnCVarRegister [sk_plr_egon_narrow3=0]
[2026-03-29 22:33:25.305] [info][general] hl.dll engine callback: pfnCVarRegister [sk_plr_egon_wide1=0]
[2026-03-29 22:33:25.305] [info][general] hl.dll engine callback: pfnCVarRegister [sk_plr_egon_wide2=0]
[2026-03-29 22:33:25.306] [info][general] hl.dll engine callback: pfnCVarRegister [sk_plr_egon_wide3=0]
[2026-03-29 22:33:25.306] [info][general] hl.dll engine callback: pfnCVarRegister [sk_plr_hand_grenade1=0]
[2026-03-29 22:33:25.306] [info][general] hl.dll engine callback: pfnCVarRegister [sk_plr_hand_grenade2=0]
[2026-03-29 22:33:25.306] [info][general] hl.dll engine callback: pfnCVarRegister [sk_plr_hand_grenade3=0]
[2026-03-29 22:33:25.306] [info][general] hl.dll engine callback: pfnCVarRegister [sk_plr_satchel1=0]
[2026-03-29 22:33:25.307] [info][general] hl.dll engine callback: pfnCVarRegister [sk_plr_satchel2=0]
[2026-03-29 22:33:25.307] [info][general] hl.dll engine callback: pfnCVarRegister [sk_plr_satchel3=0]
[2026-03-29 22:33:25.307] [info][general] hl.dll engine callback: pfnCVarRegister [sk_plr_tripmine1=0]
[2026-03-29 22:33:25.307] [info][general] hl.dll engine callback: pfnCVarRegister [sk_plr_tripmine2=0]
[2026-03-29 22:33:25.307] [info][general] hl.dll engine callback: pfnCVarRegister [sk_plr_tripmine3=0]
[2026-03-29 22:33:25.308] [info][general] hl.dll engine callback: pfnCVarRegister [sk_12mm_bullet1=0]
[2026-03-29 22:33:25.308] [info][general] hl.dll engine callback: pfnCVarRegister [sk_12mm_bullet2=0]
[2026-03-29 22:33:25.308] [info][general] hl.dll engine callback: pfnCVarRegister [sk_12mm_bullet3=0]
[2026-03-29 22:33:25.308] [info][general] hl.dll engine callback: pfnCVarRegister [sk_9mmAR_bullet1=0]
[2026-03-29 22:33:25.309] [info][general] hl.dll engine callback: pfnCVarRegister [sk_9mmAR_bullet2=0]
[2026-03-29 22:33:25.309] [info][general] hl.dll engine callback: pfnCVarRegister [sk_9mmAR_bullet3=0]
[2026-03-29 22:33:25.309] [info][general] hl.dll engine callback: pfnCVarRegister [sk_9mm_bullet1=0]
[2026-03-29 22:33:25.309] [info][general] hl.dll engine callback: pfnCVarRegister [sk_9mm_bullet2=0]
[2026-03-29 22:33:25.310] [info][general] hl.dll engine callback: pfnCVarRegister [sk_9mm_bullet3=0]
[2026-03-29 22:33:25.310] [info][general] hl.dll engine callback: pfnCVarRegister [sk_hornet_dmg1=0]
[2026-03-29 22:33:25.311] [info][general] hl.dll engine callback: pfnCVarRegister [sk_hornet_dmg2=0]
[2026-03-29 22:33:25.311] [info][general] hl.dll engine callback: pfnCVarRegister [sk_hornet_dmg3=0]
[2026-03-29 22:33:25.311] [info][general] hl.dll engine callback: pfnCVarRegister [sk_suitcharger1=0]
[2026-03-29 22:33:25.312] [info][general] hl.dll engine callback: pfnCVarRegister [sk_suitcharger2=0]
[2026-03-29 22:33:25.312] [info][general] hl.dll engine callback: pfnCVarRegister [sk_suitcharger3=0]
[2026-03-29 22:33:25.312] [info][general] hl.dll engine callback: pfnCVarRegister [sk_battery1=0]
[2026-03-29 22:33:25.312] [info][general] hl.dll engine callback: pfnCVarRegister [sk_battery2=0]
[2026-03-29 22:33:25.313] [info][general] hl.dll engine callback: pfnCVarRegister [sk_battery3=0]
[2026-03-29 22:33:25.313] [info][general] hl.dll engine callback: pfnCVarRegister [sk_healthcharger1=0]
[2026-03-29 22:33:25.313] [info][general] hl.dll engine callback: pfnCVarRegister [sk_healthcharger2=0]
[2026-03-29 22:33:25.313] [info][general] hl.dll engine callback: pfnCVarRegister [sk_healthcharger3=0]
[2026-03-29 22:33:25.314] [info][general] hl.dll engine callback: pfnCVarRegister [sk_healthkit1=0]
[2026-03-29 22:33:25.314] [info][general] hl.dll engine callback: pfnCVarRegister [sk_healthkit2=0]
[2026-03-29 22:33:25.314] [info][general] hl.dll engine callback: pfnCVarRegister [sk_healthkit3=0]
[2026-03-29 22:33:25.314] [info][general] hl.dll engine callback: pfnCVarRegister [sk_scientist_heal1=0]
[2026-03-29 22:33:25.315] [info][general] hl.dll engine callback: pfnCVarRegister [sk_scientist_heal2=0]
[2026-03-29 22:33:25.315] [info][general] hl.dll engine callback: pfnCVarRegister [sk_scientist_heal3=0]
[2026-03-29 22:33:25.315] [info][general] hl.dll engine callback: pfnCVarRegister [sk_monster_head1=2]
[2026-03-29 22:33:25.315] [info][general] hl.dll engine callback: pfnCVarRegister [sk_monster_head2=2]
[2026-03-29 22:33:25.316] [info][general] hl.dll engine callback: pfnCVarRegister [sk_monster_head3=2]
[2026-03-29 22:33:25.317] [info][general] hl.dll engine callback: pfnCVarRegister [sk_monster_chest1=1]
[2026-03-29 22:33:25.317] [info][general] hl.dll engine callback: pfnCVarRegister [sk_monster_chest2=1]
[2026-03-29 22:33:25.317] [info][general] hl.dll engine callback: pfnCVarRegister [sk_monster_chest3=1]
[2026-03-29 22:33:25.318] [info][general] hl.dll engine callback: pfnCVarRegister [sk_monster_stomach1=1]
[2026-03-29 22:33:25.318] [info][general] hl.dll engine callback: pfnCVarRegister [sk_monster_stomach2=1]
[2026-03-29 22:33:25.318] [info][general] hl.dll engine callback: pfnCVarRegister [sk_monster_stomach3=1]
[2026-03-29 22:33:25.319] [info][general] hl.dll engine callback: pfnCVarRegister [sk_monster_arm1=1]
[2026-03-29 22:33:25.319] [info][general] hl.dll engine callback: pfnCVarRegister [sk_monster_arm2=1]
[2026-03-29 22:33:25.319] [info][general] hl.dll engine callback: pfnCVarRegister [sk_monster_arm3=1]
[2026-03-29 22:33:25.319] [info][general] hl.dll engine callback: pfnCVarRegister [sk_monster_leg1=1]
[2026-03-29 22:33:25.319] [info][general] hl.dll engine callback: pfnCVarRegister [sk_monster_leg2=1]
[2026-03-29 22:33:25.320] [info][general] hl.dll engine callback: pfnCVarRegister [sk_monster_leg3=1]
[2026-03-29 22:33:25.320] [info][general] hl.dll engine callback: pfnCVarRegister [sk_player_head1=2]
[2026-03-29 22:33:25.320] [info][general] hl.dll engine callback: pfnCVarRegister [sk_player_head2=2]
[2026-03-29 22:33:25.321] [info][general] hl.dll engine callback: pfnCVarRegister [sk_player_head3=2]
[2026-03-29 22:33:25.321] [info][general] hl.dll engine callback: pfnCVarRegister [sk_player_chest1=1]
[2026-03-29 22:33:25.321] [info][general] hl.dll engine callback: pfnCVarRegister [sk_player_chest2=1]
[2026-03-29 22:33:25.321] [info][general] hl.dll engine callback: pfnCVarRegister [sk_player_chest3=1]
[2026-03-29 22:33:25.322] [info][general] hl.dll engine callback: pfnCVarRegister [sk_player_stomach1=1]
[2026-03-29 22:33:25.322] [info][general] hl.dll engine callback: pfnCVarRegister [sk_player_stomach2=1]
[2026-03-29 22:33:25.322] [info][general] hl.dll engine callback: pfnCVarRegister [sk_player_stomach3=1]
[2026-03-29 22:33:25.322] [info][general] hl.dll engine callback: pfnCVarRegister [sk_player_arm1=1]
[2026-03-29 22:33:25.322] [info][general] hl.dll engine callback: pfnCVarRegister [sk_player_arm2=1]
[2026-03-29 22:33:25.323] [info][general] hl.dll engine callback: pfnCVarRegister [sk_player_arm3=1]
[2026-03-29 22:33:25.323] [info][general] hl.dll engine callback: pfnCVarRegister [sk_player_leg1=1]
[2026-03-29 22:33:25.323] [info][general] hl.dll engine callback: pfnCVarRegister [sk_player_leg2=1]
[2026-03-29 22:33:25.323] [info][general] hl.dll engine callback: pfnCVarRegister [sk_player_leg3=1]
[2026-03-29 22:33:25.324] [info][general] hl.dll engine callback: pfnCVarRegister [sv_pushable_fixed_tick_fudge=15]
[2026-03-29 22:33:25.324] [info][general] hl.dll engine callback: pfnServerCommand [exec skill.cfg]
[2026-03-29 22:33:25.324] [info][general] Queued server command: exec skill.cfg (pending=1)
[2026-03-29 22:33:25.324] [info][general] Server command queue before execute [post-pfnGameInit]:
[2026-03-29 22:33:25.325] [info][general]   - queued total: 1
[2026-03-29 22:33:25.325] [info][general]   - executed total: 0
[2026-03-29 22:33:25.325] [info][general]   - pending total: 1
[2026-03-29 22:33:25.325] [info][general]   - pending commands:
[2026-03-29 22:33:25.325] [info][general]     * exec skill.cfg
[2026-03-29 22:33:25.326] [info][general] Executing server command: exec skill.cfg
[2026-03-29 22:33:25.326] [info][general] CFG resolve: D:\Steam\steamapps\common\Half-Life\valve\skill.cfg (exists)
[2026-03-29 22:33:25.327] [info][general] Executing cfg file: D:\Steam\steamapps\common\Half-Life\valve\skill.cfg
[2026-03-29 22:33:25.327] [info][general] Applied cfg value: sk_agrunt_health1 = 60
[2026-03-29 22:33:25.328] [info][general] Applied cfg value: sk_agrunt_health2 = 90
[2026-03-29 22:33:25.328] [info][general] Applied cfg value: sk_agrunt_health3 = 120
[2026-03-29 22:33:25.328] [info][general] Applied cfg value: sk_agrunt_dmg_punch1 = 10
[2026-03-29 22:33:25.329] [info][general] Applied cfg value: sk_agrunt_dmg_punch2 = 20
[2026-03-29 22:33:25.329] [info][general] Applied cfg value: sk_agrunt_dmg_punch3 = 20
[2026-03-29 22:33:25.329] [info][general] Applied cfg value: sk_apache_health1 = 150
[2026-03-29 22:33:25.329] [info][general] Applied cfg value: sk_apache_health2 = 250
[2026-03-29 22:33:25.329] [info][general] Applied cfg value: sk_apache_health3 = 400
[2026-03-29 22:33:25.330] [info][general] Applied cfg value: sk_barney_health1 = 35
[2026-03-29 22:33:25.330] [info][general] Applied cfg value: sk_barney_health2 = 35
[2026-03-29 22:33:25.330] [info][general] Applied cfg value: sk_barney_health3 = 35
[2026-03-29 22:33:25.331] [info][general] Applied cfg value: sk_bullsquid_health1 = 40
[2026-03-29 22:33:25.331] [info][general] Applied cfg value: sk_bullsquid_health2 = 40
[2026-03-29 22:33:25.331] [info][general] Applied cfg value: sk_bullsquid_health3 = 120
[2026-03-29 22:33:25.332] [info][general] Applied cfg value: sk_bullsquid_dmg_bite1 = 15
[2026-03-29 22:33:25.332] [info][general] Applied cfg value: sk_bullsquid_dmg_bite2 = 25
[2026-03-29 22:33:25.332] [info][general] Applied cfg value: sk_bullsquid_dmg_bite3 = 25
[2026-03-29 22:33:25.332] [info][general] Applied cfg value: sk_bullsquid_dmg_whip1 = 25
[2026-03-29 22:33:25.333] [info][general] Applied cfg value: sk_bullsquid_dmg_whip2 = 35
[2026-03-29 22:33:25.333] [info][general] Applied cfg value: sk_bullsquid_dmg_whip3 = 35
[2026-03-29 22:33:25.333] [info][general] Applied cfg value: sk_bullsquid_dmg_spit1 = 10
[2026-03-29 22:33:25.333] [info][general] Applied cfg value: sk_bullsquid_dmg_spit2 = 10
[2026-03-29 22:33:25.334] [info][general] Applied cfg value: sk_bullsquid_dmg_spit3 = 15
[2026-03-29 22:33:25.334] [info][general] Applied cfg value: sk_bigmomma_health_factor1 = 1.0
[2026-03-29 22:33:25.334] [info][general] Applied cfg value: sk_bigmomma_health_factor2 = 1.5
[2026-03-29 22:33:25.334] [info][general] Applied cfg value: sk_bigmomma_health_factor3 = 2
[2026-03-29 22:33:25.334] [info][general] Applied cfg value: sk_bigmomma_dmg_slash1 = 50
[2026-03-29 22:33:25.335] [info][general] Applied cfg value: sk_bigmomma_dmg_slash2 = 60
[2026-03-29 22:33:25.335] [info][general] Applied cfg value: sk_bigmomma_dmg_slash3 = 70
[2026-03-29 22:33:25.335] [info][general] Applied cfg value: sk_bigmomma_dmg_blast1 = 100
[2026-03-29 22:33:25.335] [info][general] Applied cfg value: sk_bigmomma_dmg_blast2 = 120
[2026-03-29 22:33:25.335] [info][general] Applied cfg value: sk_bigmomma_dmg_blast3 = 160
[2026-03-29 22:33:25.336] [info][general] Applied cfg value: sk_bigmomma_radius_blast1 = 250
[2026-03-29 22:33:25.336] [info][general] Applied cfg value: sk_bigmomma_radius_blast2 = 250
[2026-03-29 22:33:25.336] [info][general] Applied cfg value: sk_bigmomma_radius_blast3 = 275
[2026-03-29 22:33:25.336] [info][general] Applied cfg value: sk_gargantua_health1 = 800
[2026-03-29 22:33:25.336] [info][general] Applied cfg value: sk_gargantua_health2 = 800
[2026-03-29 22:33:25.336] [info][general] Applied cfg value: sk_gargantua_health3 = 1000
[2026-03-29 22:33:25.337] [info][general] Applied cfg value: sk_gargantua_dmg_slash1 = 10
[2026-03-29 22:33:25.337] [info][general] Applied cfg value: sk_gargantua_dmg_slash2 = 30
[2026-03-29 22:33:25.338] [info][general] Applied cfg value: sk_gargantua_dmg_slash3 = 30
[2026-03-29 22:33:25.338] [info][general] Applied cfg value: sk_gargantua_dmg_fire1 = 3
[2026-03-29 22:33:25.338] [info][general] Applied cfg value: sk_gargantua_dmg_fire2 = 5
[2026-03-29 22:33:25.338] [info][general] Applied cfg value: sk_gargantua_dmg_fire3 = 5
[2026-03-29 22:33:25.338] [info][general] Applied cfg value: sk_gargantua_dmg_stomp1 = 50
[2026-03-29 22:33:25.338] [info][general] Applied cfg value: sk_gargantua_dmg_stomp2 = 100
[2026-03-29 22:33:25.339] [info][general] Applied cfg value: sk_gargantua_dmg_stomp3 = 100
[2026-03-29 22:33:25.339] [info][general] Applied cfg value: sk_hassassin_health1 = 30
[2026-03-29 22:33:25.339] [info][general] Applied cfg value: sk_hassassin_health2 = 50
[2026-03-29 22:33:25.339] [info][general] Applied cfg value: sk_hassassin_health3 = 50
[2026-03-29 22:33:25.339] [info][general] Applied cfg value: sk_headcrab_health1 = 10
[2026-03-29 22:33:25.339] [info][general] Applied cfg value: sk_headcrab_health2 = 10
[2026-03-29 22:33:25.340] [info][general] Applied cfg value: sk_headcrab_health3 = 20
[2026-03-29 22:33:25.340] [info][general] Applied cfg value: sk_headcrab_dmg_bite1 = 5
[2026-03-29 22:33:25.340] [info][general] Applied cfg value: sk_headcrab_dmg_bite2 = 10
[2026-03-29 22:33:25.340] [info][general] Applied cfg value: sk_headcrab_dmg_bite3 = 10
[2026-03-29 22:33:25.340] [info][general] Applied cfg value: sk_hgrunt_health1 = 50
[2026-03-29 22:33:25.341] [info][general] Applied cfg value: sk_hgrunt_health2 = 50
[2026-03-29 22:33:25.341] [info][general] Applied cfg value: sk_hgrunt_health3 = 80
[2026-03-29 22:33:25.341] [info][general] Applied cfg value: sk_hgrunt_kick1 = 5
[2026-03-29 22:33:25.342] [info][general] Applied cfg value: sk_hgrunt_kick2 = 10
[2026-03-29 22:33:25.342] [info][general] Applied cfg value: sk_hgrunt_kick3 = 10
[2026-03-29 22:33:25.342] [info][general] Applied cfg value: sk_hgrunt_pellets1 = 3
[2026-03-29 22:33:25.342] [info][general] Applied cfg value: sk_hgrunt_pellets2 = 5
[2026-03-29 22:33:25.343] [info][general] Applied cfg value: sk_hgrunt_pellets3 = 6
[2026-03-29 22:33:25.343] [info][general] Applied cfg value: sk_hgrunt_gspeed1 = 400
[2026-03-29 22:33:25.343] [info][general] Applied cfg value: sk_hgrunt_gspeed2 = 600
[2026-03-29 22:33:25.343] [info][general] Applied cfg value: sk_hgrunt_gspeed3 = 800
[2026-03-29 22:33:25.343] [info][general] Applied cfg value: sk_houndeye_health1 = 20
[2026-03-29 22:33:25.344] [info][general] Applied cfg value: sk_houndeye_health2 = 20
[2026-03-29 22:33:25.344] [info][general] Applied cfg value: sk_houndeye_health3 = 30
[2026-03-29 22:33:25.344] [info][general] Applied cfg value: sk_houndeye_dmg_blast1 = 10
[2026-03-29 22:33:25.344] [info][general] Applied cfg value: sk_houndeye_dmg_blast2 = 15
[2026-03-29 22:33:25.344] [info][general] Applied cfg value: sk_houndeye_dmg_blast3 = 15
[2026-03-29 22:33:25.345] [info][general] Applied cfg value: sk_islave_health1 = 30
[2026-03-29 22:33:25.345] [info][general] Applied cfg value: sk_islave_health2 = 30
[2026-03-29 22:33:25.345] [info][general] Applied cfg value: sk_islave_health3 = 60
[2026-03-29 22:33:25.345] [info][general] Applied cfg value: sk_islave_dmg_claw1 = 8
[2026-03-29 22:33:25.345] [info][general] Applied cfg value: sk_islave_dmg_claw2 = 10
[2026-03-29 22:33:25.346] [info][general] Applied cfg value: sk_islave_dmg_claw3 = 10
[2026-03-29 22:33:25.346] [info][general] Applied cfg value: sk_islave_dmg_clawrake1 = 25
[2026-03-29 22:33:25.346] [info][general] Applied cfg value: sk_islave_dmg_clawrake2 = 25
[2026-03-29 22:33:25.346] [info][general] Applied cfg value: sk_islave_dmg_clawrake3 = 25
[2026-03-29 22:33:25.346] [info][general] Applied cfg value: sk_islave_dmg_zap1 = 10
[2026-03-29 22:33:25.347] [info][general] Applied cfg value: sk_islave_dmg_zap2 = 10
[2026-03-29 22:33:25.347] [info][general] Applied cfg value: sk_islave_dmg_zap3 = 15
[2026-03-29 22:33:25.347] [info][general] Applied cfg value: sk_ichthyosaur_health1 = 200
[2026-03-29 22:33:25.347] [info][general] Applied cfg value: sk_ichthyosaur_health2 = 200
[2026-03-29 22:33:25.348] [info][general] Applied cfg value: sk_ichthyosaur_health3 = 400
[2026-03-29 22:33:25.348] [info][general] Applied cfg value: sk_ichthyosaur_shake1 = 20
[2026-03-29 22:33:25.348] [info][general] Applied cfg value: sk_ichthyosaur_shake2 = 35
[2026-03-29 22:33:25.348] [info][general] Applied cfg value: sk_ichthyosaur_shake3 = 50
[2026-03-29 22:33:25.348] [info][general] Applied cfg value: sk_leech_health1 = 2
[2026-03-29 22:33:25.349] [info][general] Applied cfg value: sk_leech_health2 = 2
[2026-03-29 22:33:25.349] [info][general] Applied cfg value: sk_leech_health3 = 2
[2026-03-29 22:33:25.349] [info][general] Applied cfg value: sk_leech_dmg_bite1 = 2
[2026-03-29 22:33:25.349] [info][general] Applied cfg value: sk_leech_dmg_bite2 = 2
[2026-03-29 22:33:25.349] [info][general] Applied cfg value: sk_leech_dmg_bite3 = 2
[2026-03-29 22:33:25.349] [info][general] Applied cfg value: sk_controller_health1 = 60
[2026-03-29 22:33:25.350] [info][general] Applied cfg value: sk_controller_health2 = 60
[2026-03-29 22:33:25.350] [info][general] Applied cfg value: sk_controller_health3 = 100
[2026-03-29 22:33:25.350] [info][general] Applied cfg value: sk_controller_dmgzap1 = 15
[2026-03-29 22:33:25.350] [info][general] Applied cfg value: sk_controller_dmgzap2 = 25
[2026-03-29 22:33:25.350] [info][general] Applied cfg value: sk_controller_dmgzap3 = 35
[2026-03-29 22:33:25.350] [info][general] Applied cfg value: sk_controller_speedball1 = 650
[2026-03-29 22:33:25.351] [info][general] Applied cfg value: sk_controller_speedball2 = 800
[2026-03-29 22:33:25.351] [info][general] Applied cfg value: sk_controller_speedball3 = 1000
[2026-03-29 22:33:25.351] [info][general] Applied cfg value: sk_controller_dmgball1 = 3
[2026-03-29 22:33:25.351] [info][general] Applied cfg value: sk_controller_dmgball2 = 4
[2026-03-29 22:33:25.351] [info][general] Applied cfg value: sk_controller_dmgball3 = 5
[2026-03-29 22:33:25.352] [info][general] Applied cfg value: sk_nihilanth_health1 = 800
[2026-03-29 22:33:25.352] [info][general] Applied cfg value: sk_nihilanth_health2 = 800
[2026-03-29 22:33:25.352] [info][general] Applied cfg value: sk_nihilanth_health3 = 1000
[2026-03-29 22:33:25.352] [info][general] Applied cfg value: sk_nihilanth_zap1 = 30
[2026-03-29 22:33:25.352] [info][general] Applied cfg value: sk_nihilanth_zap2 = 30
[2026-03-29 22:33:25.353] [info][general] Applied cfg value: sk_nihilanth_zap3 = 50
[2026-03-29 22:33:25.353] [info][general] Applied cfg value: sk_scientist_health1 = 20
[2026-03-29 22:33:25.353] [info][general] Applied cfg value: sk_scientist_health2 = 20
[2026-03-29 22:33:25.354] [info][general] Applied cfg value: sk_scientist_health3 = 20
[2026-03-29 22:33:25.354] [info][general] Applied cfg value: sk_snark_health1 = 2
[2026-03-29 22:33:25.354] [info][general] Applied cfg value: sk_snark_health2 = 2
[2026-03-29 22:33:25.354] [info][general] Applied cfg value: sk_snark_health3 = 2
[2026-03-29 22:33:25.354] [info][general] Applied cfg value: sk_snark_dmg_bite1 = 10
[2026-03-29 22:33:25.354] [info][general] Applied cfg value: sk_snark_dmg_bite2 = 10
[2026-03-29 22:33:25.355] [info][general] Applied cfg value: sk_snark_dmg_bite3 = 10
[2026-03-29 22:33:25.355] [info][general] Applied cfg value: sk_snark_dmg_pop1 = 5
[2026-03-29 22:33:25.355] [info][general] Applied cfg value: sk_snark_dmg_pop2 = 5
[2026-03-29 22:33:25.355] [info][general] Applied cfg value: sk_snark_dmg_pop3 = 5
[2026-03-29 22:33:25.355] [info][general] Applied cfg value: sk_zombie_health1 = 50
[2026-03-29 22:33:25.356] [info][general] Applied cfg value: sk_zombie_health2 = 50
[2026-03-29 22:33:25.356] [info][general] Applied cfg value: sk_zombie_health3 = 100
[2026-03-29 22:33:25.356] [info][general] Applied cfg value: sk_zombie_dmg_one_slash1 = 10
[2026-03-29 22:33:25.356] [info][general] Applied cfg value: sk_zombie_dmg_one_slash2 = 20
[2026-03-29 22:33:25.356] [info][general] Applied cfg value: sk_zombie_dmg_one_slash3 = 20
[2026-03-29 22:33:25.357] [info][general] Applied cfg value: sk_zombie_dmg_both_slash1 = 25
[2026-03-29 22:33:25.357] [info][general] Applied cfg value: sk_zombie_dmg_both_slash2 = 40
[2026-03-29 22:33:25.357] [info][general] Applied cfg value: sk_zombie_dmg_both_slash3 = 40
[2026-03-29 22:33:25.357] [info][general] Applied cfg value: sk_turret_health1 = 50
[2026-03-29 22:33:25.357] [info][general] Applied cfg value: sk_turret_health2 = 50
[2026-03-29 22:33:25.358] [info][general] Applied cfg value: sk_turret_health3 = 60
[2026-03-29 22:33:25.358] [info][general] Applied cfg value: sk_miniturret_health1 = 40
[2026-03-29 22:33:25.358] [info][general] Applied cfg value: sk_miniturret_health2 = 40
[2026-03-29 22:33:25.358] [info][general] Applied cfg value: sk_miniturret_health3 = 50
[2026-03-29 22:33:25.358] [info][general] Applied cfg value: sk_sentry_health1 = 40
[2026-03-29 22:33:25.359] [info][general] Applied cfg value: sk_sentry_health2 = 40
[2026-03-29 22:33:25.359] [info][general] Applied cfg value: sk_sentry_health3 = 50
[2026-03-29 22:33:25.359] [info][general] Applied cfg value: sk_plr_crowbar1 = 10
[2026-03-29 22:33:25.359] [info][general] Applied cfg value: sk_plr_crowbar2 = 10
[2026-03-29 22:33:25.359] [info][general] Applied cfg value: sk_plr_crowbar3 = 10
[2026-03-29 22:33:25.359] [info][general] Applied cfg value: sk_plr_9mm_bullet1 = 8
[2026-03-29 22:33:25.360] [info][general] Applied cfg value: sk_plr_9mm_bullet2 = 8
[2026-03-29 22:33:25.360] [info][general] Applied cfg value: sk_plr_9mm_bullet3 = 8
[2026-03-29 22:33:25.360] [info][general] Applied cfg value: sk_plr_357_bullet1 = 40
[2026-03-29 22:33:25.360] [info][general] Applied cfg value: sk_plr_357_bullet2 = 40
[2026-03-29 22:33:25.360] [info][general] Applied cfg value: sk_plr_357_bullet3 = 40
[2026-03-29 22:33:25.360] [info][general] Applied cfg value: sk_plr_9mmAR_bullet1 = 5
[2026-03-29 22:33:25.361] [info][general] Applied cfg value: sk_plr_9mmAR_bullet2 = 5
[2026-03-29 22:33:25.361] [info][general] Applied cfg value: sk_plr_9mmAR_bullet3 = 5
[2026-03-29 22:33:25.361] [info][general] Applied cfg value: sk_plr_9mmAR_grenade1 = 100
[2026-03-29 22:33:25.361] [info][general] Applied cfg value: sk_plr_9mmAR_grenade2 = 100
[2026-03-29 22:33:25.361] [info][general] Applied cfg value: sk_plr_9mmAR_grenade3 = 100
[2026-03-29 22:33:25.362] [info][general] Applied cfg value: sk_plr_buckshot1 = 5
[2026-03-29 22:33:25.362] [info][general] Applied cfg value: sk_plr_buckshot2 = 5
[2026-03-29 22:33:25.362] [info][general] Applied cfg value: sk_plr_buckshot3 = 5
[2026-03-29 22:33:25.362] [info][general] Applied cfg value: sk_plr_xbow_bolt_client1 = 10
[2026-03-29 22:33:25.362] [info][general] Applied cfg value: sk_plr_xbow_bolt_client2 = 10
[2026-03-29 22:33:25.363] [info][general] Applied cfg value: sk_plr_xbow_bolt_client3 = 10
[2026-03-29 22:33:25.363] [info][general] Applied cfg value: sk_plr_xbow_bolt_monster1 = 50
[2026-03-29 22:33:25.363] [info][general] Applied cfg value: sk_plr_xbow_bolt_monster2 = 50
[2026-03-29 22:33:25.363] [info][general] Applied cfg value: sk_plr_xbow_bolt_monster3 = 50
[2026-03-29 22:33:25.364] [info][general] Applied cfg value: sk_plr_rpg1 = 100
[2026-03-29 22:33:25.364] [info][general] Applied cfg value: sk_plr_rpg2 = 100
[2026-03-29 22:33:25.364] [info][general] Applied cfg value: sk_plr_rpg3 = 100
[2026-03-29 22:33:25.364] [info][general] Applied cfg value: sk_plr_gauss1 = 20
[2026-03-29 22:33:25.365] [info][general] Applied cfg value: sk_plr_gauss2 = 20
[2026-03-29 22:33:25.365] [info][general] Applied cfg value: sk_plr_gauss3 = 20
[2026-03-29 22:33:25.365] [info][general] Applied cfg value: sk_plr_egon_narrow1 = 6
[2026-03-29 22:33:25.366] [info][general] Applied cfg value: sk_plr_egon_narrow2 = 6
[2026-03-29 22:33:25.366] [info][general] Applied cfg value: sk_plr_egon_narrow3 = 6
[2026-03-29 22:33:25.366] [info][general] Applied cfg value: sk_plr_egon_wide1 = 14
[2026-03-29 22:33:25.366] [info][general] Applied cfg value: sk_plr_egon_wide2 = 14
[2026-03-29 22:33:25.366] [info][general] Applied cfg value: sk_plr_egon_wide3 = 14
[2026-03-29 22:33:25.366] [info][general] Applied cfg value: sk_plr_hand_grenade1 = 100
[2026-03-29 22:33:25.367] [info][general] Applied cfg value: sk_plr_hand_grenade2 = 100
[2026-03-29 22:33:25.367] [info][general] Applied cfg value: sk_plr_hand_grenade3 = 100
[2026-03-29 22:33:25.367] [info][general] Applied cfg value: sk_plr_satchel1 = 150
[2026-03-29 22:33:25.367] [info][general] Applied cfg value: sk_plr_satchel2 = 150
[2026-03-29 22:33:25.367] [info][general] Applied cfg value: sk_plr_satchel3 = 150
[2026-03-29 22:33:25.368] [info][general] Applied cfg value: sk_plr_tripmine1 = 150
[2026-03-29 22:33:25.368] [info][general] Applied cfg value: sk_plr_tripmine2 = 150
[2026-03-29 22:33:25.368] [info][general] Applied cfg value: sk_plr_tripmine3 = 150
[2026-03-29 22:33:25.368] [info][general] Applied cfg value: sk_12mm_bullet1 = 8
[2026-03-29 22:33:25.368] [info][general] Applied cfg value: sk_12mm_bullet2 = 10
[2026-03-29 22:33:25.368] [info][general] Applied cfg value: sk_12mm_bullet3 = 10
[2026-03-29 22:33:25.369] [info][general] Applied cfg value: sk_9mmAR_bullet1 = 3
[2026-03-29 22:33:25.369] [info][general] Applied cfg value: sk_9mmAR_bullet2 = 4
[2026-03-29 22:33:25.369] [info][general] Applied cfg value: sk_9mmAR_bullet3 = 5
[2026-03-29 22:33:25.369] [info][general] Applied cfg value: sk_9mm_bullet1 = 5
[2026-03-29 22:33:25.370] [info][general] Applied cfg value: sk_9mm_bullet2 = 5
[2026-03-29 22:33:25.370] [info][general] Applied cfg value: sk_9mm_bullet3 = 8
[2026-03-29 22:33:25.370] [info][general] Applied cfg value: sk_hornet_dmg1 = 4
[2026-03-29 22:33:25.370] [info][general] Applied cfg value: sk_hornet_dmg2 = 5
[2026-03-29 22:33:25.370] [info][general] Applied cfg value: sk_hornet_dmg3 = 8
[2026-03-29 22:33:25.371] [info][general] Applied cfg value: sk_suitcharger1 = 75
[2026-03-29 22:33:25.371] [info][general] Applied cfg value: sk_suitcharger2 = 50
[2026-03-29 22:33:25.371] [info][general] Applied cfg value: sk_suitcharger3 = 35
[2026-03-29 22:33:25.371] [info][general] Applied cfg value: sk_battery1 = 15
[2026-03-29 22:33:25.371] [info][general] Applied cfg value: sk_battery2 = 15
[2026-03-29 22:33:25.372] [info][general] Applied cfg value: sk_battery3 = 10
[2026-03-29 22:33:25.372] [info][general] Applied cfg value: sk_healthcharger1 = 50
[2026-03-29 22:33:25.372] [info][general] Applied cfg value: sk_healthcharger2 = 40
[2026-03-29 22:33:25.372] [info][general] Applied cfg value: sk_healthcharger3 = 25
[2026-03-29 22:33:25.373] [info][general] Applied cfg value: sk_healthkit1 = 15
[2026-03-29 22:33:25.373] [info][general] Applied cfg value: sk_healthkit2 = 15
[2026-03-29 22:33:25.373] [info][general] Applied cfg value: sk_healthkit3 = 10
[2026-03-29 22:33:25.374] [info][general] Applied cfg value: sk_scientist_heal1 = 25
[2026-03-29 22:33:25.374] [info][general] Applied cfg value: sk_scientist_heal2 = 25
[2026-03-29 22:33:25.374] [info][general] Applied cfg value: sk_scientist_heal3 = 25
[2026-03-29 22:33:25.374] [info][general] Applied cfg value: sk_monster_head1 = 3
[2026-03-29 22:33:25.374] [info][general] Applied cfg value: sk_monster_head2 = 3
[2026-03-29 22:33:25.375] [info][general] Applied cfg value: sk_monster_head3 = 3
[2026-03-29 22:33:25.375] [info][general] Applied cfg value: sk_monster_chest1 = 1
[2026-03-29 22:33:25.375] [info][general] Applied cfg value: sk_monster_chest2 = 1
[2026-03-29 22:33:25.375] [info][general] Applied cfg value: sk_monster_chest3 = 1
[2026-03-29 22:33:25.375] [info][general] Applied cfg value: sk_monster_stomach1 = 1
[2026-03-29 22:33:25.376] [info][general] Applied cfg value: sk_monster_stomach2 = 1
[2026-03-29 22:33:25.376] [info][general] Applied cfg value: sk_monster_stomach3 = 1
[2026-03-29 22:33:25.376] [info][general] Applied cfg value: sk_monster_arm1 = 1
[2026-03-29 22:33:25.376] [info][general] Applied cfg value: sk_monster_arm2 = 1
[2026-03-29 22:33:25.376] [info][general] Applied cfg value: sk_monster_arm3 = 1
[2026-03-29 22:33:25.377] [info][general] Applied cfg value: sk_monster_leg1 = 1
[2026-03-29 22:33:25.377] [info][general] Applied cfg value: sk_monster_leg2 = 1
[2026-03-29 22:33:25.377] [info][general] Applied cfg value: sk_monster_leg3 = 1
[2026-03-29 22:33:25.377] [info][general] Applied cfg value: sk_player_head1 = 3
[2026-03-29 22:33:25.377] [info][general] Applied cfg value: sk_player_head2 = 3
[2026-03-29 22:33:25.377] [info][general] Applied cfg value: sk_player_head3 = 3
[2026-03-29 22:33:25.378] [info][general] Applied cfg value: sk_player_chest1 = 1
[2026-03-29 22:33:25.378] [info][general] Applied cfg value: sk_player_chest2 = 1
[2026-03-29 22:33:25.378] [info][general] Applied cfg value: sk_player_chest3 = 1
[2026-03-29 22:33:25.378] [info][general] Applied cfg value: sk_player_stomach1 = 1
[2026-03-29 22:33:25.378] [info][general] Applied cfg value: sk_player_stomach2 = 1
[2026-03-29 22:33:25.379] [info][general] Applied cfg value: sk_player_stomach3 = 1
[2026-03-29 22:33:25.379] [info][general] Applied cfg value: sk_player_arm1 = 1
[2026-03-29 22:33:25.379] [info][general] Applied cfg value: sk_player_arm2 = 1
[2026-03-29 22:33:25.380] [info][general] Applied cfg value: sk_player_arm3 = 1
[2026-03-29 22:33:25.380] [info][general] Applied cfg value: sk_player_leg1 = 1
[2026-03-29 22:33:25.380] [info][general] Applied cfg value: sk_player_leg2 = 1
[2026-03-29 22:33:25.380] [info][general] Applied cfg value: sk_player_leg3 = 1
[2026-03-29 22:33:25.380] [info][general] Server command 'exec' file found: D:\Steam\steamapps\common\Half-Life\valve\skill.cfg
[2026-03-29 22:33:25.382] [info][general] Server command execute cycle complete: pending=0
[2026-03-29 22:33:25.385] [info][general] Server command queue after execute [post-pfnGameInit]:
[2026-03-29 22:33:25.385] [info][general]   - queued total: 1
[2026-03-29 22:33:25.385] [info][general]   - executed total: 1
[2026-03-29 22:33:25.386] [info][general]   - pending total: 0
[2026-03-29 22:33:25.386] [info][general]   - pending commands: <none>
[2026-03-29 22:33:25.387] [info][general] World bootstrap: resolving map path 'maps/c0a0.bsp'.
[2026-03-29 22:33:25.387] [info][general] World bootstrap: resolved BSP file path: D:\Steam\steamapps\common\Half-Life\valve\maps/c0a0.bsp
[2026-03-29 22:33:25.390] [info][general] World bootstrap BSP summary:
[2026-03-29 22:33:25.391] [info][general]   - bsp version: 30
[2026-03-29 22:33:25.391] [info][general]   - file size: 2232620
[2026-03-29 22:33:25.391] [info][general]   - lump entries: 15
[2026-03-29 22:33:25.391] [info][general]   - key lump sizes:
[2026-03-29 22:33:25.391] [info][general]     * entities: offset=1275736, size=28066
[2026-03-29 22:33:25.391] [info][general]     * planes: offset=124, size=168320
[2026-03-29 22:33:25.392] [info][general]     * textures: offset=1303804, size=928816
[2026-03-29 22:33:25.392] [info][general]     * vertexes: offset=201540, size=59520
[2026-03-29 22:33:25.392] [info][general]     * nodes: offset=261060, size=48600
[2026-03-29 22:33:25.392] [info][general]     * faces: offset=360420, size=73640
[2026-03-29 22:33:25.392] [info][general]     * models: offset=605932, size=832
[2026-03-29 22:33:25.392] [info][general] World bootstrap entities lump: size=28066
[2026-03-29 22:33:25.393] [info][general] World bootstrap entities preview:
[2026-03-29 22:33:25.393] [info][general]   | {
[2026-03-29 22:33:25.393] [info][general]   | "wad" "\quiver\valve\halflife.wad;\quiver\valve\decals.wad;\quiver\valve\xeno.wad;\quiver\valve\sample.wad"
[2026-03-29 22:33:25.394] [info][general]   | "gametitle" "1"
[2026-03-29 22:33:25.394] [info][general]   | "startdark" "1"
[2026-03-29 22:33:25.394] [info][general]   | "MaxRange" "6300"
[2026-03-29 22:33:25.394] [info][general]   | "message" "Black Mesa Inbound"
[2026-03-29 22:33:25.394] [info][general]   | "sounds" "3"
[2026-03-29 22:33:25.394] [info][general]   | "classname" "worldspawn"
[2026-03-29 22:33:25.394] [info][general]   | }
[2026-03-29 22:33:25.395] [info][general]   | {
[2026-03-29 22:33:25.395] [info][general]   | "origin" "-1784 24 -500"
[2026-03-29 22:33:25.395] [info][general]   | "targetname" "runnerguy"
[2026-03-29 22:33:25.395] [info][general]   | "angle" "270"
[2026-03-29 22:33:25.395] [info][general]   | "classname" "monster_scientist"
[2026-03-29 22:33:25.396] [info][general]   | }
[2026-03-29 22:33:25.396] [info][general]   | {
[2026-03-29 22:33:25.396] [info][general]   | "origin" "-2798 882 531"
[2026-03-29 22:33:25.396] [info][general]   | "targetname" "trainwalk"
[2026-03-29 22:33:25.396] [info][general]   | "angle" "87"
[2026-03-29 22:33:25.396] [info][general]   | "classname" "monster_scientist"
[2026-03-29 22:33:25.396] [info][general]   | }
[2026-03-29 22:33:25.397] [info][general]   | {
[2026-03-29 22:33:25.397] [info][general]   | "model" "*1"
[2026-03-29 22:33:25.397] [info][general]   | "renderamt" "255"
[2026-03-29 22:33:25.397] [info][general]   | "rendermode" "4"
[2026-03-29 22:33:25.397] [info][general]   | "classname" "func_wall"
[2026-03-29 22:33:25.397] [info][general]   | }
[2026-03-29 22:33:25.397] [info][general]   | {
[2026-03-29 22:33:25.398] [info][general]   | "origin" "-3876 766 499"
[2026-03-29 22:33:25.398] [info][general]   | "_light" "170 170 60 200"
[2026-03-29 22:33:25.398] [info][general]   | "classname" "light"
[2026-03-29 22:33:25.398] [info][general]   | }
[2026-03-29 22:33:25.398] [info][general]   | ...
[2026-03-29 22:33:25.399] [info][general] Entity bootstrap: binding classname 'worldspawn' for world bootstrap (edict#0).
[2026-03-29 22:33:25.399] [info][general] hl.dll engine callback: pfnPvAllocEntPrivateData [edict#0, bytes=84]
[2026-03-29 22:33:25.399] [info][general] Entity bootstrap: class binding result for 'worldspawn': private data allocated
[2026-03-29 22:33:25.400] [info][general] hl.dll engine callback: pfnPrecacheModel [requested=maps/c0a0.bsp, normalized=maps/c0a0.bsp, index=1, state=new]
[2026-03-29 22:33:25.400] [info][general] Precache model: requested=maps/c0a0.bsp, normalized=maps/c0a0.bsp, index=1, state=new
[2026-03-29 22:33:25.400] [info][general] hl.dll engine callback: pfnSetModel [edict#0 <- maps/c0a0.bsp]
[2026-03-29 22:33:25.400] [info][general] World bootstrap: context prepared: yes
[2026-03-29 22:33:25.400] [info][general] World bootstrap: world entity state: edict#0 { in_use=yes, removed=no, classname=worldspawn, targetname=<empty>, origin=<unset>, model=maps/c0a0.bsp, modelindex=1, spawned=no, deferred=no, private_data=yes, activate=no, parse_index=-1 }
[2026-03-29 22:33:25.401] [info][general] Entity bootstrap: parsing BSP entities lump.
[2026-03-29 22:33:25.421] [info][general] Entity bootstrap: total parsed entities = 231
[2026-03-29 22:33:25.421] [info][general] Entity bootstrap: worldspawn entities found = 1
[2026-03-29 22:33:25.421] [info][general] Entity bootstrap: first parsed entity is worldspawn = yes
[2026-03-29 22:33:25.422] [info][general] Entity bootstrap: top classname counts:
[2026-03-29 22:33:25.422] [info][general]   - light: 60
[2026-03-29 22:33:25.422] [info][general]   - light_spot: 54
[2026-03-29 22:33:25.422] [info][general]   - path_track: 30
[2026-03-29 22:33:25.423] [info][general]   - scripted_sequence: 17
[2026-03-29 22:33:25.423] [info][general]   - env_glow: 9
[2026-03-29 22:33:25.423] [info][general]   - env_message: 9
[2026-03-29 22:33:25.423] [info][general]   - monster_scientist: 8
[2026-03-29 22:33:25.423] [info][general]   - info_node: 7
[2026-03-29 22:33:25.424] [info][general] Entity bootstrap: first parsed entities:
[2026-03-29 22:33:25.424] [info][general]   - #0 classname=worldspawn, keys=7, preview={ "wad" "\quiver\valve\halflife.wad;\quiver\valve\decals.wad;\quiver\valve\xeno.wad;\quiver\valve\sample.wad" "gametitle" "1" "startdark" "1" "MaxRange" "6300" ...
[2026-03-29 22:33:25.424] [info][general]   - #1 classname=monster_scientist, keys=4, preview={ "origin" "-1784 24 -500" "targetname" "runnerguy" "angle" "270" "classname" "monster_scientist" }
[2026-03-29 22:33:25.424] [info][general]   - #2 classname=monster_scientist, keys=4, preview={ "origin" "-2798 882 531" "targetname" "trainwalk" "angle" "87" "classname" "monster_scientist" }
[2026-03-29 22:33:25.424] [info][general]   - #3 classname=func_wall, keys=4, preview={ "model" "*1" "renderamt" "255" "rendermode" "4" "classname" "func_wall" }
[2026-03-29 22:33:25.425] [info][general]   - #4 classname=light, keys=3, preview={ "origin" "-3876 766 499" "_light" "170 170 60 200" "classname" "light" }
[2026-03-29 22:33:25.425] [info][general]   - #5 classname=light, keys=3, preview={ "origin" "-3876 -223 499" "_light" "170 170 60 200" "classname" "light" }
[2026-03-29 22:33:25.425] [info][general]   - #6 classname=path_track, keys=4, preview={ "origin" "-2633 -2271 449" "target" "trainstop16" "targetname" "trainstop15" "classname" "path_track" }
[2026-03-29 22:33:25.425] [info][general]   - #7 classname=path_track, keys=4, preview={ "origin" "-2788 -2199 449" "target" "trainstop15" "targetname" "trainstop14" "classname" "path_track" }
[2026-03-29 22:33:25.426] [info][general] Entity bootstrap keyvalue: #0 worldspawn [wad=quivervalvehalflife.wad;quivervalvedecals.wad;quivervalvexeno.wad;quivervalvesample.wad]
[2026-03-29 22:33:25.427] [info][general] Entity bootstrap keyvalue result: unhandled
[2026-03-29 22:33:25.428] [info][general] Entity bootstrap keyvalue: #0 worldspawn [gametitle=1]
[2026-03-29 22:33:25.430] [info][general] Entity bootstrap keyvalue result: handled
[2026-03-29 22:33:25.434] [info][general] Entity bootstrap keyvalue: #0 worldspawn [startdark=1]
[2026-03-29 22:33:25.436] [info][general] Entity bootstrap keyvalue result: handled
[2026-03-29 22:33:25.438] [info][general] Entity bootstrap keyvalue: #0 worldspawn [MaxRange=6300]
[2026-03-29 22:33:25.440] [info][general] Entity bootstrap keyvalue result: handled
[2026-03-29 22:33:25.442] [info][general] Entity bootstrap keyvalue: #0 worldspawn [message=Black Mesa Inbound]
[2026-03-29 22:33:25.447] [info][general] hl.dll engine callback: pfnAllocString [Black Mesa Inbound -> 31]
[2026-03-29 22:33:25.450] [info][general] Entity bootstrap keyvalue result: handled
[2026-03-29 22:33:25.452] [info][general] Entity bootstrap keyvalue: #0 worldspawn [sounds=3]
[2026-03-29 22:33:25.455] [info][general] Entity bootstrap keyvalue result: handled
[2026-03-29 22:33:25.456] [info][general] Entity bootstrap keyvalue: #0 worldspawn [classname=worldspawn]
[2026-03-29 22:33:25.458] [info][general] hl.dll engine callback: pfnAllocString [worldspawn -> 6]
[2026-03-29 22:33:25.459] [info][general] Entity bootstrap keyvalue result: handled
[2026-03-29 22:33:25.461] [info][general] Entity bootstrap spawn: attempting #0 classname=worldspawn -> edict#0 model=maps/c0a0.bsp modelindex=1 spawned=no removed=no deferred=no private=yes activate=no support=pending lifecycle=passive supported nextthink=0.000000 ltime=0.000000 scheduled=no think_attempted=no think_succeeded=no last_think_frame=-1 can_think=no can_use=no emits_targets=no pending_outputs=0 triggered_this_frame=no blocked=no maplogic=passive-recipient-only target_resolutions=0 use_attempts=0 use_successes=0 use_deferred=0 use_failures=0 last_triggered_frame=-1 flags=0 solid=0 movetype=0 effects=0 movedir=-1.07374e+08 -1.07374e+08 -1.07374e+08 size=-1.07374e+08 -1.07374e+08 -1.07374e+08..-1.07374e+08 -1.07374e+08 -1.07374e+08 health=0.000000
[2026-03-29 22:33:25.461] [info][general] Worldspawn spawn validation:
[2026-03-29 22:33:25.462] [info][general]   - edict#0 valid: yes
[2026-03-29 22:33:25.462] [info][general]   - edict in use: yes
[2026-03-29 22:33:25.463] [info][general]   - classname valid: yes
[2026-03-29 22:33:25.463] [info][general]   - model string valid: yes [maps/c0a0.bsp]
[2026-03-29 22:33:25.464] [info][general]   - modelindex valid: yes [1]
[2026-03-29 22:33:25.464] [info][general]   - private data present: yes
[2026-03-29 22:33:25.464] [info][general]   - gpGlobals sane: yes [mapname=c0a0, time=0.000000, maxClients=1]
[2026-03-29 22:33:25.465] [info][general]   - server state exists: yes
[2026-03-29 22:33:25.465] [info][general]   - world model registered: yes
[2026-03-29 22:33:25.466] [info][general]   - runtime summary: #0 classname=worldspawn -> edict#0 model=maps/c0a0.bsp modelindex=1 spawned=no removed=no deferred=no private=yes activate=no support=pending lifecycle=passive supported nextthink=0.000000 ltime=0.000000 scheduled=no think_attempted=no think_succeeded=no last_think_frame=-1 can_think=no can_use=no emits_targets=no pending_outputs=0 triggered_this_frame=no blocked=no maplogic=passive-recipient-only target_resolutions=0 use_attempts=0 use_successes=0 use_deferred=0 use_failures=0 last_triggered_frame=-1 flags=0 solid=0 movetype=0 effects=0 movedir=-1.07374e+08 -1.07374e+08 -1.07374e+08 size=-1.07374e+08 -1.07374e+08 -1.07374e+08..-1.07374e+08 -1.07374e+08 -1.07374e+08 health=0.000000
[2026-03-29 22:33:25.467] [info][general] Worldspawn trace: #1 map=c0a0 edict#0 classname=worldspawn pfnCVarSetString [sv_gravity=800]
[2026-03-29 22:33:25.468] [info][general] hl.dll engine callback: pfnCVarSetString [sv_gravity=800]
[2026-03-29 22:33:25.469] [info][general] pfnCVarSetString applied sv_gravity = 800 (preexisting)
[2026-03-29 22:33:25.469] [info][general] Worldspawn trace: #2 map=c0a0 edict#0 classname=worldspawn pfnCVarSetString [sv_stepsize=18]
[2026-03-29 22:33:25.470] [info][general] hl.dll engine callback: pfnCVarSetString [sv_stepsize=18]
[2026-03-29 22:33:25.471] [info][general] pfnCVarSetString applied sv_stepsize = 18 (preexisting)
[2026-03-29 22:33:25.472] [info][general] Worldspawn trace: #3 map=c0a0 edict#0 classname=worldspawn pfnCVarSetString [room_type=0]
[2026-03-29 22:33:25.473] [info][general] hl.dll engine callback: pfnCVarSetString [room_type=0]
[2026-03-29 22:33:25.473] [info][general] pfnCVarSetString applied room_type = 0 (preexisting)
[2026-03-29 22:33:25.474] [info][general] Worldspawn trace: #4 map=c0a0 edict#0 classname=worldspawn pfnServerCommand [exec game.cfg]
[2026-03-29 22:33:25.475] [info][general] hl.dll engine callback: pfnServerCommand [exec game.cfg]
[2026-03-29 22:33:25.476] [info][general] Queued server command: exec game.cfg (pending=1)
[2026-03-29 22:33:25.476] [info][general] Worldspawn trace: #5 map=c0a0 edict#0 classname=worldspawn pfnServerExecute
[2026-03-29 22:33:25.477] [info][general] hl.dll engine callback: pfnServerExecute
[2026-03-29 22:33:25.477] [info][general] Server command queue before execute [pfnServerExecute]:
[2026-03-29 22:33:25.478] [info][general]   - queued total: 2
[2026-03-29 22:33:25.478] [info][general]   - executed total: 1
[2026-03-29 22:33:25.478] [info][general]   - pending total: 1
[2026-03-29 22:33:25.479] [info][general]   - pending commands:
[2026-03-29 22:33:25.479] [info][general]     * exec game.cfg
[2026-03-29 22:33:25.480] [info][general] Executing server command: exec game.cfg
[2026-03-29 22:33:25.481] [info][general] CFG resolve: D:\Steam\steamapps\common\Half-Life\valve\game.cfg (exists)
[2026-03-29 22:33:25.483] [info][general] Executing cfg file: D:\Steam\steamapps\common\Half-Life\valve\game.cfg
[2026-03-29 22:33:25.483] [info][general] Server command 'exec' file found: D:\Steam\steamapps\common\Half-Life\valve\game.cfg
[2026-03-29 22:33:25.484] [info][general] Server command execute cycle complete: pending=0
[2026-03-29 22:33:25.484] [info][general] Server command queue after execute [pfnServerExecute]:
[2026-03-29 22:33:25.485] [info][general]   - queued total: 2
[2026-03-29 22:33:25.485] [info][general]   - executed total: 2
[2026-03-29 22:33:25.486] [info][general]   - pending total: 0
[2026-03-29 22:33:25.486] [info][general]   - pending commands: <none>
[2026-03-29 22:33:25.486] [info][general] Worldspawn trace: #6 map=c0a0 edict#0 classname=worldspawn pfnServerCommand [exec spserver.cfg]
[2026-03-29 22:33:25.487] [info][general] hl.dll engine callback: pfnServerCommand [exec spserver.cfg]
[2026-03-29 22:33:25.487] [info][general] Queued server command: exec spserver.cfg (pending=1)
[2026-03-29 22:33:25.487] [info][general] Worldspawn trace: #7 map=c0a0 edict#0 classname=worldspawn pfnCVarGetFloat [skill]
[2026-03-29 22:33:25.488] [info][general] hl.dll engine callback: pfnCVarGetFloat [skill]
[2026-03-29 22:33:25.489] [info][general] Worldspawn trace: #8 map=c0a0 edict#0 classname=worldspawn pfnAlertMessage [console: 
GAME SKILL LEVEL:1]
[2026-03-29 22:33:25.489] [info][general] hl.dll engine callback: pfnAlertMessage [console: 
GAME SKILL LEVEL:1]
[2026-03-29 22:33:25.490] [info][general] Worldspawn trace: #9 map=c0a0 edict#0 classname=worldspawn pfnCVarGetFloat [sk_agrunt_health1]
[2026-03-29 22:33:25.490] [info][general] hl.dll engine callback: pfnCVarGetFloat [sk_agrunt_health1]
[2026-03-29 22:33:25.491] [info][general] Worldspawn trace: #10 map=c0a0 edict#0 classname=worldspawn pfnCVarGetFloat [sk_agrunt_dmg_punch1]
[2026-03-29 22:33:25.491] [info][general] hl.dll engine callback: pfnCVarGetFloat [sk_agrunt_dmg_punch1]
[2026-03-29 22:33:25.492] [info][general] Worldspawn trace: #11 map=c0a0 edict#0 classname=worldspawn pfnCVarGetFloat [sk_apache_health1]
[2026-03-29 22:33:25.493] [info][general] hl.dll engine callback: pfnCVarGetFloat [sk_apache_health1]
[2026-03-29 22:33:25.494] [info][general] Worldspawn trace: #12 map=c0a0 edict#0 classname=worldspawn pfnCVarGetFloat [sk_barney_health1]
[2026-03-29 22:33:25.494] [info][general] hl.dll engine callback: pfnCVarGetFloat [sk_barney_health1]
[2026-03-29 22:33:25.495] [info][general] Worldspawn trace: #13 map=c0a0 edict#0 classname=worldspawn pfnCVarGetFloat [sk_bigmomma_health_factor1]
[2026-03-29 22:33:25.495] [info][general] hl.dll engine callback: pfnCVarGetFloat [sk_bigmomma_health_factor1]
[2026-03-29 22:33:25.496] [info][general] Worldspawn trace: #14 map=c0a0 edict#0 classname=worldspawn pfnCVarGetFloat [sk_bigmomma_dmg_slash1]
[2026-03-29 22:33:25.496] [info][general] hl.dll engine callback: pfnCVarGetFloat [sk_bigmomma_dmg_slash1]
[2026-03-29 22:33:25.496] [info][general] Worldspawn trace: #15 map=c0a0 edict#0 classname=worldspawn pfnCVarGetFloat [sk_bigmomma_dmg_blast1]
[2026-03-29 22:33:25.497] [info][general] hl.dll engine callback: pfnCVarGetFloat [sk_bigmomma_dmg_blast1]
[2026-03-29 22:33:25.498] [info][general] Worldspawn trace: #16 map=c0a0 edict#0 classname=worldspawn pfnCVarGetFloat [sk_bigmomma_radius_blast1]
[2026-03-29 22:33:25.498] [info][general] hl.dll engine callback: pfnCVarGetFloat [sk_bigmomma_radius_blast1]
[2026-03-29 22:33:25.498] [info][general] Worldspawn trace: #17 map=c0a0 edict#0 classname=worldspawn pfnCVarGetFloat [sk_bullsquid_health1]
[2026-03-29 22:33:25.499] [info][general] hl.dll engine callback: pfnCVarGetFloat [sk_bullsquid_health1]
[2026-03-29 22:33:25.499] [info][general] Worldspawn trace: #18 map=c0a0 edict#0 classname=worldspawn pfnCVarGetFloat [sk_bullsquid_dmg_bite1]
[2026-03-29 22:33:25.499] [info][general] hl.dll engine callback: pfnCVarGetFloat [sk_bullsquid_dmg_bite1]
[2026-03-29 22:33:25.500] [info][general] Worldspawn trace: #19 map=c0a0 edict#0 classname=worldspawn pfnCVarGetFloat [sk_bullsquid_dmg_whip1]
[2026-03-29 22:33:25.500] [info][general] hl.dll engine callback: pfnCVarGetFloat [sk_bullsquid_dmg_whip1]
[2026-03-29 22:33:25.501] [info][general] Worldspawn trace: #20 map=c0a0 edict#0 classname=worldspawn pfnCVarGetFloat [sk_bullsquid_dmg_spit1]
[2026-03-29 22:33:25.501] [info][general] hl.dll engine callback: pfnCVarGetFloat [sk_bullsquid_dmg_spit1]
[2026-03-29 22:33:25.502] [info][general] Worldspawn trace: #21 map=c0a0 edict#0 classname=worldspawn pfnCVarGetFloat [sk_gargantua_health1]
[2026-03-29 22:33:25.502] [info][general] hl.dll engine callback: pfnCVarGetFloat [sk_gargantua_health1]
[2026-03-29 22:33:25.503] [info][general] Worldspawn trace: #22 map=c0a0 edict#0 classname=worldspawn pfnCVarGetFloat [sk_gargantua_dmg_slash1]
[2026-03-29 22:33:25.503] [info][general] hl.dll engine callback: pfnCVarGetFloat [sk_gargantua_dmg_slash1]
[2026-03-29 22:33:25.505] [info][general] Worldspawn trace: #23 map=c0a0 edict#0 classname=worldspawn pfnCVarGetFloat [sk_gargantua_dmg_fire1]
[2026-03-29 22:33:25.505] [info][general] hl.dll engine callback: pfnCVarGetFloat [sk_gargantua_dmg_fire1]
[2026-03-29 22:33:25.506] [info][general] Worldspawn trace: #24 map=c0a0 edict#0 classname=worldspawn pfnCVarGetFloat [sk_gargantua_dmg_stomp1]
[2026-03-29 22:33:25.506] [info][general] hl.dll engine callback: pfnCVarGetFloat [sk_gargantua_dmg_stomp1]
[2026-03-29 22:33:25.507] [info][general] Worldspawn trace: #25 map=c0a0 edict#0 classname=worldspawn pfnCVarGetFloat [sk_hassassin_health1]
[2026-03-29 22:33:25.507] [info][general] hl.dll engine callback: pfnCVarGetFloat [sk_hassassin_health1]
[2026-03-29 22:33:25.508] [info][general] Worldspawn trace: #26 map=c0a0 edict#0 classname=worldspawn pfnCVarGetFloat [sk_headcrab_health1]
[2026-03-29 22:33:25.508] [info][general] hl.dll engine callback: pfnCVarGetFloat [sk_headcrab_health1]
[2026-03-29 22:33:25.508] [info][general] Worldspawn trace: #27 map=c0a0 edict#0 classname=worldspawn pfnCVarGetFloat [sk_headcrab_dmg_bite1]
[2026-03-29 22:33:25.509] [info][general] hl.dll engine callback: pfnCVarGetFloat [sk_headcrab_dmg_bite1]
[2026-03-29 22:33:25.509] [info][general] Worldspawn trace: #28 map=c0a0 edict#0 classname=worldspawn pfnCVarGetFloat [sk_hgrunt_health1]
[2026-03-29 22:33:25.509] [info][general] hl.dll engine callback: pfnCVarGetFloat [sk_hgrunt_health1]
[2026-03-29 22:33:25.510] [info][general] Worldspawn trace: #29 map=c0a0 edict#0 classname=worldspawn pfnCVarGetFloat [sk_hgrunt_kick1]
[2026-03-29 22:33:25.510] [info][general] hl.dll engine callback: pfnCVarGetFloat [sk_hgrunt_kick1]
[2026-03-29 22:33:25.511] [info][general] Worldspawn trace: #30 map=c0a0 edict#0 classname=worldspawn pfnCVarGetFloat [sk_hgrunt_pellets1]
[2026-03-29 22:33:25.511] [info][general] hl.dll engine callback: pfnCVarGetFloat [sk_hgrunt_pellets1]
[2026-03-29 22:33:25.512] [info][general] Worldspawn trace: #31 map=c0a0 edict#0 classname=worldspawn pfnCVarGetFloat [sk_hgrunt_gspeed1]
[2026-03-29 22:33:25.512] [info][general] hl.dll engine callback: pfnCVarGetFloat [sk_hgrunt_gspeed1]
[2026-03-29 22:33:25.512] [info][general] Worldspawn trace: #32 map=c0a0 edict#0 classname=worldspawn pfnCVarGetFloat [sk_houndeye_health1]
[2026-03-29 22:33:25.513] [info][general] hl.dll engine callback: pfnCVarGetFloat [sk_houndeye_health1]
[2026-03-29 22:33:25.513] [info][general] Worldspawn trace: #33 map=c0a0 edict#0 classname=worldspawn pfnCVarGetFloat [sk_houndeye_dmg_blast1]
[2026-03-29 22:33:25.514] [info][general] hl.dll engine callback: pfnCVarGetFloat [sk_houndeye_dmg_blast1]
[2026-03-29 22:33:25.514] [info][general] Worldspawn trace: #34 map=c0a0 edict#0 classname=worldspawn pfnCVarGetFloat [sk_islave_health1]
[2026-03-29 22:33:25.514] [info][general] hl.dll engine callback: pfnCVarGetFloat [sk_islave_health1]
[2026-03-29 22:33:25.515] [info][general] Worldspawn trace: #35 map=c0a0 edict#0 classname=worldspawn pfnCVarGetFloat [sk_islave_dmg_claw1]
[2026-03-29 22:33:25.515] [info][general] hl.dll engine callback: pfnCVarGetFloat [sk_islave_dmg_claw1]
[2026-03-29 22:33:25.515] [info][general] Worldspawn trace: #36 map=c0a0 edict#0 classname=worldspawn pfnCVarGetFloat [sk_islave_dmg_clawrake1]
[2026-03-29 22:33:25.516] [info][general] hl.dll engine callback: pfnCVarGetFloat [sk_islave_dmg_clawrake1]
[2026-03-29 22:33:25.516] [info][general] Worldspawn trace: #37 map=c0a0 edict#0 classname=worldspawn pfnCVarGetFloat [sk_islave_dmg_zap1]
[2026-03-29 22:33:25.516] [info][general] hl.dll engine callback: pfnCVarGetFloat [sk_islave_dmg_zap1]
[2026-03-29 22:33:25.516] [info][general] Worldspawn trace: #38 map=c0a0 edict#0 classname=worldspawn pfnCVarGetFloat [sk_ichthyosaur_health1]
[2026-03-29 22:33:25.516] [info][general] hl.dll engine callback: pfnCVarGetFloat [sk_ichthyosaur_health1]
[2026-03-29 22:33:25.517] [info][general] Worldspawn trace: #39 map=c0a0 edict#0 classname=worldspawn pfnCVarGetFloat [sk_ichthyosaur_shake1]
[2026-03-29 22:33:25.517] [info][general] hl.dll engine callback: pfnCVarGetFloat [sk_ichthyosaur_shake1]
[2026-03-29 22:33:25.518] [info][general] Worldspawn trace: #40 map=c0a0 edict#0 classname=worldspawn pfnCVarGetFloat [sk_leech_health1]
[2026-03-29 22:33:25.519] [info][general] hl.dll engine callback: pfnCVarGetFloat [sk_leech_health1]
[2026-03-29 22:33:25.519] [info][general] Worldspawn trace: #41 map=c0a0 edict#0 classname=worldspawn pfnCVarGetFloat [sk_leech_dmg_bite1]
[2026-03-29 22:33:25.519] [info][general] hl.dll engine callback: pfnCVarGetFloat [sk_leech_dmg_bite1]
[2026-03-29 22:33:25.520] [info][general] Worldspawn trace: #42 map=c0a0 edict#0 classname=worldspawn pfnCVarGetFloat [sk_controller_health1]
[2026-03-29 22:33:25.520] [info][general] hl.dll engine callback: pfnCVarGetFloat [sk_controller_health1]
[2026-03-29 22:33:25.520] [info][general] Worldspawn trace: #43 map=c0a0 edict#0 classname=worldspawn pfnCVarGetFloat [sk_controller_dmgzap1]
[2026-03-29 22:33:25.520] [info][general] hl.dll engine callback: pfnCVarGetFloat [sk_controller_dmgzap1]
[2026-03-29 22:33:25.521] [info][general] Worldspawn trace: #44 map=c0a0 edict#0 classname=worldspawn pfnCVarGetFloat [sk_controller_speedball1]
[2026-03-29 22:33:25.521] [info][general] hl.dll engine callback: pfnCVarGetFloat [sk_controller_speedball1]
[2026-03-29 22:33:25.521] [info][general] Worldspawn trace: #45 map=c0a0 edict#0 classname=worldspawn pfnCVarGetFloat [sk_controller_dmgball1]
[2026-03-29 22:33:25.521] [info][general] hl.dll engine callback: pfnCVarGetFloat [sk_controller_dmgball1]
[2026-03-29 22:33:25.521] [info][general] Worldspawn trace: #46 map=c0a0 edict#0 classname=worldspawn pfnCVarGetFloat [sk_nihilanth_health1]
[2026-03-29 22:33:25.522] [info][general] hl.dll engine callback: pfnCVarGetFloat [sk_nihilanth_health1]
[2026-03-29 22:33:25.522] [info][general] Worldspawn trace: #47 map=c0a0 edict#0 classname=worldspawn pfnCVarGetFloat [sk_nihilanth_zap1]
[2026-03-29 22:33:25.522] [info][general] hl.dll engine callback: pfnCVarGetFloat [sk_nihilanth_zap1]
[2026-03-29 22:33:25.522] [info][general] Worldspawn trace: #48 map=c0a0 edict#0 classname=worldspawn pfnCVarGetFloat [sk_scientist_health1]
[2026-03-29 22:33:25.523] [info][general] hl.dll engine callback: pfnCVarGetFloat [sk_scientist_health1]
[2026-03-29 22:33:25.523] [info][general] Worldspawn trace: #49 map=c0a0 edict#0 classname=worldspawn pfnCVarGetFloat [sk_snark_health1]
[2026-03-29 22:33:25.523] [info][general] hl.dll engine callback: pfnCVarGetFloat [sk_snark_health1]
[2026-03-29 22:33:25.523] [info][general] Worldspawn trace: #50 map=c0a0 edict#0 classname=worldspawn pfnCVarGetFloat [sk_snark_dmg_bite1]
[2026-03-29 22:33:25.524] [info][general] hl.dll engine callback: pfnCVarGetFloat [sk_snark_dmg_bite1]
[2026-03-29 22:33:25.524] [info][general] Worldspawn trace: #51 map=c0a0 edict#0 classname=worldspawn pfnCVarGetFloat [sk_snark_dmg_pop1]
[2026-03-29 22:33:25.524] [info][general] hl.dll engine callback: pfnCVarGetFloat [sk_snark_dmg_pop1]
[2026-03-29 22:33:25.524] [info][general] Worldspawn trace: #52 map=c0a0 edict#0 classname=worldspawn pfnCVarGetFloat [sk_zombie_health1]
[2026-03-29 22:33:25.524] [info][general] hl.dll engine callback: pfnCVarGetFloat [sk_zombie_health1]
[2026-03-29 22:33:25.525] [info][general] Worldspawn trace: #53 map=c0a0 edict#0 classname=worldspawn pfnCVarGetFloat [sk_zombie_dmg_one_slash1]
[2026-03-29 22:33:25.525] [info][general] hl.dll engine callback: pfnCVarGetFloat [sk_zombie_dmg_one_slash1]
[2026-03-29 22:33:25.525] [info][general] Worldspawn trace: #54 map=c0a0 edict#0 classname=worldspawn pfnCVarGetFloat [sk_zombie_dmg_both_slash1]
[2026-03-29 22:33:25.525] [info][general] hl.dll engine callback: pfnCVarGetFloat [sk_zombie_dmg_both_slash1]
[2026-03-29 22:33:25.526] [info][general] Worldspawn trace: #55 map=c0a0 edict#0 classname=worldspawn pfnCVarGetFloat [sk_turret_health1]
[2026-03-29 22:33:25.526] [info][general] hl.dll engine callback: pfnCVarGetFloat [sk_turret_health1]
[2026-03-29 22:33:25.526] [info][general] Worldspawn trace: #56 map=c0a0 edict#0 classname=worldspawn pfnCVarGetFloat [sk_miniturret_health1]
[2026-03-29 22:33:25.527] [info][general] hl.dll engine callback: pfnCVarGetFloat [sk_miniturret_health1]
[2026-03-29 22:33:25.527] [info][general] Worldspawn trace: #57 map=c0a0 edict#0 classname=worldspawn pfnCVarGetFloat [sk_sentry_health1]
[2026-03-29 22:33:25.527] [info][general] hl.dll engine callback: pfnCVarGetFloat [sk_sentry_health1]
[2026-03-29 22:33:25.527] [info][general] Worldspawn trace: #58 map=c0a0 edict#0 classname=worldspawn pfnCVarGetFloat [sk_plr_crowbar1]
[2026-03-29 22:33:25.527] [info][general] hl.dll engine callback: pfnCVarGetFloat [sk_plr_crowbar1]
[2026-03-29 22:33:25.528] [info][general] Worldspawn trace: #59 map=c0a0 edict#0 classname=worldspawn pfnCVarGetFloat [sk_plr_9mm_bullet1]
[2026-03-29 22:33:25.528] [info][general] hl.dll engine callback: pfnCVarGetFloat [sk_plr_9mm_bullet1]
[2026-03-29 22:33:25.528] [info][general] Worldspawn trace: #60 map=c0a0 edict#0 classname=worldspawn pfnCVarGetFloat [sk_plr_357_bullet1]
[2026-03-29 22:33:25.529] [info][general] hl.dll engine callback: pfnCVarGetFloat [sk_plr_357_bullet1]
[2026-03-29 22:33:25.529] [info][general] Worldspawn trace: #61 map=c0a0 edict#0 classname=worldspawn pfnCVarGetFloat [sk_plr_9mmAR_bullet1]
[2026-03-29 22:33:25.529] [info][general] hl.dll engine callback: pfnCVarGetFloat [sk_plr_9mmAR_bullet1]
[2026-03-29 22:33:25.529] [info][general] Worldspawn trace: #62 map=c0a0 edict#0 classname=worldspawn pfnCVarGetFloat [sk_plr_9mmAR_grenade1]
[2026-03-29 22:33:25.530] [info][general] hl.dll engine callback: pfnCVarGetFloat [sk_plr_9mmAR_grenade1]
[2026-03-29 22:33:25.530] [info][general] Worldspawn trace: #63 map=c0a0 edict#0 classname=worldspawn pfnCVarGetFloat [sk_plr_buckshot1]
[2026-03-29 22:33:25.530] [info][general] hl.dll engine callback: pfnCVarGetFloat [sk_plr_buckshot1]
[2026-03-29 22:33:25.530] [info][general] Worldspawn trace: #64 map=c0a0 edict#0 classname=worldspawn pfnCVarGetFloat [sk_plr_xbow_bolt_client1]
[2026-03-29 22:33:25.530] [info][general] hl.dll engine callback: pfnCVarGetFloat [sk_plr_xbow_bolt_client1]
[2026-03-29 22:33:25.531] [info][general] Worldspawn trace: #65 map=c0a0 edict#0 classname=worldspawn pfnCVarGetFloat [sk_plr_xbow_bolt_monster1]
[2026-03-29 22:33:25.531] [info][general] hl.dll engine callback: pfnCVarGetFloat [sk_plr_xbow_bolt_monster1]
[2026-03-29 22:33:25.531] [info][general] Worldspawn trace: #66 map=c0a0 edict#0 classname=worldspawn pfnCVarGetFloat [sk_plr_rpg1]
[2026-03-29 22:33:25.531] [info][general] hl.dll engine callback: pfnCVarGetFloat [sk_plr_rpg1]
[2026-03-29 22:33:25.532] [info][general] Worldspawn trace: #67 map=c0a0 edict#0 classname=worldspawn pfnCVarGetFloat [sk_plr_gauss1]
[2026-03-29 22:33:25.532] [info][general] hl.dll engine callback: pfnCVarGetFloat [sk_plr_gauss1]
[2026-03-29 22:33:25.532] [info][general] Worldspawn trace: #68 map=c0a0 edict#0 classname=worldspawn pfnCVarGetFloat [sk_plr_egon_narrow1]
[2026-03-29 22:33:25.532] [info][general] hl.dll engine callback: pfnCVarGetFloat [sk_plr_egon_narrow1]
[2026-03-29 22:33:25.533] [info][general] Worldspawn trace: #69 map=c0a0 edict#0 classname=worldspawn pfnCVarGetFloat [sk_plr_egon_wide1]
[2026-03-29 22:33:25.533] [info][general] hl.dll engine callback: pfnCVarGetFloat [sk_plr_egon_wide1]
[2026-03-29 22:33:25.533] [info][general] Worldspawn trace: #70 map=c0a0 edict#0 classname=worldspawn pfnCVarGetFloat [sk_plr_hand_grenade1]
[2026-03-29 22:33:25.533] [info][general] hl.dll engine callback: pfnCVarGetFloat [sk_plr_hand_grenade1]
[2026-03-29 22:33:25.534] [info][general] Worldspawn trace: #71 map=c0a0 edict#0 classname=worldspawn pfnCVarGetFloat [sk_plr_satchel1]
[2026-03-29 22:33:25.534] [info][general] hl.dll engine callback: pfnCVarGetFloat [sk_plr_satchel1]
[2026-03-29 22:33:25.534] [info][general] Worldspawn trace: #72 map=c0a0 edict#0 classname=worldspawn pfnCVarGetFloat [sk_plr_tripmine1]
[2026-03-29 22:33:25.534] [info][general] hl.dll engine callback: pfnCVarGetFloat [sk_plr_tripmine1]
[2026-03-29 22:33:25.534] [info][general] Worldspawn trace: #73 map=c0a0 edict#0 classname=worldspawn pfnCVarGetFloat [sk_12mm_bullet1]
[2026-03-29 22:33:25.535] [info][general] hl.dll engine callback: pfnCVarGetFloat [sk_12mm_bullet1]
[2026-03-29 22:33:25.535] [info][general] Worldspawn trace: #74 map=c0a0 edict#0 classname=worldspawn pfnCVarGetFloat [sk_9mmAR_bullet1]
[2026-03-29 22:33:25.536] [info][general] hl.dll engine callback: pfnCVarGetFloat [sk_9mmAR_bullet1]
[2026-03-29 22:33:25.536] [info][general] Worldspawn trace: #75 map=c0a0 edict#0 classname=worldspawn pfnCVarGetFloat [sk_9mm_bullet1]
[2026-03-29 22:33:25.537] [info][general] hl.dll engine callback: pfnCVarGetFloat [sk_9mm_bullet1]
[2026-03-29 22:33:25.537] [info][general] Worldspawn trace: #76 map=c0a0 edict#0 classname=worldspawn pfnCVarGetFloat [sk_hornet_dmg1]
[2026-03-29 22:33:25.537] [info][general] hl.dll engine callback: pfnCVarGetFloat [sk_hornet_dmg1]
[2026-03-29 22:33:25.537] [info][general] Worldspawn trace: #77 map=c0a0 edict#0 classname=worldspawn pfnCVarGetFloat [sk_suitcharger1]
[2026-03-29 22:33:25.538] [info][general] hl.dll engine callback: pfnCVarGetFloat [sk_suitcharger1]
[2026-03-29 22:33:25.538] [info][general] Worldspawn trace: #78 map=c0a0 edict#0 classname=worldspawn pfnCVarGetFloat [sk_battery1]
[2026-03-29 22:33:25.538] [info][general] hl.dll engine callback: pfnCVarGetFloat [sk_battery1]
[2026-03-29 22:33:25.539] [info][general] Worldspawn trace: #79 map=c0a0 edict#0 classname=worldspawn pfnCVarGetFloat [sk_healthcharger1]
[2026-03-29 22:33:25.539] [info][general] hl.dll engine callback: pfnCVarGetFloat [sk_healthcharger1]
[2026-03-29 22:33:25.539] [info][general] Worldspawn trace: #80 map=c0a0 edict#0 classname=worldspawn pfnCVarGetFloat [sk_healthkit1]
[2026-03-29 22:33:25.540] [info][general] hl.dll engine callback: pfnCVarGetFloat [sk_healthkit1]
[2026-03-29 22:33:25.540] [info][general] Worldspawn trace: #81 map=c0a0 edict#0 classname=worldspawn pfnCVarGetFloat [sk_scientist_heal1]
[2026-03-29 22:33:25.541] [info][general] hl.dll engine callback: pfnCVarGetFloat [sk_scientist_heal1]
[2026-03-29 22:33:25.541] [info][general] Worldspawn trace: #82 map=c0a0 edict#0 classname=worldspawn pfnCVarGetFloat [sk_monster_head1]
[2026-03-29 22:33:25.541] [info][general] hl.dll engine callback: pfnCVarGetFloat [sk_monster_head1]
[2026-03-29 22:33:25.541] [info][general] Worldspawn trace: #83 map=c0a0 edict#0 classname=worldspawn pfnCVarGetFloat [sk_monster_chest1]
[2026-03-29 22:33:25.541] [info][general] hl.dll engine callback: pfnCVarGetFloat [sk_monster_chest1]
[2026-03-29 22:33:25.542] [info][general] Worldspawn trace: #84 map=c0a0 edict#0 classname=worldspawn pfnCVarGetFloat [sk_monster_stomach1]
[2026-03-29 22:33:25.542] [info][general] hl.dll engine callback: pfnCVarGetFloat [sk_monster_stomach1]
[2026-03-29 22:33:25.542] [info][general] Worldspawn trace: #85 map=c0a0 edict#0 classname=worldspawn pfnCVarGetFloat [sk_monster_leg1]
[2026-03-29 22:33:25.543] [info][general] hl.dll engine callback: pfnCVarGetFloat [sk_monster_leg1]
[2026-03-29 22:33:25.543] [info][general] Worldspawn trace: #86 map=c0a0 edict#0 classname=worldspawn pfnCVarGetFloat [sk_monster_arm1]
[2026-03-29 22:33:25.543] [info][general] hl.dll engine callback: pfnCVarGetFloat [sk_monster_arm1]
[2026-03-29 22:33:25.544] [info][general] Worldspawn trace: #87 map=c0a0 edict#0 classname=worldspawn pfnCVarGetFloat [sk_player_head1]
[2026-03-29 22:33:25.544] [info][general] hl.dll engine callback: pfnCVarGetFloat [sk_player_head1]
[2026-03-29 22:33:25.544] [info][general] Worldspawn trace: #88 map=c0a0 edict#0 classname=worldspawn pfnCVarGetFloat [sk_player_chest1]
[2026-03-29 22:33:25.544] [info][general] hl.dll engine callback: pfnCVarGetFloat [sk_player_chest1]
[2026-03-29 22:33:25.545] [info][general] Worldspawn trace: #89 map=c0a0 edict#0 classname=worldspawn pfnCVarGetFloat [sk_player_stomach1]
[2026-03-29 22:33:25.545] [info][general] hl.dll engine callback: pfnCVarGetFloat [sk_player_stomach1]
[2026-03-29 22:33:25.545] [info][general] Worldspawn trace: #90 map=c0a0 edict#0 classname=worldspawn pfnCVarGetFloat [sk_player_leg1]
[2026-03-29 22:33:25.545] [info][general] hl.dll engine callback: pfnCVarGetFloat [sk_player_leg1]
[2026-03-29 22:33:25.546] [info][general] Worldspawn trace: #91 map=c0a0 edict#0 classname=worldspawn pfnCVarGetFloat [sk_player_arm1]
[2026-03-29 22:33:25.546] [info][general] hl.dll engine callback: pfnCVarGetFloat [sk_player_arm1]
[2026-03-29 22:33:25.546] [info][general] Worldspawn trace: #92 map=c0a0 edict#0 classname=worldspawn pfnCreateEntity [edict#2]
[2026-03-29 22:33:25.547] [info][general] hl.dll engine callback: pfnCreateEntity [edict#2]
[2026-03-29 22:33:25.547] [info][general] Worldspawn trace: #93 map=c0a0 edict#0 classname=worldspawn pfnPvAllocEntPrivateData [edict#2, bytes=2148]
[2026-03-29 22:33:25.547] [info][general] hl.dll engine callback: pfnPvAllocEntPrivateData [edict#2, bytes=2148]
[2026-03-29 22:33:25.547] [info][general] Worldspawn trace: #94 map=c0a0 edict#0 classname=worldspawn pfnCVarGetFloat [displaysoundlist]
[2026-03-29 22:33:25.548] [info][general] hl.dll engine callback: pfnCVarGetFloat [displaysoundlist]
[2026-03-29 22:33:25.548] [info][general] Worldspawn trace: #95 map=c0a0 edict#0 classname=worldspawn pfnCreateNamedEntity [edict#3 [bodyque]]
[2026-03-29 22:33:25.548] [info][general] hl.dll engine callback: pfnCreateNamedEntity [edict#3 [bodyque]]
[2026-03-29 22:33:25.549] [info][general] Entity bootstrap: binding classname 'bodyque' for hl.dll pfnCreateNamedEntity (edict#3).
[2026-03-29 22:33:25.549] [info][general] Worldspawn trace: #96 map=c0a0 edict#0 classname=worldspawn pfnPvAllocEntPrivateData [edict#3, bytes=84]
[2026-03-29 22:33:25.549] [info][general] hl.dll engine callback: pfnPvAllocEntPrivateData [edict#3, bytes=84]
[2026-03-29 22:33:25.549] [info][general] Entity bootstrap: class binding result for 'bodyque': private data allocated
[2026-03-29 22:33:25.549] [info][general] Worldspawn trace: #97 map=c0a0 edict#0 classname=worldspawn pfnCreateNamedEntity [edict#4 [bodyque]]
[2026-03-29 22:33:25.550] [info][general] hl.dll engine callback: pfnCreateNamedEntity [edict#4 [bodyque]]
[2026-03-29 22:33:25.550] [info][general] Entity bootstrap: binding classname 'bodyque' for hl.dll pfnCreateNamedEntity (edict#4).
[2026-03-29 22:33:25.550] [info][general] Worldspawn trace: #98 map=c0a0 edict#0 classname=worldspawn pfnPvAllocEntPrivateData [edict#4, bytes=84]
[2026-03-29 22:33:25.550] [info][general] hl.dll engine callback: pfnPvAllocEntPrivateData [edict#4, bytes=84]
[2026-03-29 22:33:25.551] [info][general] Entity bootstrap: class binding result for 'bodyque': private data allocated
[2026-03-29 22:33:25.551] [info][general] Worldspawn trace: #99 map=c0a0 edict#0 classname=worldspawn pfnCreateNamedEntity [edict#5 [bodyque]]
[2026-03-29 22:33:25.551] [info][general] hl.dll engine callback: pfnCreateNamedEntity [edict#5 [bodyque]]
[2026-03-29 22:33:25.551] [info][general] Entity bootstrap: binding classname 'bodyque' for hl.dll pfnCreateNamedEntity (edict#5).
[2026-03-29 22:33:25.551] [info][general] Worldspawn trace: #100 map=c0a0 edict#0 classname=worldspawn pfnPvAllocEntPrivateData [edict#5, bytes=84]
[2026-03-29 22:33:25.552] [info][general] hl.dll engine callback: pfnPvAllocEntPrivateData [edict#5, bytes=84]
[2026-03-29 22:33:25.552] [info][general] Entity bootstrap: class binding result for 'bodyque': private data allocated
[2026-03-29 22:33:25.552] [info][general] Worldspawn trace: #101 map=c0a0 edict#0 classname=worldspawn pfnCreateNamedEntity [edict#6 [bodyque]]
[2026-03-29 22:33:25.553] [info][general] hl.dll engine callback: pfnCreateNamedEntity [edict#6 [bodyque]]
[2026-03-29 22:33:25.553] [info][general] Entity bootstrap: binding classname 'bodyque' for hl.dll pfnCreateNamedEntity (edict#6).
[2026-03-29 22:33:25.553] [info][general] Worldspawn trace: #102 map=c0a0 edict#0 classname=worldspawn pfnPvAllocEntPrivateData [edict#6, bytes=84]
[2026-03-29 22:33:25.553] [info][general] hl.dll engine callback: pfnPvAllocEntPrivateData [edict#6, bytes=84]
[2026-03-29 22:33:25.553] [info][general] Entity bootstrap: class binding result for 'bodyque': private data allocated
[2026-03-29 22:33:25.554] [info][general] Worldspawn trace: #103 map=c0a0 edict#0 classname=worldspawn pfnLoadFileForMe [requested=sound/sentences.txt, normalized=sound/sentences.txt, resolved=D:\Steam\steamapps\common\Half-Life\valve\sound\sentences.txt]
[2026-03-29 22:33:25.554] [info][general] hl.dll engine callback: pfnLoadFileForMe [requested=sound/sentences.txt, normalized=sound/sentences.txt, resolved=D:\Steam\steamapps\common\Half-Life\valve\sound\sentences.txt]
[2026-03-29 22:33:25.554] [info][general] pfnLoadFileForMe loaded 51766 bytes from D:\Steam\steamapps\common\Half-Life\valve\sound\sentences.txt
[2026-03-29 22:33:25.555] [info][general] Worldspawn trace: #104 map=c0a0 edict#0 classname=worldspawn pfnFreeFile [D:\Steam\steamapps\common\Half-Life\valve\sound\sentences.txt]
[2026-03-29 22:33:25.555] [info][general] hl.dll engine callback: pfnFreeFile [D:\Steam\steamapps\common\Half-Life\valve\sound\sentences.txt]
[2026-03-29 22:33:25.555] [info][general] Random diagnostics registered callsite: pfnRandomLong return=0x72A60999 context=after pfnFreeFile [D:\Steam\steamapps\common\Half-Life\valve\sound\sentences.txt]
[2026-03-29 22:33:25.556] [info][general] Worldspawn trace: #105 map=c0a0 edict#0 classname=worldspawn pfnRandomLong [low=0, high=6, result=2, return=0x72A60999, context=after pfnFreeFile [D:\Steam\steamapps\common\Half-Life\valve\sound\sentences.txt]]
[2026-03-29 22:33:25.556] [info][general] hl.dll engine callback: pfnRandomLong [low=0, high=6, result=2, return=0x72A60999, context=after pfnFreeFile [D:\Steam\steamapps\common\Half-Life\valve\sound\sentences.txt]]
[2026-03-29 22:33:25.556] [info][general] Random diagnostics registered callsite: pfnRandomLong return=0x72A609A6 context=after pfnRandomLong [low=0, high=6, result=2, return=0x72A60999, context=after pfnFreeFile [D:\Steam\steamapps\common\Half-Life\valve\sound\sentences.txt]]
[2026-03-29 22:33:25.556] [info][general] Worldspawn trace: #106 map=c0a0 edict#0 classname=worldspawn pfnRandomLong [low=0, high=6, result=3, return=0x72A609A6, context=after pfnRandomLong [low=0, high=6, result=2, return=0x72A60999, context=after pfnFreeFile [D:\Steam\steamapps\common\Half-Life\valve\sound\sentences.txt]]]
[2026-03-29 22:33:25.556] [info][general] hl.dll engine callback: pfnRandomLong [low=0, high=6, result=3, return=0x72A609A6, context=after pfnRandomLong [low=0, high=6, result=2, return=0x72A60999, context=after pfnFreeFile [D:\Steam\steamapps\common\Half-Life\valve\sound\sentences.txt]]]
[2026-03-29 22:33:25.557] [info][general] Worldspawn trace: #107 map=c0a0 edict#0 classname=worldspawn pfnRandomLong [low=0, high=6, result=1, return=0x72A60999, context=after pfnRandomLong [low=0, high=6, result=2, return=0x72A60999, context=after pfnFreeFile [D:\Steam\steamapps\common\Half-Life\valve\sound\sentences.txt]]]
[2026-03-29 22:33:25.557] [info][general] hl.dll engine callback: pfnRandomLong [low=0, high=6, result=1, return=0x72A60999, context=after pfnRandomLong [low=0, high=6, result=2, return=0x72A60999, context=after pfnFreeFile [D:\Steam\steamapps\common\Half-Life\valve\sound\sentences.txt]]]
[2026-03-29 22:33:25.557] [info][general] Worldspawn trace: #108 map=c0a0 edict#0 classname=worldspawn pfnRandomLong [low=0, high=6, result=0, return=0x72A609A6, context=after pfnRandomLong [low=0, high=6, result=2, return=0x72A60999, context=after pfnFreeFile [D:\Steam\steamapps\common\Half-Life\valve\sound\sentences.txt]]]
[2026-03-29 22:33:25.557] [info][general] hl.dll engine callback: pfnRandomLong [low=0, high=6, result=0, return=0x72A609A6, context=after pfnRandomLong [low=0, high=6, result=2, return=0x72A60999, context=after pfnFreeFile [D:\Steam\steamapps\common\Half-Life\valve\sound\sentences.txt]]]
[2026-03-29 22:33:25.558] [info][general] Worldspawn trace: #109 map=c0a0 edict#0 classname=worldspawn pfnRandomLong [low=0, high=6, result=3, return=0x72A60999, context=after pfnRandomLong [low=0, high=6, result=2, return=0x72A60999, context=after pfnFreeFile [D:\Steam\steamapps\common\Half-Life\valve\sound\sentences.txt]]]
[2026-03-29 22:33:25.558] [info][general] hl.dll engine callback: pfnRandomLong [low=0, high=6, result=3, return=0x72A60999, context=after pfnRandomLong [low=0, high=6, result=2, return=0x72A60999, context=after pfnFreeFile [D:\Steam\steamapps\common\Half-Life\valve\sound\sentences.txt]]]
[2026-03-29 22:33:25.559] [info][general] Worldspawn trace: #110 map=c0a0 edict#0 classname=worldspawn pfnRandomLong [low=0, high=6, result=3, return=0x72A609A6, context=after pfnRandomLong [low=0, high=6, result=2, return=0x72A60999, context=after pfnFreeFile [D:\Steam\steamapps\common\Half-Life\valve\sound\sentences.txt]]]
[2026-03-29 22:33:25.559] [info][general] hl.dll engine callback: pfnRandomLong [low=0, high=6, result=3, return=0x72A609A6, context=after pfnRandomLong [low=0, high=6, result=2, return=0x72A60999, context=after pfnFreeFile [D:\Steam\steamapps\common\Half-Life\valve\sound\sentences.txt]]]
[2026-03-29 22:33:25.560] [info][general] Worldspawn trace: #111 map=c0a0 edict#0 classname=worldspawn pfnRandomLong [low=0, high=6, result=1, return=0x72A60999, context=after pfnRandomLong [low=0, high=6, result=2, return=0x72A60999, context=after pfnFreeFile [D:\Steam\steamapps\common\Half-Life\valve\sound\sentences.txt]]]
[2026-03-29 22:33:25.560] [info][general] hl.dll engine callback: pfnRandomLong [low=0, high=6, result=1, return=0x72A60999, context=after pfnRandomLong [low=0, high=6, result=2, return=0x72A60999, context=after pfnFreeFile [D:\Steam\steamapps\common\Half-Life\valve\sound\sentences.txt]]]
[2026-03-29 22:33:25.560] [info][general] Worldspawn trace: #112 map=c0a0 edict#0 classname=worldspawn pfnRandomLong [low=0, high=6, result=3, return=0x72A609A6, context=after pfnRandomLong [low=0, high=6, result=2, return=0x72A60999, context=after pfnFreeFile [D:\Steam\steamapps\common\Half-Life\valve\sound\sentences.txt]]]
[2026-03-29 22:33:25.560] [info][general] hl.dll engine callback: pfnRandomLong [low=0, high=6, result=3, return=0x72A609A6, context=after pfnRandomLong [low=0, high=6, result=2, return=0x72A60999, context=after pfnFreeFile [D:\Steam\steamapps\common\Half-Life\valve\sound\sentences.txt]]]
[2026-03-29 22:33:25.561] [info][general] Worldspawn trace: #113 map=c0a0 edict#0 classname=worldspawn pfnRandomLong [low=0, high=6, result=4, return=0x72A60999, context=after pfnRandomLong [low=0, high=6, result=2, return=0x72A60999, context=after pfnFreeFile [D:\Steam\steamapps\common\Half-Life\valve\sound\sentences.txt]]]
[2026-03-29 22:33:25.561] [info][general] hl.dll engine callback: pfnRandomLong [low=0, high=6, result=4, return=0x72A60999, context=after pfnRandomLong [low=0, high=6, result=2, return=0x72A60999, context=after pfnFreeFile [D:\Steam\steamapps\common\Half-Life\valve\sound\sentences.txt]]]
[2026-03-29 22:33:25.561] [info][general] Worldspawn trace: #114 map=c0a0 edict#0 classname=worldspawn pfnRandomLong [low=0, high=6, result=2, return=0x72A609A6, context=after pfnRandomLong [low=0, high=6, result=2, return=0x72A60999, context=after pfnFreeFile [D:\Steam\steamapps\common\Half-Life\valve\sound\sentences.txt]]]
[2026-03-29 22:33:25.561] [info][general] hl.dll engine callback: pfnRandomLong [low=0, high=6, result=2, return=0x72A609A6, context=after pfnRandomLong [low=0, high=6, result=2, return=0x72A60999, context=after pfnFreeFile [D:\Steam\steamapps\common\Half-Life\valve\sound\sentences.txt]]]
[2026-03-29 22:33:25.561] [info][general] Worldspawn trace: #115 map=c0a0 edict#0 classname=worldspawn pfnRandomLong [low=0, high=6, result=6, return=0x72A60999, context=after pfnRandomLong [low=0, high=6, result=2, return=0x72A60999, context=after pfnFreeFile [D:\Steam\steamapps\common\Half-Life\valve\sound\sentences.txt]]]
[2026-03-29 22:33:25.561] [info][general] hl.dll engine callback: pfnRandomLong [low=0, high=6, result=6, return=0x72A60999, context=after pfnRandomLong [low=0, high=6, result=2, return=0x72A60999, context=after pfnFreeFile [D:\Steam\steamapps\common\Half-Life\valve\sound\sentences.txt]]]
[2026-03-29 22:33:25.562] [info][general] Worldspawn trace: #116 map=c0a0 edict#0 classname=worldspawn pfnRandomLong [low=0, high=6, result=5, return=0x72A609A6, context=after pfnRandomLong [low=0, high=6, result=2, return=0x72A60999, context=after pfnFreeFile [D:\Steam\steamapps\common\Half-Life\valve\sound\sentences.txt]]]
[2026-03-29 22:33:25.562] [info][general] hl.dll engine callback: pfnRandomLong [low=0, high=6, result=5, return=0x72A609A6, context=after pfnRandomLong [low=0, high=6, result=2, return=0x72A60999, context=after pfnFreeFile [D:\Steam\steamapps\common\Half-Life\valve\sound\sentences.txt]]]
[2026-03-29 22:33:25.562] [info][general] Worldspawn trace: #117 map=c0a0 edict#0 classname=worldspawn pfnRandomLong [low=0, high=6, result=6, return=0x72A60999, context=after pfnRandomLong [low=0, high=6, result=2, return=0x72A60999, context=after pfnFreeFile [D:\Steam\steamapps\common\Half-Life\valve\sound\sentences.txt]]]
[2026-03-29 22:33:25.563] [info][general] hl.dll engine callback: pfnRandomLong [low=0, high=6, result=6, return=0x72A60999, context=after pfnRandomLong [low=0, high=6, result=2, return=0x72A60999, context=after pfnFreeFile [D:\Steam\steamapps\common\Half-Life\valve\sound\sentences.txt]]]
[2026-03-29 22:33:25.563] [info][general] Worldspawn trace: #118 map=c0a0 edict#0 classname=worldspawn pfnRandomLong [low=0, high=6, result=5, return=0x72A609A6, context=after pfnRandomLong [low=0, high=6, result=2, return=0x72A60999, context=after pfnFreeFile [D:\Steam\steamapps\common\Half-Life\valve\sound\sentences.txt]]]
[2026-03-29 22:33:25.563] [info][general] hl.dll engine callback: pfnRandomLong [low=0, high=6, result=5, return=0x72A609A6, context=after pfnRandomLong [low=0, high=6, result=2, return=0x72A60999, context=after pfnFreeFile [D:\Steam\steamapps\common\Half-Life\valve\sound\sentences.txt]]]
[2026-03-29 22:33:25.563] [info][general] Worldspawn trace: #119 map=c0a0 edict#0 classname=worldspawn pfnRandomLong [low=0, high=6, result=3, return=0x72A60999, context=after pfnRandomLong [low=0, high=6, result=2, return=0x72A60999, context=after pfnFreeFile [D:\Steam\steamapps\common\Half-Life\valve\sound\sentences.txt]]]
[2026-03-29 22:33:25.563] [info][general] hl.dll engine callback: pfnRandomLong [low=0, high=6, result=3, return=0x72A60999, context=after pfnRandomLong [low=0, high=6, result=2, return=0x72A60999, context=after pfnFreeFile [D:\Steam\steamapps\common\Half-Life\valve\sound\sentences.txt]]]
[2026-03-29 22:33:25.564] [info][general] Worldspawn trace: #120 map=c0a0 edict#0 classname=worldspawn pfnRandomLong [low=0, high=6, result=6, return=0x72A609A6, context=after pfnRandomLong [low=0, high=6, result=2, return=0x72A60999, context=after pfnFreeFile [D:\Steam\steamapps\common\Half-Life\valve\sound\sentences.txt]]]
[2026-03-29 22:33:25.564] [info][general] hl.dll engine callback: pfnRandomLong [low=0, high=6, result=6, return=0x72A609A6, context=after pfnRandomLong [low=0, high=6, result=2, return=0x72A60999, context=after pfnFreeFile [D:\Steam\steamapps\common\Half-Life\valve\sound\sentences.txt]]]
[2026-03-29 22:33:25.564] [info][general] Worldspawn trace: #121 map=c0a0 edict#0 classname=worldspawn pfnRandomLong [low=0, high=6, result=5, return=0x72A60999, context=after pfnRandomLong [low=0, high=6, result=2, return=0x72A60999, context=after pfnFreeFile [D:\Steam\steamapps\common\Half-Life\valve\sound\sentences.txt]]]
[2026-03-29 22:33:25.564] [info][general] hl.dll engine callback: pfnRandomLong [low=0, high=6, result=5, return=0x72A60999, context=after pfnRandomLong [low=0, high=6, result=2, return=0x72A60999, context=after pfnFreeFile [D:\Steam\steamapps\common\Half-Life\valve\sound\sentences.txt]]]
[2026-03-29 22:33:25.564] [info][general] Worldspawn trace: #122 map=c0a0 edict#0 classname=worldspawn pfnRandomLong [low=0, high=6, result=6, return=0x72A609A6, context=after pfnRandomLong [low=0, high=6, result=2, return=0x72A60999, context=after pfnFreeFile [D:\Steam\steamapps\common\Half-Life\valve\sound\sentences.txt]]]
[2026-03-29 22:33:25.565] [info][general] hl.dll engine callback: pfnRandomLong [low=0, high=6, result=6, return=0x72A609A6, context=after pfnRandomLong [low=0, high=6, result=2, return=0x72A60999, context=after pfnFreeFile [D:\Steam\steamapps\common\Half-Life\valve\sound\sentences.txt]]]
[2026-03-29 22:33:25.565] [info][general] Worldspawn trace: #123 map=c0a0 edict#0 classname=worldspawn pfnRandomLong [low=0, high=6, result=6, return=0x72A60999, context=after pfnRandomLong [low=0, high=6, result=2, return=0x72A60999, context=after pfnFreeFile [D:\Steam\steamapps\common\Half-Life\valve\sound\sentences.txt]]]
[2026-03-29 22:33:25.565] [info][general] hl.dll engine callback: pfnRandomLong [low=0, high=6, result=6, return=0x72A60999, context=after pfnRandomLong [low=0, high=6, result=2, return=0x72A60999, context=after pfnFreeFile [D:\Steam\steamapps\common\Half-Life\valve\sound\sentences.txt]]]
[2026-03-29 22:33:25.565] [info][general] Worldspawn trace: #124 map=c0a0 edict#0 classname=worldspawn pfnRandomLong [low=0, high=6, result=3, return=0x72A609A6, context=after pfnRandomLong [low=0, high=6, result=2, return=0x72A60999, context=after pfnFreeFile [D:\Steam\steamapps\common\Half-Life\valve\sound\sentences.txt]]]
[2026-03-29 22:33:25.565] [info][general] hl.dll engine callback: pfnRandomLong [low=0, high=6, result=3, return=0x72A609A6, context=after pfnRandomLong [low=0, high=6, result=2, return=0x72A60999, context=after pfnFreeFile [D:\Steam\steamapps\common\Half-Life\valve\sound\sentences.txt]]]
[2026-03-29 22:33:25.566] [info][general] Worldspawn trace: #125 map=c0a0 edict#0 classname=worldspawn pfnRandomLong [low=0, high=6, result=6, return=0x72A60999, context=after pfnRandomLong [low=0, high=6, result=2, return=0x72A60999, context=after pfnFreeFile [D:\Steam\steamapps\common\Half-Life\valve\sound\sentences.txt]]]
[2026-03-29 22:33:25.566] [info][general] hl.dll engine callback: pfnRandomLong [low=0, high=6, result=6, return=0x72A60999, context=after pfnRandomLong [low=0, high=6, result=2, return=0x72A60999, context=after pfnFreeFile [D:\Steam\steamapps\common\Half-Life\valve\sound\sentences.txt]]]
[2026-03-29 22:33:25.566] [info][general] Worldspawn trace: #126 map=c0a0 edict#0 classname=worldspawn pfnRandomLong [low=0, high=6, result=0, return=0x72A609A6, context=after pfnRandomLong [low=0, high=6, result=2, return=0x72A60999, context=after pfnFreeFile [D:\Steam\steamapps\common\Half-Life\valve\sound\sentences.txt]]]
[2026-03-29 22:33:25.566] [info][general] hl.dll engine callback: pfnRandomLong [low=0, high=6, result=0, return=0x72A609A6, context=after pfnRandomLong [low=0, high=6, result=2, return=0x72A60999, context=after pfnFreeFile [D:\Steam\steamapps\common\Half-Life\valve\sound\sentences.txt]]]
[2026-03-29 22:33:25.566] [info][general] Worldspawn trace: #127 map=c0a0 edict#0 classname=worldspawn pfnRandomLong [low=0, high=6, result=3, return=0x72A60999, context=after pfnRandomLong [low=0, high=6, result=2, return=0x72A60999, context=after pfnFreeFile [D:\Steam\steamapps\common\Half-Life\valve\sound\sentences.txt]]]
[2026-03-29 22:33:25.567] [info][general] hl.dll engine callback: pfnRandomLong [low=0, high=6, result=3, return=0x72A60999, context=after pfnRandomLong [low=0, high=6, result=2, return=0x72A60999, context=after pfnFreeFile [D:\Steam\steamapps\common\Half-Life\valve\sound\sentences.txt]]]
[2026-03-29 22:33:25.567] [info][general] Worldspawn trace: #128 map=c0a0 edict#0 classname=worldspawn pfnRandomLong [low=0, high=6, result=2, return=0x72A609A6, context=after pfnRandomLong [low=0, high=6, result=2, return=0x72A60999, context=after pfnFreeFile [D:\Steam\steamapps\common\Half-Life\valve\sound\sentences.txt]]]
[2026-03-29 22:33:25.567] [info][general] hl.dll engine callback: pfnRandomLong [low=0, high=6, result=2, return=0x72A609A6, context=after pfnRandomLong [low=0, high=6, result=2, return=0x72A60999, context=after pfnFreeFile [D:\Steam\steamapps\common\Half-Life\valve\sound\sentences.txt]]]
[2026-03-29 22:33:25.567] [info][general] Worldspawn trace: #129 map=c0a0 edict#0 classname=worldspawn pfnRandomLong [low=0, high=6, result=4, return=0x72A60999, context=after pfnRandomLong [low=0, high=6, result=2, return=0x72A60999, context=after pfnFreeFile [D:\Steam\steamapps\common\Half-Life\valve\sound\sentences.txt]]]
[2026-03-29 22:33:25.567] [info][general] hl.dll engine callback: pfnRandomLong [low=0, high=6, result=4, return=0x72A60999, context=after pfnRandomLong [low=0, high=6, result=2, return=0x72A60999, context=after pfnFreeFile [D:\Steam\steamapps\common\Half-Life\valve\sound\sentences.txt]]]
[2026-03-29 22:33:25.568] [info][general] Worldspawn trace: #130 map=c0a0 edict#0 classname=worldspawn pfnRandomLong [low=0, high=6, result=3, return=0x72A609A6, context=after pfnRandomLong [low=0, high=6, result=2, return=0x72A60999, context=after pfnFreeFile [D:\Steam\steamapps\common\Half-Life\valve\sound\sentences.txt]]]
[2026-03-29 22:33:25.568] [info][general] hl.dll engine callback: pfnRandomLong [low=0, high=6, result=3, return=0x72A609A6, context=after pfnRandomLong [low=0, high=6, result=2, return=0x72A60999, context=after pfnFreeFile [D:\Steam\steamapps\common\Half-Life\valve\sound\sentences.txt]]]
[2026-03-29 22:33:25.568] [info][general] Worldspawn trace: #131 map=c0a0 edict#0 classname=worldspawn pfnRandomLong [low=0, high=6, result=2, return=0x72A60999, context=after pfnRandomLong [low=0, high=6, result=2, return=0x72A60999, context=after pfnFreeFile [D:\Steam\steamapps\common\Half-Life\valve\sound\sentences.txt]]]
[2026-03-29 22:33:25.568] [info][general] hl.dll engine callback: pfnRandomLong [low=0, high=6, result=2, return=0x72A60999, context=after pfnRandomLong [low=0, high=6, result=2, return=0x72A60999, context=after pfnFreeFile [D:\Steam\steamapps\common\Half-Life\valve\sound\sentences.txt]]]
[2026-03-29 22:33:25.568] [info][general] Worldspawn trace: #132 map=c0a0 edict#0 classname=worldspawn pfnRandomLong [low=0, high=6, result=4, return=0x72A609A6, context=after pfnRandomLong [low=0, high=6, result=2, return=0x72A60999, context=after pfnFreeFile [D:\Steam\steamapps\common\Half-Life\valve\sound\sentences.txt]]]
[2026-03-29 22:33:25.568] [info][general] hl.dll engine callback: pfnRandomLong [low=0, high=6, result=4, return=0x72A609A6, context=after pfnRandomLong [low=0, high=6, result=2, return=0x72A60999, context=after pfnFreeFile [D:\Steam\steamapps\common\Half-Life\valve\sound\sentences.txt]]]
[2026-03-29 22:33:25.569] [info][general] Worldspawn trace: #133 map=c0a0 edict#0 classname=worldspawn pfnRandomLong [low=0, high=6, result=4, return=0x72A60999, context=after pfnRandomLong [low=0, high=6, result=2, return=0x72A60999, context=after pfnFreeFile [D:\Steam\steamapps\common\Half-Life\valve\sound\sentences.txt]]]
[2026-03-29 22:33:25.569] [info][general] hl.dll engine callback: pfnRandomLong [low=0, high=6, result=4, return=0x72A60999, context=after pfnRandomLong [low=0, high=6, result=2, return=0x72A60999, context=after pfnFreeFile [D:\Steam\steamapps\common\Half-Life\valve\sound\sentences.txt]]]
[2026-03-29 22:33:25.569] [info][general] Worldspawn trace: #134 map=c0a0 edict#0 classname=worldspawn pfnRandomLong [low=0, high=6, result=1, return=0x72A609A6, context=after pfnRandomLong [low=0, high=6, result=2, return=0x72A60999, context=after pfnFreeFile [D:\Steam\steamapps\common\Half-Life\valve\sound\sentences.txt]]]
[2026-03-29 22:33:25.569] [info][general] hl.dll engine callback: pfnRandomLong [low=0, high=6, result=1, return=0x72A609A6, context=after pfnRandomLong [low=0, high=6, result=2, return=0x72A60999, context=after pfnFreeFile [D:\Steam\steamapps\common\Half-Life\valve\sound\sentences.txt]]]
[2026-03-29 22:33:25.569] [info][general] Worldspawn trace: #135 map=c0a0 edict#0 classname=worldspawn pfnRandomLong [low=0, high=6, result=4, return=0x72A60999, context=after pfnRandomLong [low=0, high=6, result=2, return=0x72A60999, context=after pfnFreeFile [D:\Steam\steamapps\common\Half-Life\valve\sound\sentences.txt]]]
[2026-03-29 22:33:25.569] [info][general] hl.dll engine callback: pfnRandomLong [low=0, high=6, result=4, return=0x72A60999, context=after pfnRandomLong [low=0, high=6, result=2, return=0x72A60999, context=after pfnFreeFile [D:\Steam\steamapps\common\Half-Life\valve\sound\sentences.txt]]]
[2026-03-29 22:33:25.570] [info][general] Worldspawn trace: #136 map=c0a0 edict#0 classname=worldspawn pfnRandomLong [low=0, high=6, result=0, return=0x72A609A6, context=after pfnRandomLong [low=0, high=6, result=2, return=0x72A60999, context=after pfnFreeFile [D:\Steam\steamapps\common\Half-Life\valve\sound\sentences.txt]]]
[2026-03-29 22:33:25.570] [info][general] hl.dll engine callback: pfnRandomLong [low=0, high=6, result=0, return=0x72A609A6, context=after pfnRandomLong [low=0, high=6, result=2, return=0x72A60999, context=after pfnFreeFile [D:\Steam\steamapps\common\Half-Life\valve\sound\sentences.txt]]]
[2026-03-29 22:33:25.570] [info][general] Worldspawn trace: #137 map=c0a0 edict#0 classname=worldspawn pfnRandomLong [low=0, high=6, result=5, return=0x72A60999, context=after pfnRandomLong [low=0, high=6, result=2, return=0x72A60999, context=after pfnFreeFile [D:\Steam\steamapps\common\Half-Life\valve\sound\sentences.txt]]]
[2026-03-29 22:33:25.570] [info][general] hl.dll engine callback: pfnRandomLong [low=0, high=6, result=5, return=0x72A60999, context=after pfnRandomLong [low=0, high=6, result=2, return=0x72A60999, context=after pfnFreeFile [D:\Steam\steamapps\common\Half-Life\valve\sound\sentences.txt]]]
[2026-03-29 22:33:25.570] [info][general] Worldspawn trace: #138 map=c0a0 edict#0 classname=worldspawn pfnRandomLong [low=0, high=6, result=4, return=0x72A609A6, context=after pfnRandomLong [low=0, high=6, result=2, return=0x72A60999, context=after pfnFreeFile [D:\Steam\steamapps\common\Half-Life\valve\sound\sentences.txt]]]
[2026-03-29 22:33:25.571] [info][general] hl.dll engine callback: pfnRandomLong [low=0, high=6, result=4, return=0x72A609A6, context=after pfnRandomLong [low=0, high=6, result=2, return=0x72A60999, context=after pfnFreeFile [D:\Steam\steamapps\common\Half-Life\valve\sound\sentences.txt]]]
[2026-03-29 22:33:25.571] [info][general] Worldspawn trace: #139 map=c0a0 edict#0 classname=worldspawn pfnRandomLong [low=0, high=6, result=4, return=0x72A60999, context=after pfnRandomLong [low=0, high=6, result=2, return=0x72A60999, context=after pfnFreeFile [D:\Steam\steamapps\common\Half-Life\valve\sound\sentences.txt]]]
[2026-03-29 22:33:25.571] [info][general] hl.dll engine callback: pfnRandomLong [low=0, high=6, result=4, return=0x72A60999, context=after pfnRandomLong [low=0, high=6, result=2, return=0x72A60999, context=after pfnFreeFile [D:\Steam\steamapps\common\Half-Life\valve\sound\sentences.txt]]]
[2026-03-29 22:33:25.571] [info][general] Worldspawn trace: #140 map=c0a0 edict#0 classname=worldspawn pfnRandomLong [low=0, high=6, result=5, return=0x72A609A6, context=after pfnRandomLong [low=0, high=6, result=2, return=0x72A60999, context=after pfnFreeFile [D:\Steam\steamapps\common\Half-Life\valve\sound\sentences.txt]]]
[2026-03-29 22:33:25.571] [info][general] hl.dll engine callback: pfnRandomLong [low=0, high=6, result=5, return=0x72A609A6, context=after pfnRandomLong [low=0, high=6, result=2, return=0x72A60999, context=after pfnFreeFile [D:\Steam\steamapps\common\Half-Life\valve\sound\sentences.txt]]]
[2026-03-29 22:33:25.572] [info][general] Worldspawn trace: #141 map=c0a0 edict#0 classname=worldspawn pfnRandomLong [low=0, high=6, result=2, return=0x72A60999, context=after pfnRandomLong [low=0, high=6, result=2, return=0x72A60999, context=after pfnFreeFile [D:\Steam\steamapps\common\Half-Life\valve\sound\sentences.txt]]]
[2026-03-29 22:33:25.572] [info][general] hl.dll engine callback: pfnRandomLong [low=0, high=6, result=2, return=0x72A60999, context=after pfnRandomLong [low=0, high=6, result=2, return=0x72A60999, context=after pfnFreeFile [D:\Steam\steamapps\common\Half-Life\valve\sound\sentences.txt]]]
[2026-03-29 22:33:25.572] [info][general] Worldspawn trace: #142 map=c0a0 edict#0 classname=worldspawn pfnRandomLong [low=0, high=6, result=1, return=0x72A609A6, context=after pfnRandomLong [low=0, high=6, result=2, return=0x72A60999, context=after pfnFreeFile [D:\Steam\steamapps\common\Half-Life\valve\sound\sentences.txt]]]
[2026-03-29 22:33:25.572] [info][general] hl.dll engine callback: pfnRandomLong [low=0, high=6, result=1, return=0x72A609A6, context=after pfnRandomLong [low=0, high=6, result=2, return=0x72A60999, context=after pfnFreeFile [D:\Steam\steamapps\common\Half-Life\valve\sound\sentences.txt]]]
[2026-03-29 22:33:25.573] [info][general] Worldspawn trace: #143 map=c0a0 edict#0 classname=worldspawn pfnRandomLong [low=0, high=6, result=3, return=0x72A60999, context=after pfnRandomLong [low=0, high=6, result=2, return=0x72A60999, context=after pfnFreeFile [D:\Steam\steamapps\common\Half-Life\valve\sound\sentences.txt]]]
[2026-03-29 22:33:25.573] [info][general] hl.dll engine callback: pfnRandomLong [low=0, high=6, result=3, return=0x72A60999, context=after pfnRandomLong [low=0, high=6, result=2, return=0x72A60999, context=after pfnFreeFile [D:\Steam\steamapps\common\Half-Life\valve\sound\sentences.txt]]]
[2026-03-29 22:33:25.574] [info][general] Worldspawn trace: #144 map=c0a0 edict#0 classname=worldspawn pfnRandomLong [low=0, high=6, result=3, return=0x72A609A6, context=after pfnRandomLong [low=0, high=6, result=2, return=0x72A60999, context=after pfnFreeFile [D:\Steam\steamapps\common\Half-Life\valve\sound\sentences.txt]]]
[2026-03-29 22:33:25.574] [info][general] hl.dll engine callback: pfnRandomLong [low=0, high=6, result=3, return=0x72A609A6, context=after pfnRandomLong [low=0, high=6, result=2, return=0x72A60999, context=after pfnFreeFile [D:\Steam\steamapps\common\Half-Life\valve\sound\sentences.txt]]]
[2026-03-29 22:33:25.574] [info][general] Worldspawn trace: #145 map=c0a0 edict#0 classname=worldspawn pfnRandomLong [low=0, high=6, result=0, return=0x72A60999, context=after pfnRandomLong [low=0, high=6, result=2, return=0x72A60999, context=after pfnFreeFile [D:\Steam\steamapps\common\Half-Life\valve\sound\sentences.txt]]]
[2026-03-29 22:33:25.574] [info][general] hl.dll engine callback: pfnRandomLong [low=0, high=6, result=0, return=0x72A60999, context=after pfnRandomLong [low=0, high=6, result=2, return=0x72A60999, context=after pfnFreeFile [D:\Steam\steamapps\common\Half-Life\valve\sound\sentences.txt]]]
[2026-03-29 22:33:25.574] [info][general] Worldspawn trace: #146 map=c0a0 edict#0 classname=worldspawn pfnRandomLong [low=0, high=6, result=2, return=0x72A609A6, context=after pfnRandomLong [low=0, high=6, result=2, return=0x72A60999, context=after pfnFreeFile [D:\Steam\steamapps\common\Half-Life\valve\sound\sentences.txt]]]
[2026-03-29 22:33:25.574] [info][general] hl.dll engine callback: pfnRandomLong [low=0, high=6, result=2, return=0x72A609A6, context=after pfnRandomLong [low=0, high=6, result=2, return=0x72A60999, context=after pfnFreeFile [D:\Steam\steamapps\common\Half-Life\valve\sound\sentences.txt]]]
[2026-03-29 22:33:25.575] [info][general] Worldspawn trace: #147 map=c0a0 edict#0 classname=worldspawn pfnRandomLong [low=0, high=6, result=0, return=0x72A60999, context=after pfnRandomLong [low=0, high=6, result=2, return=0x72A60999, context=after pfnFreeFile [D:\Steam\steamapps\common\Half-Life\valve\sound\sentences.txt]]]
[2026-03-29 22:33:25.575] [info][general] hl.dll engine callback: pfnRandomLong [low=0, high=6, result=0, return=0x72A60999, context=after pfnRandomLong [low=0, high=6, result=2, return=0x72A60999, context=after pfnFreeFile [D:\Steam\steamapps\common\Half-Life\valve\sound\sentences.txt]]]
[2026-03-29 22:33:25.575] [info][general] Worldspawn trace: #148 map=c0a0 edict#0 classname=worldspawn pfnRandomLong [low=0, high=6, result=6, return=0x72A609A6, context=after pfnRandomLong [low=0, high=6, result=2, return=0x72A60999, context=after pfnFreeFile [D:\Steam\steamapps\common\Half-Life\valve\sound\sentences.txt]]]
[2026-03-29 22:33:25.575] [info][general] hl.dll engine callback: pfnRandomLong [low=0, high=6, result=6, return=0x72A609A6, context=after pfnRandomLong [low=0, high=6, result=2, return=0x72A60999, context=after pfnFreeFile [D:\Steam\steamapps\common\Half-Life\valve\sound\sentences.txt]]]
[2026-03-29 22:33:25.576] [info][general] Worldspawn trace: #149 map=c0a0 edict#0 classname=worldspawn pfnRandomLong [low=0, high=6, result=3, return=0x72A60999, context=after pfnRandomLong [low=0, high=6, result=2, return=0x72A60999, context=after pfnFreeFile [D:\Steam\steamapps\common\Half-Life\valve\sound\sentences.txt]]]
[2026-03-29 22:33:25.576] [info][general] hl.dll engine callback: pfnRandomLong [low=0, high=6, result=3, return=0x72A60999, context=after pfnRandomLong [low=0, high=6, result=2, return=0x72A60999, context=after pfnFreeFile [D:\Steam\steamapps\common\Half-Life\valve\sound\sentences.txt]]]
[2026-03-29 22:33:25.576] [info][general] Worldspawn trace: #150 map=c0a0 edict#0 classname=worldspawn pfnRandomLong [low=0, high=6, result=0, return=0x72A609A6, context=after pfnRandomLong [low=0, high=6, result=2, return=0x72A60999, context=after pfnFreeFile [D:\Steam\steamapps\common\Half-Life\valve\sound\sentences.txt]]]
[2026-03-29 22:33:25.576] [info][general] hl.dll engine callback: pfnRandomLong [low=0, high=6, result=0, return=0x72A609A6, context=after pfnRandomLong [low=0, high=6, result=2, return=0x72A60999, context=after pfnFreeFile [D:\Steam\steamapps\common\Half-Life\valve\sound\sentences.txt]]]
[2026-03-29 22:33:25.576] [info][general] Worldspawn trace: #151 map=c0a0 edict#0 classname=worldspawn pfnRandomLong [low=0, high=6, result=5, return=0x72A60999, context=after pfnRandomLong [low=0, high=6, result=2, return=0x72A60999, context=after pfnFreeFile [D:\Steam\steamapps\common\Half-Life\valve\sound\sentences.txt]]]
[2026-03-29 22:33:25.576] [info][general] hl.dll engine callback: pfnRandomLong [low=0, high=6, result=5, return=0x72A60999, context=after pfnRandomLong [low=0, high=6, result=2, return=0x72A60999, context=after pfnFreeFile [D:\Steam\steamapps\common\Half-Life\valve\sound\sentences.txt]]]
[2026-03-29 22:33:25.577] [info][general] Worldspawn trace: #152 map=c0a0 edict#0 classname=worldspawn pfnRandomLong [low=0, high=6, result=6, return=0x72A609A6, context=after pfnRandomLong [low=0, high=6, result=2, return=0x72A60999, context=after pfnFreeFile [D:\Steam\steamapps\common\Half-Life\valve\sound\sentences.txt]]]
[2026-03-29 22:33:25.577] [info][general] hl.dll engine callback: pfnRandomLong [low=0, high=6, result=6, return=0x72A609A6, context=after pfnRandomLong [low=0, high=6, result=2, return=0x72A60999, context=after pfnFreeFile [D:\Steam\steamapps\common\Half-Life\valve\sound\sentences.txt]]]
[2026-03-29 22:33:25.577] [info][general] Worldspawn trace: #153 map=c0a0 edict#0 classname=worldspawn pfnRandomLong [low=0, high=6, result=5, return=0x72A60999, context=after pfnRandomLong [low=0, high=6, result=2, return=0x72A60999, context=after pfnFreeFile [D:\Steam\steamapps\common\Half-Life\valve\sound\sentences.txt]]]
[2026-03-29 22:33:25.577] [info][general] hl.dll engine callback: pfnRandomLong [low=0, high=6, result=5, return=0x72A60999, context=after pfnRandomLong [low=0, high=6, result=2, return=0x72A60999, context=after pfnFreeFile [D:\Steam\steamapps\common\Half-Life\valve\sound\sentences.txt]]]
[2026-03-29 22:33:25.578] [info][general] Worldspawn trace: #154 map=c0a0 edict#0 classname=worldspawn pfnRandomLong [low=0, high=6, result=4, return=0x72A609A6, context=after pfnRandomLong [low=0, high=6, result=2, return=0x72A60999, context=after pfnFreeFile [D:\Steam\steamapps\common\Half-Life\valve\sound\sentences.txt]]]
[2026-03-29 22:33:25.578] [info][general] hl.dll engine callback: pfnRandomLong [low=0, high=6, result=4, return=0x72A609A6, context=after pfnRandomLong [low=0, high=6, result=2, return=0x72A60999, context=after pfnFreeFile [D:\Steam\steamapps\common\Half-Life\valve\sound\sentences.txt]]]
[2026-03-29 22:33:25.578] [info][general] Worldspawn trace: #155 map=c0a0 edict#0 classname=worldspawn pfnRandomLong [low=0, high=6, result=6, return=0x72A60999, context=after pfnRandomLong [low=0, high=6, result=2, return=0x72A60999, context=after pfnFreeFile [D:\Steam\steamapps\common\Half-Life\valve\sound\sentences.txt]]]
[2026-03-29 22:33:25.578] [info][general] hl.dll engine callback: pfnRandomLong [low=0, high=6, result=6, return=0x72A60999, context=after pfnRandomLong [low=0, high=6, result=2, return=0x72A60999, context=after pfnFreeFile [D:\Steam\steamapps\common\Half-Life\valve\sound\sentences.txt]]]
[2026-03-29 22:33:25.578] [info][general] Worldspawn trace: #156 map=c0a0 edict#0 classname=worldspawn pfnRandomLong [low=0, high=6, result=1, return=0x72A609A6, context=after pfnRandomLong [low=0, high=6, result=2, return=0x72A60999, context=after pfnFreeFile [D:\Steam\steamapps\common\Half-Life\valve\sound\sentences.txt]]]
[2026-03-29 22:33:25.578] [info][general] hl.dll engine callback: pfnRandomLong [low=0, high=6, result=1, return=0x72A609A6, context=after pfnRandomLong [low=0, high=6, result=2, return=0x72A60999, context=after pfnFreeFile [D:\Steam\steamapps\common\Half-Life\valve\sound\sentences.txt]]]
[2026-03-29 22:33:25.579] [info][general] Worldspawn trace: #157 map=c0a0 edict#0 classname=worldspawn pfnRandomLong [low=0, high=6, result=2, return=0x72A60999, context=after pfnRandomLong [low=0, high=6, result=2, return=0x72A60999, context=after pfnFreeFile [D:\Steam\steamapps\common\Half-Life\valve\sound\sentences.txt]]]
[2026-03-29 22:33:25.579] [info][general] hl.dll engine callback: pfnRandomLong [low=0, high=6, result=2, return=0x72A60999, context=after pfnRandomLong [low=0, high=6, result=2, return=0x72A60999, context=after pfnFreeFile [D:\Steam\steamapps\common\Half-Life\valve\sound\sentences.txt]]]
[2026-03-29 22:33:25.579] [info][general] Worldspawn trace: #158 map=c0a0 edict#0 classname=worldspawn pfnRandomLong [low=0, high=6, result=4, return=0x72A609A6, context=after pfnRandomLong [low=0, high=6, result=2, return=0x72A60999, context=after pfnFreeFile [D:\Steam\steamapps\common\Half-Life\valve\sound\sentences.txt]]]
[2026-03-29 22:33:25.579] [info][general] hl.dll engine callback: pfnRandomLong [low=0, high=6, result=4, return=0x72A609A6, context=after pfnRandomLong [low=0, high=6, result=2, return=0x72A60999, context=after pfnFreeFile [D:\Steam\steamapps\common\Half-Life\valve\sound\sentences.txt]]]
[2026-03-29 22:33:25.579] [info][general] Worldspawn trace: #159 map=c0a0 edict#0 classname=worldspawn pfnRandomLong [low=0, high=6, result=5, return=0x72A60999, context=after pfnRandomLong [low=0, high=6, result=2, return=0x72A60999, context=after pfnFreeFile [D:\Steam\steamapps\common\Half-Life\valve\sound\sentences.txt]]]
[2026-03-29 22:33:25.580] [info][general] hl.dll engine callback: pfnRandomLong [low=0, high=6, result=5, return=0x72A60999, context=after pfnRandomLong [low=0, high=6, result=2, return=0x72A60999, context=after pfnFreeFile [D:\Steam\steamapps\common\Half-Life\valve\sound\sentences.txt]]]
[2026-03-29 22:33:25.580] [info][general] Worldspawn trace: #160 map=c0a0 edict#0 classname=worldspawn pfnRandomLong [low=0, high=6, result=2, return=0x72A609A6, context=after pfnRandomLong [low=0, high=6, result=2, return=0x72A60999, context=after pfnFreeFile [D:\Steam\steamapps\common\Half-Life\valve\sound\sentences.txt]]]
[2026-03-29 22:33:25.581] [info][general] hl.dll engine callback: pfnRandomLong [low=0, high=6, result=2, return=0x72A609A6, context=after pfnRandomLong [low=0, high=6, result=2, return=0x72A60999, context=after pfnFreeFile [D:\Steam\steamapps\common\Half-Life\valve\sound\sentences.txt]]]
[2026-03-29 22:33:25.581] [info][general] Worldspawn trace: #161 map=c0a0 edict#0 classname=worldspawn pfnRandomLong [low=0, high=6, result=0, return=0x72A60999, context=after pfnRandomLong [low=0, high=6, result=2, return=0x72A60999, context=after pfnFreeFile [D:\Steam\steamapps\common\Half-Life\valve\sound\sentences.txt]]]
[2026-03-29 22:33:25.581] [info][general] hl.dll engine callback: pfnRandomLong [low=0, high=6, result=0, return=0x72A60999, context=after pfnRandomLong [low=0, high=6, result=2, return=0x72A60999, context=after pfnFreeFile [D:\Steam\steamapps\common\Half-Life\valve\sound\sentences.txt]]]
[2026-03-29 22:33:25.582] [info][general] Worldspawn trace: #162 map=c0a0 edict#0 classname=worldspawn pfnRandomLong [low=0, high=6, result=0, return=0x72A609A6, context=after pfnRandomLong [low=0, high=6, result=2, return=0x72A60999, context=after pfnFreeFile [D:\Steam\steamapps\common\Half-Life\valve\sound\sentences.txt]]]
[2026-03-29 22:33:25.582] [info][general] hl.dll engine callback: pfnRandomLong [low=0, high=6, result=0, return=0x72A609A6, context=after pfnRandomLong [low=0, high=6, result=2, return=0x72A60999, context=after pfnFreeFile [D:\Steam\steamapps\common\Half-Life\valve\sound\sentences.txt]]]
[2026-03-29 22:33:25.582] [info][general] Worldspawn trace: #163 map=c0a0 edict#0 classname=worldspawn pfnRandomLong [low=0, high=6, result=1, return=0x72A60999, context=after pfnRandomLong [low=0, high=6, result=2, return=0x72A60999, context=after pfnFreeFile [D:\Steam\steamapps\common\Half-Life\valve\sound\sentences.txt]]]
[2026-03-29 22:33:25.582] [info][general] hl.dll engine callback: pfnRandomLong [low=0, high=6, result=1, return=0x72A60999, context=after pfnRandomLong [low=0, high=6, result=2, return=0x72A60999, context=after pfnFreeFile [D:\Steam\steamapps\common\Half-Life\valve\sound\sentences.txt]]]
[2026-03-29 22:33:25.582] [info][general] Worldspawn trace: #164 map=c0a0 edict#0 classname=worldspawn pfnRandomLong [low=0, high=6, result=6, return=0x72A609A6, context=after pfnRandomLong [low=0, high=6, result=2, return=0x72A60999, context=after pfnFreeFile [D:\Steam\steamapps\common\Half-Life\valve\sound\sentences.txt]]]
[2026-03-29 22:33:25.582] [info][general] hl.dll engine callback: pfnRandomLong [low=0, high=6, result=6, return=0x72A609A6, context=after pfnRandomLong [low=0, high=6, result=2, return=0x72A60999, context=after pfnFreeFile [D:\Steam\steamapps\common\Half-Life\valve\sound\sentences.txt]]]
[2026-03-29 22:33:25.583] [info][general] Worldspawn trace: #165 map=c0a0 edict#0 classname=worldspawn pfnRandomLong [low=0, high=6, result=1, return=0x72A60999, context=after pfnRandomLong [low=0, high=6, result=2, return=0x72A60999, context=after pfnFreeFile [D:\Steam\steamapps\common\Half-Life\valve\sound\sentences.txt]]]
[2026-03-29 22:33:25.583] [info][general] hl.dll engine callback: pfnRandomLong [low=0, high=6, result=1, return=0x72A60999, context=after pfnRandomLong [low=0, high=6, result=2, return=0x72A60999, context=after pfnFreeFile [D:\Steam\steamapps\common\Half-Life\valve\sound\sentences.txt]]]
[2026-03-29 22:33:25.583] [info][general] Worldspawn trace: #166 map=c0a0 edict#0 classname=worldspawn pfnRandomLong [low=0, high=6, result=0, return=0x72A609A6, context=after pfnRandomLong [low=0, high=6, result=2, return=0x72A60999, context=after pfnFreeFile [D:\Steam\steamapps\common\Half-Life\valve\sound\sentences.txt]]]
[2026-03-29 22:33:25.583] [info][general] hl.dll engine callback: pfnRandomLong [low=0, high=6, result=0, return=0x72A609A6, context=after pfnRandomLong [low=0, high=6, result=2, return=0x72A60999, context=after pfnFreeFile [D:\Steam\steamapps\common\Half-Life\valve\sound\sentences.txt]]]
[2026-03-29 22:33:25.583] [info][general] Worldspawn trace: #167 map=c0a0 edict#0 classname=worldspawn pfnRandomLong [low=0, high=6, result=5, return=0x72A60999, context=after pfnRandomLong [low=0, high=6, result=2, return=0x72A60999, context=after pfnFreeFile [D:\Steam\steamapps\common\Half-Life\valve\sound\sentences.txt]]]
[2026-03-29 22:33:25.584] [info][general] hl.dll engine callback: pfnRandomLong [low=0, high=6, result=5, return=0x72A60999, context=after pfnRandomLong [low=0, high=6, result=2, return=0x72A60999, context=after pfnFreeFile [D:\Steam\steamapps\common\Half-Life\valve\sound\sentences.txt]]]
[2026-03-29 22:33:25.584] [info][general] Worldspawn trace: #168 map=c0a0 edict#0 classname=worldspawn pfnRandomLong [low=0, high=6, result=1, return=0x72A609A6, context=after pfnRandomLong [low=0, high=6, result=2, return=0x72A60999, context=after pfnFreeFile [D:\Steam\steamapps\common\Half-Life\valve\sound\sentences.txt]]]
[2026-03-29 22:33:25.584] [info][general] hl.dll engine callback: pfnRandomLong [low=0, high=6, result=1, return=0x72A609A6, context=after pfnRandomLong [low=0, high=6, result=2, return=0x72A60999, context=after pfnFreeFile [D:\Steam\steamapps\common\Half-Life\valve\sound\sentences.txt]]]
[2026-03-29 22:33:25.584] [info][general] Worldspawn trace: #169 map=c0a0 edict#0 classname=worldspawn pfnRandomLong [low=0, high=6, result=3, return=0x72A60999, context=after pfnRandomLong [low=0, high=6, result=2, return=0x72A60999, context=after pfnFreeFile [D:\Steam\steamapps\common\Half-Life\valve\sound\sentences.txt]]]
[2026-03-29 22:33:25.584] [info][general] hl.dll engine callback: pfnRandomLong [low=0, high=6, result=3, return=0x72A60999, context=after pfnRandomLong [low=0, high=6, result=2, return=0x72A60999, context=after pfnFreeFile [D:\Steam\steamapps\common\Half-Life\valve\sound\sentences.txt]]]
[2026-03-29 22:33:25.585] [info][general] Worldspawn trace: #170 map=c0a0 edict#0 classname=worldspawn pfnRandomLong [low=0, high=6, result=6, return=0x72A609A6, context=after pfnRandomLong [low=0, high=6, result=2, return=0x72A60999, context=after pfnFreeFile [D:\Steam\steamapps\common\Half-Life\valve\sound\sentences.txt]]]
[2026-03-29 22:33:25.585] [info][general] hl.dll engine callback: pfnRandomLong [low=0, high=6, result=6, return=0x72A609A6, context=after pfnRandomLong [low=0, high=6, result=2, return=0x72A60999, context=after pfnFreeFile [D:\Steam\steamapps\common\Half-Life\valve\sound\sentences.txt]]]
[2026-03-29 22:33:25.585] [info][general] Worldspawn trace: #171 map=c0a0 edict#0 classname=worldspawn pfnRandomLong [low=0, high=6, result=3, return=0x72A60999, context=after pfnRandomLong [low=0, high=6, result=2, return=0x72A60999, context=after pfnFreeFile [D:\Steam\steamapps\common\Half-Life\valve\sound\sentences.txt]]]
[2026-03-29 22:33:25.585] [info][general] hl.dll engine callback: pfnRandomLong [low=0, high=6, result=3, return=0x72A60999, context=after pfnRandomLong [low=0, high=6, result=2, return=0x72A60999, context=after pfnFreeFile [D:\Steam\steamapps\common\Half-Life\valve\sound\sentences.txt]]]
[2026-03-29 22:33:25.585] [info][general] Worldspawn trace: #172 map=c0a0 edict#0 classname=worldspawn pfnRandomLong [low=0, high=6, result=3, return=0x72A609A6, context=after pfnRandomLong [low=0, high=6, result=2, return=0x72A60999, context=after pfnFreeFile [D:\Steam\steamapps\common\Half-Life\valve\sound\sentences.txt]]]
[2026-03-29 22:33:25.586] [info][general] hl.dll engine callback: pfnRandomLong [low=0, high=6, result=3, return=0x72A609A6, context=after pfnRandomLong [low=0, high=6, result=2, return=0x72A60999, context=after pfnFreeFile [D:\Steam\steamapps\common\Half-Life\valve\sound\sentences.txt]]]
[2026-03-29 22:33:25.586] [info][general] Worldspawn trace: #173 map=c0a0 edict#0 classname=worldspawn pfnRandomLong [low=0, high=6, result=2, return=0x72A60999, context=after pfnRandomLong [low=0, high=6, result=2, return=0x72A60999, context=after pfnFreeFile [D:\Steam\steamapps\common\Half-Life\valve\sound\sentences.txt]]]
[2026-03-29 22:33:25.586] [info][general] hl.dll engine callback: pfnRandomLong [low=0, high=6, result=2, return=0x72A60999, context=after pfnRandomLong [low=0, high=6, result=2, return=0x72A60999, context=after pfnFreeFile [D:\Steam\steamapps\common\Half-Life\valve\sound\sentences.txt]]]
[2026-03-29 22:33:25.586] [info][general] Worldspawn trace: #174 map=c0a0 edict#0 classname=worldspawn pfnRandomLong [low=0, high=6, result=5, return=0x72A609A6, context=after pfnRandomLong [low=0, high=6, result=2, return=0x72A60999, context=after pfnFreeFile [D:\Steam\steamapps\common\Half-Life\valve\sound\sentences.txt]]]
[2026-03-29 22:33:25.586] [info][general] hl.dll engine callback: pfnRandomLong [low=0, high=6, result=5, return=0x72A609A6, context=after pfnRandomLong [low=0, high=6, result=2, return=0x72A60999, context=after pfnFreeFile [D:\Steam\steamapps\common\Half-Life\valve\sound\sentences.txt]]]
[2026-03-29 22:33:25.587] [info][general] Worldspawn trace: #175 map=c0a0 edict#0 classname=worldspawn pfnRandomLong [low=0, high=6, result=0, return=0x72A60999, context=after pfnRandomLong [low=0, high=6, result=2, return=0x72A60999, context=after pfnFreeFile [D:\Steam\steamapps\common\Half-Life\valve\sound\sentences.txt]]]
[2026-03-29 22:33:25.587] [info][general] hl.dll engine callback: pfnRandomLong [low=0, high=6, result=0, return=0x72A60999, context=after pfnRandomLong [low=0, high=6, result=2, return=0x72A60999, context=after pfnFreeFile [D:\Steam\steamapps\common\Half-Life\valve\sound\sentences.txt]]]
[2026-03-29 22:33:25.587] [info][general] Worldspawn trace: #176 map=c0a0 edict#0 classname=worldspawn pfnRandomLong [low=0, high=6, result=4, return=0x72A609A6, context=after pfnRandomLong [low=0, high=6, result=2, return=0x72A60999, context=after pfnFreeFile [D:\Steam\steamapps\common\Half-Life\valve\sound\sentences.txt]]]
[2026-03-29 22:33:25.587] [info][general] hl.dll engine callback: pfnRandomLong [low=0, high=6, result=4, return=0x72A609A6, context=after pfnRandomLong [low=0, high=6, result=2, return=0x72A60999, context=after pfnFreeFile [D:\Steam\steamapps\common\Half-Life\valve\sound\sentences.txt]]]
[2026-03-29 22:33:25.588] [info][general] Worldspawn trace: #177 map=c0a0 edict#0 classname=worldspawn pfnRandomLong [low=0, high=6, result=3, return=0x72A60999, context=after pfnRandomLong [low=0, high=6, result=2, return=0x72A60999, context=after pfnFreeFile [D:\Steam\steamapps\common\Half-Life\valve\sound\sentences.txt]]]
[2026-03-29 22:33:25.588] [info][general] hl.dll engine callback: pfnRandomLong [low=0, high=6, result=3, return=0x72A60999, context=after pfnRandomLong [low=0, high=6, result=2, return=0x72A60999, context=after pfnFreeFile [D:\Steam\steamapps\common\Half-Life\valve\sound\sentences.txt]]]
[2026-03-29 22:33:25.588] [info][general] Worldspawn trace: #178 map=c0a0 edict#0 classname=worldspawn pfnRandomLong [low=0, high=6, result=5, return=0x72A609A6, context=after pfnRandomLong [low=0, high=6, result=2, return=0x72A60999, context=after pfnFreeFile [D:\Steam\steamapps\common\Half-Life\valve\sound\sentences.txt]]]
[2026-03-29 22:33:25.588] [info][general] hl.dll engine callback: pfnRandomLong [low=0, high=6, result=5, return=0x72A609A6, context=after pfnRandomLong [low=0, high=6, result=2, return=0x72A60999, context=after pfnFreeFile [D:\Steam\steamapps\common\Half-Life\valve\sound\sentences.txt]]]
[2026-03-29 22:33:25.588] [info][general] Worldspawn trace: #179 map=c0a0 edict#0 classname=worldspawn pfnRandomLong [low=0, high=6, result=0, return=0x72A60999, context=after pfnRandomLong [low=0, high=6, result=2, return=0x72A60999, context=after pfnFreeFile [D:\Steam\steamapps\common\Half-Life\valve\sound\sentences.txt]]]
[2026-03-29 22:33:25.588] [info][general] hl.dll engine callback: pfnRandomLong [low=0, high=6, result=0, return=0x72A60999, context=after pfnRandomLong [low=0, high=6, result=2, return=0x72A60999, context=after pfnFreeFile [D:\Steam\steamapps\common\Half-Life\valve\sound\sentences.txt]]]
[2026-03-29 22:33:25.588] [info][general] Worldspawn trace: #180 map=c0a0 edict#0 classname=worldspawn pfnRandomLong [low=0, high=6, result=0, return=0x72A609A6, context=after pfnRandomLong [low=0, high=6, result=2, return=0x72A60999, context=after pfnFreeFile [D:\Steam\steamapps\common\Half-Life\valve\sound\sentences.txt]]]
[2026-03-29 22:33:25.589] [info][general] hl.dll engine callback: pfnRandomLong [low=0, high=6, result=0, return=0x72A609A6, context=after pfnRandomLong [low=0, high=6, result=2, return=0x72A60999, context=after pfnFreeFile [D:\Steam\steamapps\common\Half-Life\valve\sound\sentences.txt]]]
[2026-03-29 22:33:25.589] [info][general] Worldspawn trace: #181 map=c0a0 edict#0 classname=worldspawn pfnRandomLong [low=0, high=6, result=6, return=0x72A60999, context=after pfnRandomLong [low=0, high=6, result=2, return=0x72A60999, context=after pfnFreeFile [D:\Steam\steamapps\common\Half-Life\valve\sound\sentences.txt]]]
[2026-03-29 22:33:25.589] [info][general] hl.dll engine callback: pfnRandomLong [low=0, high=6, result=6, return=0x72A60999, context=after pfnRandomLong [low=0, high=6, result=2, return=0x72A60999, context=after pfnFreeFile [D:\Steam\steamapps\common\Half-Life\valve\sound\sentences.txt]]]
[2026-03-29 22:33:25.589] [info][general] Worldspawn trace: #182 map=c0a0 edict#0 classname=worldspawn pfnRandomLong [low=0, high=6, result=2, return=0x72A609A6, context=after pfnRandomLong [low=0, high=6, result=2, return=0x72A60999, context=after pfnFreeFile [D:\Steam\steamapps\common\Half-Life\valve\sound\sentences.txt]]]
[2026-03-29 22:33:25.589] [info][general] hl.dll engine callback: pfnRandomLong [low=0, high=6, result=2, return=0x72A609A6, context=after pfnRandomLong [low=0, high=6, result=2, return=0x72A60999, context=after pfnFreeFile [D:\Steam\steamapps\common\Half-Life\valve\sound\sentences.txt]]]
[2026-03-29 22:33:25.590] [info][general] Worldspawn trace: #183 map=c0a0 edict#0 classname=worldspawn pfnRandomLong [low=0, high=6, result=3, return=0x72A60999, context=after pfnRandomLong [low=0, high=6, result=2, return=0x72A60999, context=after pfnFreeFile [D:\Steam\steamapps\common\Half-Life\valve\sound\sentences.txt]]]
[2026-03-29 22:33:25.590] [info][general] hl.dll engine callback: pfnRandomLong [low=0, high=6, result=3, return=0x72A60999, context=after pfnRandomLong [low=0, high=6, result=2, return=0x72A60999, context=after pfnFreeFile [D:\Steam\steamapps\common\Half-Life\valve\sound\sentences.txt]]]
[2026-03-29 22:33:25.590] [info][general] Worldspawn trace: #184 map=c0a0 edict#0 classname=worldspawn pfnRandomLong [low=0, high=6, result=0, return=0x72A609A6, context=after pfnRandomLong [low=0, high=6, result=2, return=0x72A60999, context=after pfnFreeFile [D:\Steam\steamapps\common\Half-Life\valve\sound\sentences.txt]]]
[2026-03-29 22:33:25.590] [info][general] hl.dll engine callback: pfnRandomLong [low=0, high=6, result=0, return=0x72A609A6, context=after pfnRandomLong [low=0, high=6, result=2, return=0x72A60999, context=after pfnFreeFile [D:\Steam\steamapps\common\Half-Life\valve\sound\sentences.txt]]]
[2026-03-29 22:33:25.590] [info][general] Worldspawn trace: #185 map=c0a0 edict#0 classname=worldspawn pfnRandomLong [low=0, high=6, result=1, return=0x72A60999, context=after pfnRandomLong [low=0, high=6, result=2, return=0x72A60999, context=after pfnFreeFile [D:\Steam\steamapps\common\Half-Life\valve\sound\sentences.txt]]]
[2026-03-29 22:33:25.591] [info][general] hl.dll engine callback: pfnRandomLong [low=0, high=6, result=1, return=0x72A60999, context=after pfnRandomLong [low=0, high=6, result=2, return=0x72A60999, context=after pfnFreeFile [D:\Steam\steamapps\common\Half-Life\valve\sound\sentences.txt]]]
[2026-03-29 22:33:25.591] [info][general] Worldspawn trace: #186 map=c0a0 edict#0 classname=worldspawn pfnRandomLong [low=0, high=6, result=4, return=0x72A609A6, context=after pfnRandomLong [low=0, high=6, result=2, return=0x72A60999, context=after pfnFreeFile [D:\Steam\steamapps\common\Half-Life\valve\sound\sentences.txt]]]
[2026-03-29 22:33:25.591] [info][general] hl.dll engine callback: pfnRandomLong [low=0, high=6, result=4, return=0x72A609A6, context=after pfnRandomLong [low=0, high=6, result=2, return=0x72A60999, context=after pfnFreeFile [D:\Steam\steamapps\common\Half-Life\valve\sound\sentences.txt]]]
[2026-03-29 22:33:25.591] [info][general] Worldspawn trace: #187 map=c0a0 edict#0 classname=worldspawn pfnRandomLong [low=0, high=6, result=5, return=0x72A60999, context=after pfnRandomLong [low=0, high=6, result=2, return=0x72A60999, context=after pfnFreeFile [D:\Steam\steamapps\common\Half-Life\valve\sound\sentences.txt]]]
[2026-03-29 22:33:25.591] [info][general] hl.dll engine callback: pfnRandomLong [low=0, high=6, result=5, return=0x72A60999, context=after pfnRandomLong [low=0, high=6, result=2, return=0x72A60999, context=after pfnFreeFile [D:\Steam\steamapps\common\Half-Life\valve\sound\sentences.txt]]]
[2026-03-29 22:33:25.591] [info][general] Worldspawn trace: #188 map=c0a0 edict#0 classname=worldspawn pfnRandomLong [low=0, high=6, result=1, return=0x72A609A6, context=after pfnRandomLong [low=0, high=6, result=2, return=0x72A60999, context=after pfnFreeFile [D:\Steam\steamapps\common\Half-Life\valve\sound\sentences.txt]]]
[2026-03-29 22:33:25.592] [info][general] hl.dll engine callback: pfnRandomLong [low=0, high=6, result=1, return=0x72A609A6, context=after pfnRandomLong [low=0, high=6, result=2, return=0x72A60999, context=after pfnFreeFile [D:\Steam\steamapps\common\Half-Life\valve\sound\sentences.txt]]]
[2026-03-29 22:33:25.592] [info][general] Worldspawn trace: #189 map=c0a0 edict#0 classname=worldspawn pfnRandomLong [low=0, high=6, result=4, return=0x72A60999, context=after pfnRandomLong [low=0, high=6, result=2, return=0x72A60999, context=after pfnFreeFile [D:\Steam\steamapps\common\Half-Life\valve\sound\sentences.txt]]]
[2026-03-29 22:33:25.592] [info][general] hl.dll engine callback: pfnRandomLong [low=0, high=6, result=4, return=0x72A60999, context=after pfnRandomLong [low=0, high=6, result=2, return=0x72A60999, context=after pfnFreeFile [D:\Steam\steamapps\common\Half-Life\valve\sound\sentences.txt]]]
[2026-03-29 22:33:25.592] [info][general] Worldspawn trace: #190 map=c0a0 edict#0 classname=worldspawn pfnRandomLong [low=0, high=6, result=2, return=0x72A609A6, context=after pfnRandomLong [low=0, high=6, result=2, return=0x72A60999, context=after pfnFreeFile [D:\Steam\steamapps\common\Half-Life\valve\sound\sentences.txt]]]
[2026-03-29 22:33:25.592] [info][general] hl.dll engine callback: pfnRandomLong [low=0, high=6, result=2, return=0x72A609A6, context=after pfnRandomLong [low=0, high=6, result=2, return=0x72A60999, context=after pfnFreeFile [D:\Steam\steamapps\common\Half-Life\valve\sound\sentences.txt]]]
[2026-03-29 22:33:25.593] [info][general] Worldspawn trace: #191 map=c0a0 edict#0 classname=worldspawn pfnRandomLong [low=0, high=6, result=6, return=0x72A60999, context=after pfnRandomLong [low=0, high=6, result=2, return=0x72A60999, context=after pfnFreeFile [D:\Steam\steamapps\common\Half-Life\valve\sound\sentences.txt]]]
[2026-03-29 22:33:25.593] [info][general] hl.dll engine callback: pfnRandomLong [low=0, high=6, result=6, return=0x72A60999, context=after pfnRandomLong [low=0, high=6, result=2, return=0x72A60999, context=after pfnFreeFile [D:\Steam\steamapps\common\Half-Life\valve\sound\sentences.txt]]]
[2026-03-29 22:33:25.593] [info][general] Worldspawn trace: #192 map=c0a0 edict#0 classname=worldspawn pfnRandomLong [low=0, high=6, result=0, return=0x72A609A6, context=after pfnRandomLong [low=0, high=6, result=2, return=0x72A60999, context=after pfnFreeFile [D:\Steam\steamapps\common\Half-Life\valve\sound\sentences.txt]]]
[2026-03-29 22:33:25.593] [info][general] hl.dll engine callback: pfnRandomLong [low=0, high=6, result=0, return=0x72A609A6, context=after pfnRandomLong [low=0, high=6, result=2, return=0x72A60999, context=after pfnFreeFile [D:\Steam\steamapps\common\Half-Life\valve\sound\sentences.txt]]]
[2026-03-29 22:33:25.593] [info][general] Worldspawn trace: #193 map=c0a0 edict#0 classname=worldspawn pfnRandomLong [low=0, high=6, result=4, return=0x72A60999, context=after pfnRandomLong [low=0, high=6, result=2, return=0x72A60999, context=after pfnFreeFile [D:\Steam\steamapps\common\Half-Life\valve\sound\sentences.txt]]]
[2026-03-29 22:33:25.594] [info][general] hl.dll engine callback: pfnRandomLong [low=0, high=6, result=4, return=0x72A60999, context=after pfnRandomLong [low=0, high=6, result=2, return=0x72A60999, context=after pfnFreeFile [D:\Steam\steamapps\common\Half-Life\valve\sound\sentences.txt]]]
[2026-03-29 22:33:25.594] [info][general] Worldspawn trace: #194 map=c0a0 edict#0 classname=worldspawn pfnRandomLong [low=0, high=6, result=0, return=0x72A609A6, context=after pfnRandomLong [low=0, high=6, result=2, return=0x72A60999, context=after pfnFreeFile [D:\Steam\steamapps\common\Half-Life\valve\sound\sentences.txt]]]
[2026-03-29 22:33:25.594] [info][general] hl.dll engine callback: pfnRandomLong [low=0, high=6, result=0, return=0x72A609A6, context=after pfnRandomLong [low=0, high=6, result=2, return=0x72A60999, context=after pfnFreeFile [D:\Steam\steamapps\common\Half-Life\valve\sound\sentences.txt]]]
[2026-03-29 22:33:25.595] [info][general] Worldspawn trace: #195 map=c0a0 edict#0 classname=worldspawn pfnRandomLong [low=0, high=6, result=3, return=0x72A60999, context=after pfnRandomLong [low=0, high=6, result=2, return=0x72A60999, context=after pfnFreeFile [D:\Steam\steamapps\common\Half-Life\valve\sound\sentences.txt]]]
[2026-03-29 22:33:25.595] [info][general] hl.dll engine callback: pfnRandomLong [low=0, high=6, result=3, return=0x72A60999, context=after pfnRandomLong [low=0, high=6, result=2, return=0x72A60999, context=after pfnFreeFile [D:\Steam\steamapps\common\Half-Life\valve\sound\sentences.txt]]]
[2026-03-29 22:33:25.595] [info][general] Worldspawn trace: #196 map=c0a0 edict#0 classname=worldspawn pfnRandomLong [low=0, high=6, result=0, return=0x72A609A6, context=after pfnRandomLong [low=0, high=6, result=2, return=0x72A60999, context=after pfnFreeFile [D:\Steam\steamapps\common\Half-Life\valve\sound\sentences.txt]]]
[2026-03-29 22:33:25.595] [info][general] hl.dll engine callback: pfnRandomLong [low=0, high=6, result=0, return=0x72A609A6, context=after pfnRandomLong [low=0, high=6, result=2, return=0x72A60999, context=after pfnFreeFile [D:\Steam\steamapps\common\Half-Life\valve\sound\sentences.txt]]]
[2026-03-29 22:33:25.595] [info][general] Worldspawn trace: #197 map=c0a0 edict#0 classname=worldspawn pfnRandomLong [low=0, high=6, result=5, return=0x72A60999, context=after pfnRandomLong [low=0, high=6, result=2, return=0x72A60999, context=after pfnFreeFile [D:\Steam\steamapps\common\Half-Life\valve\sound\sentences.txt]]]
[2026-03-29 22:33:25.595] [info][general] hl.dll engine callback: pfnRandomLong [low=0, high=6, result=5, return=0x72A60999, context=after pfnRandomLong [low=0, high=6, result=2, return=0x72A60999, context=after pfnFreeFile [D:\Steam\steamapps\common\Half-Life\valve\sound\sentences.txt]]]
[2026-03-29 22:33:25.596] [info][general] Worldspawn trace: #198 map=c0a0 edict#0 classname=worldspawn pfnRandomLong [low=0, high=6, result=3, return=0x72A609A6, context=after pfnRandomLong [low=0, high=6, result=2, return=0x72A60999, context=after pfnFreeFile [D:\Steam\steamapps\common\Half-Life\valve\sound\sentences.txt]]]
[2026-03-29 22:33:25.596] [info][general] hl.dll engine callback: pfnRandomLong [low=0, high=6, result=3, return=0x72A609A6, context=after pfnRandomLong [low=0, high=6, result=2, return=0x72A60999, context=after pfnFreeFile [D:\Steam\steamapps\common\Half-Life\valve\sound\sentences.txt]]]
[2026-03-29 22:33:25.596] [info][general] Worldspawn trace: #199 map=c0a0 edict#0 classname=worldspawn pfnRandomLong [low=0, high=6, result=1, return=0x72A60999, context=after pfnRandomLong [low=0, high=6, result=2, return=0x72A60999, context=after pfnFreeFile [D:\Steam\steamapps\common\Half-Life\valve\sound\sentences.txt]]]
[2026-03-29 22:33:25.596] [info][general] hl.dll engine callback: pfnRandomLong [low=0, high=6, result=1, return=0x72A60999, context=after pfnRandomLong [low=0, high=6, result=2, return=0x72A60999, context=after pfnFreeFile [D:\Steam\steamapps\common\Half-Life\valve\sound\sentences.txt]]]
[2026-03-29 22:33:25.597] [info][general] Worldspawn trace: #200 map=c0a0 edict#0 classname=worldspawn pfnRandomLong [low=0, high=6, result=5, return=0x72A609A6, context=after pfnRandomLong [low=0, high=6, result=2, return=0x72A60999, context=after pfnFreeFile [D:\Steam\steamapps\common\Half-Life\valve\sound\sentences.txt]]]
[2026-03-29 22:33:25.597] [info][general] hl.dll engine callback: pfnRandomLong [low=0, high=6, result=5, return=0x72A609A6, context=after pfnRandomLong [low=0, high=6, result=2, return=0x72A60999, context=after pfnFreeFile [D:\Steam\steamapps\common\Half-Life\valve\sound\sentences.txt]]]
[2026-03-29 22:33:25.597] [info][general] Worldspawn trace: #201 map=c0a0 edict#0 classname=worldspawn pfnRandomLong [low=0, high=6, result=4, return=0x72A60999, context=after pfnRandomLong [low=0, high=6, result=2, return=0x72A60999, context=after pfnFreeFile [D:\Steam\steamapps\common\Half-Life\valve\sound\sentences.txt]]]
[2026-03-29 22:33:25.597] [info][general] hl.dll engine callback: pfnRandomLong [low=0, high=6, result=4, return=0x72A60999, context=after pfnRandomLong [low=0, high=6, result=2, return=0x72A60999, context=after pfnFreeFile [D:\Steam\steamapps\common\Half-Life\valve\sound\sentences.txt]]]
[2026-03-29 22:33:25.597] [info][general] Worldspawn trace: #202 map=c0a0 edict#0 classname=worldspawn pfnRandomLong [low=0, high=6, result=0, return=0x72A609A6, context=after pfnRandomLong [low=0, high=6, result=2, return=0x72A60999, context=after pfnFreeFile [D:\Steam\steamapps\common\Half-Life\valve\sound\sentences.txt]]]
[2026-03-29 22:33:25.598] [info][general] hl.dll engine callback: pfnRandomLong [low=0, high=6, result=0, return=0x72A609A6, context=after pfnRandomLong [low=0, high=6, result=2, return=0x72A60999, context=after pfnFreeFile [D:\Steam\steamapps\common\Half-Life\valve\sound\sentences.txt]]]
[2026-03-29 22:33:25.598] [info][general] Worldspawn trace: #203 map=c0a0 edict#0 classname=worldspawn pfnRandomLong [low=0, high=6, result=2, return=0x72A60999, context=after pfnRandomLong [low=0, high=6, result=2, return=0x72A60999, context=after pfnFreeFile [D:\Steam\steamapps\common\Half-Life\valve\sound\sentences.txt]]]
[2026-03-29 22:33:25.598] [info][general] hl.dll engine callback: pfnRandomLong [low=0, high=6, result=2, return=0x72A60999, context=after pfnRandomLong [low=0, high=6, result=2, return=0x72A60999, context=after pfnFreeFile [D:\Steam\steamapps\common\Half-Life\valve\sound\sentences.txt]]]
[2026-03-29 22:33:25.598] [info][general] Worldspawn trace: #204 map=c0a0 edict#0 classname=worldspawn pfnRandomLong [low=0, high=6, result=2, return=0x72A609A6, context=after pfnRandomLong [low=0, high=6, result=2, return=0x72A60999, context=after pfnFreeFile [D:\Steam\steamapps\common\Half-Life\valve\sound\sentences.txt]]]
[2026-03-29 22:33:25.599] [info][general] hl.dll engine callback: pfnRandomLong [low=0, high=6, result=2, return=0x72A609A6, context=after pfnRandomLong [low=0, high=6, result=2, return=0x72A60999, context=after pfnFreeFile [D:\Steam\steamapps\common\Half-Life\valve\sound\sentences.txt]]]
[2026-03-29 22:33:25.599] [info][general] Worldspawn trace: #205 map=c0a0 edict#0 classname=worldspawn pfnRandomLong [low=0, high=6, result=6, return=0x72A60999, context=after pfnRandomLong [low=0, high=6, result=2, return=0x72A60999, context=after pfnFreeFile [D:\Steam\steamapps\common\Half-Life\valve\sound\sentences.txt]]]
[2026-03-29 22:33:25.599] [info][general] hl.dll engine callback: pfnRandomLong [low=0, high=6, result=6, return=0x72A60999, context=after pfnRandomLong [low=0, high=6, result=2, return=0x72A60999, context=after pfnFreeFile [D:\Steam\steamapps\common\Half-Life\valve\sound\sentences.txt]]]
[2026-03-29 22:33:25.599] [info][general] Worldspawn trace: #206 map=c0a0 edict#0 classname=worldspawn pfnRandomLong [low=0, high=6, result=5, return=0x72A609A6, context=after pfnRandomLong [low=0, high=6, result=2, return=0x72A60999, context=after pfnFreeFile [D:\Steam\steamapps\common\Half-Life\valve\sound\sentences.txt]]]
[2026-03-29 22:33:25.599] [info][general] hl.dll engine callback: pfnRandomLong [low=0, high=6, result=5, return=0x72A609A6, context=after pfnRandomLong [low=0, high=6, result=2, return=0x72A60999, context=after pfnFreeFile [D:\Steam\steamapps\common\Half-Life\valve\sound\sentences.txt]]]
[2026-03-29 22:33:25.600] [info][general] Worldspawn trace: #207 map=c0a0 edict#0 classname=worldspawn pfnRandomLong [low=0, high=6, result=1, return=0x72A60999, context=after pfnRandomLong [low=0, high=6, result=2, return=0x72A60999, context=after pfnFreeFile [D:\Steam\steamapps\common\Half-Life\valve\sound\sentences.txt]]]
[2026-03-29 22:33:25.600] [info][general] hl.dll engine callback: pfnRandomLong [low=0, high=6, result=1, return=0x72A60999, context=after pfnRandomLong [low=0, high=6, result=2, return=0x72A60999, context=after pfnFreeFile [D:\Steam\steamapps\common\Half-Life\valve\sound\sentences.txt]]]
[2026-03-29 22:33:25.600] [info][general] Worldspawn trace: #208 map=c0a0 edict#0 classname=worldspawn pfnRandomLong [low=0, high=6, result=0, return=0x72A609A6, context=after pfnRandomLong [low=0, high=6, result=2, return=0x72A60999, context=after pfnFreeFile [D:\Steam\steamapps\common\Half-Life\valve\sound\sentences.txt]]]
[2026-03-29 22:33:25.600] [info][general] hl.dll engine callback: pfnRandomLong [low=0, high=6, result=0, return=0x72A609A6, context=after pfnRandomLong [low=0, high=6, result=2, return=0x72A60999, context=after pfnFreeFile [D:\Steam\steamapps\common\Half-Life\valve\sound\sentences.txt]]]
[2026-03-29 22:33:25.600] [info][general] Worldspawn trace: #209 map=c0a0 edict#0 classname=worldspawn pfnRandomLong [low=0, high=6, result=5, return=0x72A60999, context=after pfnRandomLong [low=0, high=6, result=2, return=0x72A60999, context=after pfnFreeFile [D:\Steam\steamapps\common\Half-Life\valve\sound\sentences.txt]]]
[2026-03-29 22:33:25.601] [info][general] hl.dll engine callback: pfnRandomLong [low=0, high=6, result=5, return=0x72A60999, context=after pfnRandomLong [low=0, high=6, result=2, return=0x72A60999, context=after pfnFreeFile [D:\Steam\steamapps\common\Half-Life\valve\sound\sentences.txt]]]
[2026-03-29 22:33:25.601] [info][general] Worldspawn trace: #210 map=c0a0 edict#0 classname=worldspawn pfnRandomLong [low=0, high=6, result=4, return=0x72A609A6, context=after pfnRandomLong [low=0, high=6, result=2, return=0x72A60999, context=after pfnFreeFile [D:\Steam\steamapps\common\Half-Life\valve\sound\sentences.txt]]]
[2026-03-29 22:33:25.601] [info][general] hl.dll engine callback: pfnRandomLong [low=0, high=6, result=4, return=0x72A609A6, context=after pfnRandomLong [low=0, high=6, result=2, return=0x72A60999, context=after pfnFreeFile [D:\Steam\steamapps\common\Half-Life\valve\sound\sentences.txt]]]
[2026-03-29 22:33:25.602] [info][general] Worldspawn trace: #211 map=c0a0 edict#0 classname=worldspawn pfnRandomLong [low=0, high=6, result=3, return=0x72A60999, context=after pfnRandomLong [low=0, high=6, result=2, return=0x72A60999, context=after pfnFreeFile [D:\Steam\steamapps\common\Half-Life\valve\sound\sentences.txt]]]
[2026-03-29 22:33:25.602] [info][general] hl.dll engine callback: pfnRandomLong [low=0, high=6, result=3, return=0x72A60999, context=after pfnRandomLong [low=0, high=6, result=2, return=0x72A60999, context=after pfnFreeFile [D:\Steam\steamapps\common\Half-Life\valve\sound\sentences.txt]]]
[2026-03-29 22:33:25.602] [info][general] Worldspawn trace: #212 map=c0a0 edict#0 classname=worldspawn pfnRandomLong [low=0, high=6, result=0, return=0x72A609A6, context=after pfnRandomLong [low=0, high=6, result=2, return=0x72A60999, context=after pfnFreeFile [D:\Steam\steamapps\common\Half-Life\valve\sound\sentences.txt]]]
[2026-03-29 22:33:25.602] [info][general] hl.dll engine callback: pfnRandomLong [low=0, high=6, result=0, return=0x72A609A6, context=after pfnRandomLong [low=0, high=6, result=2, return=0x72A60999, context=after pfnFreeFile [D:\Steam\steamapps\common\Half-Life\valve\sound\sentences.txt]]]
[2026-03-29 22:33:25.603] [info][general] Worldspawn trace: #213 map=c0a0 edict#0 classname=worldspawn pfnRandomLong [low=0, high=6, result=5, return=0x72A60999, context=after pfnRandomLong [low=0, high=6, result=2, return=0x72A60999, context=after pfnFreeFile [D:\Steam\steamapps\common\Half-Life\valve\sound\sentences.txt]]]
[2026-03-29 22:33:25.603] [info][general] hl.dll engine callback: pfnRandomLong [low=0, high=6, result=5, return=0x72A60999, context=after pfnRandomLong [low=0, high=6, result=2, return=0x72A60999, context=after pfnFreeFile [D:\Steam\steamapps\common\Half-Life\valve\sound\sentences.txt]]]
[2026-03-29 22:33:25.603] [info][general] Worldspawn trace: #214 map=c0a0 edict#0 classname=worldspawn pfnRandomLong [low=0, high=6, result=2, return=0x72A609A6, context=after pfnRandomLong [low=0, high=6, result=2, return=0x72A60999, context=after pfnFreeFile [D:\Steam\steamapps\common\Half-Life\valve\sound\sentences.txt]]]
[2026-03-29 22:33:25.603] [info][general] hl.dll engine callback: pfnRandomLong [low=0, high=6, result=2, return=0x72A609A6, context=after pfnRandomLong [low=0, high=6, result=2, return=0x72A60999, context=after pfnFreeFile [D:\Steam\steamapps\common\Half-Life\valve\sound\sentences.txt]]]
[2026-03-29 22:33:25.603] [info][general] Worldspawn trace: #215 map=c0a0 edict#0 classname=worldspawn pfnRandomLong [low=0, high=6, result=3, return=0x72A60999, context=after pfnRandomLong [low=0, high=6, result=2, return=0x72A60999, context=after pfnFreeFile [D:\Steam\steamapps\common\Half-Life\valve\sound\sentences.txt]]]
[2026-03-29 22:33:25.604] [info][general] hl.dll engine callback: pfnRandomLong [low=0, high=6, result=3, return=0x72A60999, context=after pfnRandomLong [low=0, high=6, result=2, return=0x72A60999, context=after pfnFreeFile [D:\Steam\steamapps\common\Half-Life\valve\sound\sentences.txt]]]
[2026-03-29 22:33:25.604] [info][general] Worldspawn trace: #216 map=c0a0 edict#0 classname=worldspawn pfnRandomLong [low=0, high=6, result=5, return=0x72A609A6, context=after pfnRandomLong [low=0, high=6, result=2, return=0x72A60999, context=after pfnFreeFile [D:\Steam\steamapps\common\Half-Life\valve\sound\sentences.txt]]]
[2026-03-29 22:33:25.604] [info][general] hl.dll engine callback: pfnRandomLong [low=0, high=6, result=5, return=0x72A609A6, context=after pfnRandomLong [low=0, high=6, result=2, return=0x72A60999, context=after pfnFreeFile [D:\Steam\steamapps\common\Half-Life\valve\sound\sentences.txt]]]
[2026-03-29 22:33:25.604] [info][general] Worldspawn trace: #217 map=c0a0 edict#0 classname=worldspawn pfnRandomLong [low=0, high=3, result=0, return=0x72A60999, context=after pfnRandomLong [low=0, high=6, result=2, return=0x72A60999, context=after pfnFreeFile [D:\Steam\steamapps\common\Half-Life\valve\sound\sentences.txt]]]
[2026-03-29 22:33:25.604] [info][general] hl.dll engine callback: pfnRandomLong [low=0, high=3, result=0, return=0x72A60999, context=after pfnRandomLong [low=0, high=6, result=2, return=0x72A60999, context=after pfnFreeFile [D:\Steam\steamapps\common\Half-Life\valve\sound\sentences.txt]]]
[2026-03-29 22:33:25.604] [info][general] Worldspawn trace: #218 map=c0a0 edict#0 classname=worldspawn pfnRandomLong [low=0, high=3, result=3, return=0x72A609A6, context=after pfnRandomLong [low=0, high=6, result=2, return=0x72A60999, context=after pfnFreeFile [D:\Steam\steamapps\common\Half-Life\valve\sound\sentences.txt]]]
[2026-03-29 22:33:25.605] [info][general] hl.dll engine callback: pfnRandomLong [low=0, high=3, result=3, return=0x72A609A6, context=after pfnRandomLong [low=0, high=6, result=2, return=0x72A60999, context=after pfnFreeFile [D:\Steam\steamapps\common\Half-Life\valve\sound\sentences.txt]]]
[2026-03-29 22:33:25.605] [info][general] Worldspawn trace: #219 map=c0a0 edict#0 classname=worldspawn pfnRandomLong [low=0, high=3, result=2, return=0x72A60999, context=after pfnRandomLong [low=0, high=6, result=2, return=0x72A60999, context=after pfnFreeFile [D:\Steam\steamapps\common\Half-Life\valve\sound\sentences.txt]]]
[2026-03-29 22:33:25.605] [info][general] hl.dll engine callback: pfnRandomLong [low=0, high=3, result=2, return=0x72A60999, context=after pfnRandomLong [low=0, high=6, result=2, return=0x72A60999, context=after pfnFreeFile [D:\Steam\steamapps\common\Half-Life\valve\sound\sentences.txt]]]
[2026-03-29 22:33:25.605] [info][general] Worldspawn trace: #220 map=c0a0 edict#0 classname=worldspawn pfnRandomLong [low=0, high=3, result=1, return=0x72A609A6, context=after pfnRandomLong [low=0, high=6, result=2, return=0x72A60999, context=after pfnFreeFile [D:\Steam\steamapps\common\Half-Life\valve\sound\sentences.txt]]]
[2026-03-29 22:33:25.606] [info][general] hl.dll engine callback: pfnRandomLong [low=0, high=3, result=1, return=0x72A609A6, context=after pfnRandomLong [low=0, high=6, result=2, return=0x72A60999, context=after pfnFreeFile [D:\Steam\steamapps\common\Half-Life\valve\sound\sentences.txt]]]
[2026-03-29 22:33:25.606] [info][general] Worldspawn trace: #221 map=c0a0 edict#0 classname=worldspawn pfnRandomLong [low=0, high=3, result=0, return=0x72A60999, context=after pfnRandomLong [low=0, high=6, result=2, return=0x72A60999, context=after pfnFreeFile [D:\Steam\steamapps\common\Half-Life\valve\sound\sentences.txt]]]
[2026-03-29 22:33:25.606] [info][general] hl.dll engine callback: pfnRandomLong [low=0, high=3, result=0, return=0x72A60999, context=after pfnRandomLong [low=0, high=6, result=2, return=0x72A60999, context=after pfnFreeFile [D:\Steam\steamapps\common\Half-Life\valve\sound\sentences.txt]]]
[2026-03-29 22:33:25.606] [info][general] Worldspawn trace: #222 map=c0a0 edict#0 classname=worldspawn pfnRandomLong [low=0, high=3, result=3, return=0x72A609A6, context=after pfnRandomLong [low=0, high=6, result=2, return=0x72A60999, context=after pfnFreeFile [D:\Steam\steamapps\common\Half-Life\valve\sound\sentences.txt]]]
[2026-03-29 22:33:25.606] [info][general] hl.dll engine callback: pfnRandomLong [low=0, high=3, result=3, return=0x72A609A6, context=after pfnRandomLong [low=0, high=6, result=2, return=0x72A60999, context=after pfnFreeFile [D:\Steam\steamapps\common\Half-Life\valve\sound\sentences.txt]]]
[2026-03-29 22:33:25.607] [info][general] Worldspawn trace: #223 map=c0a0 edict#0 classname=worldspawn pfnRandomLong [low=0, high=3, result=2, return=0x72A60999, context=after pfnRandomLong [low=0, high=6, result=2, return=0x72A60999, context=after pfnFreeFile [D:\Steam\steamapps\common\Half-Life\valve\sound\sentences.txt]]]
[2026-03-29 22:33:25.607] [info][general] hl.dll engine callback: pfnRandomLong [low=0, high=3, result=2, return=0x72A60999, context=after pfnRandomLong [low=0, high=6, result=2, return=0x72A60999, context=after pfnFreeFile [D:\Steam\steamapps\common\Half-Life\valve\sound\sentences.txt]]]
[2026-03-29 22:33:25.607] [info][general] Worldspawn trace: #224 map=c0a0 edict#0 classname=worldspawn pfnRandomLong [low=0, high=3, result=1, return=0x72A609A6, context=after pfnRandomLong [low=0, high=6, result=2, return=0x72A60999, context=after pfnFreeFile [D:\Steam\steamapps\common\Half-Life\valve\sound\sentences.txt]]]
[2026-03-29 22:33:25.607] [info][general] hl.dll engine callback: pfnRandomLong [low=0, high=3, result=1, return=0x72A609A6, context=after pfnRandomLong [low=0, high=6, result=2, return=0x72A60999, context=after pfnFreeFile [D:\Steam\steamapps\common\Half-Life\valve\sound\sentences.txt]]]
[2026-03-29 22:33:25.608] [info][general] Worldspawn trace: #225 map=c0a0 edict#0 classname=worldspawn pfnRandomLong [low=0, high=3, result=0, return=0x72A60999, context=after pfnRandomLong [low=0, high=6, result=2, return=0x72A60999, context=after pfnFreeFile [D:\Steam\steamapps\common\Half-Life\valve\sound\sentences.txt]]]
[2026-03-29 22:33:25.608] [info][general] hl.dll engine callback: pfnRandomLong [low=0, high=3, result=0, return=0x72A60999, context=after pfnRandomLong [low=0, high=6, result=2, return=0x72A60999, context=after pfnFreeFile [D:\Steam\steamapps\common\Half-Life\valve\sound\sentences.txt]]]
[2026-03-29 22:33:25.608] [info][general] Worldspawn trace: #226 map=c0a0 edict#0 classname=worldspawn pfnRandomLong [low=0, high=3, result=3, return=0x72A609A6, context=after pfnRandomLong [low=0, high=6, result=2, return=0x72A60999, context=after pfnFreeFile [D:\Steam\steamapps\common\Half-Life\valve\sound\sentences.txt]]]
[2026-03-29 22:33:25.608] [info][general] hl.dll engine callback: pfnRandomLong [low=0, high=3, result=3, return=0x72A609A6, context=after pfnRandomLong [low=0, high=6, result=2, return=0x72A60999, context=after pfnFreeFile [D:\Steam\steamapps\common\Half-Life\valve\sound\sentences.txt]]]
[2026-03-29 22:33:25.609] [info][general] Worldspawn trace: #227 map=c0a0 edict#0 classname=worldspawn pfnRandomLong [low=0, high=3, result=2, return=0x72A60999, context=after pfnRandomLong [low=0, high=6, result=2, return=0x72A60999, context=after pfnFreeFile [D:\Steam\steamapps\common\Half-Life\valve\sound\sentences.txt]]]
[2026-03-29 22:33:25.609] [info][general] hl.dll engine callback: pfnRandomLong [low=0, high=3, result=2, return=0x72A60999, context=after pfnRandomLong [low=0, high=6, result=2, return=0x72A60999, context=after pfnFreeFile [D:\Steam\steamapps\common\Half-Life\valve\sound\sentences.txt]]]
[2026-03-29 22:33:25.609] [info][general] Worldspawn trace: #228 map=c0a0 edict#0 classname=worldspawn pfnRandomLong [low=0, high=3, result=1, return=0x72A609A6, context=after pfnRandomLong [low=0, high=6, result=2, return=0x72A60999, context=after pfnFreeFile [D:\Steam\steamapps\common\Half-Life\valve\sound\sentences.txt]]]
[2026-03-29 22:33:25.609] [info][general] hl.dll engine callback: pfnRandomLong [low=0, high=3, result=1, return=0x72A609A6, context=after pfnRandomLong [low=0, high=6, result=2, return=0x72A60999, context=after pfnFreeFile [D:\Steam\steamapps\common\Half-Life\valve\sound\sentences.txt]]]
[2026-03-29 22:33:25.609] [info][general] Worldspawn trace: #229 map=c0a0 edict#0 classname=worldspawn pfnRandomLong [low=0, high=3, result=0, return=0x72A60999, context=after pfnRandomLong [low=0, high=6, result=2, return=0x72A60999, context=after pfnFreeFile [D:\Steam\steamapps\common\Half-Life\valve\sound\sentences.txt]]]
[2026-03-29 22:33:25.609] [info][general] hl.dll engine callback: pfnRandomLong [low=0, high=3, result=0, return=0x72A60999, context=after pfnRandomLong [low=0, high=6, result=2, return=0x72A60999, context=after pfnFreeFile [D:\Steam\steamapps\common\Half-Life\valve\sound\sentences.txt]]]
[2026-03-29 22:33:25.610] [info][general] Worldspawn trace: #230 map=c0a0 edict#0 classname=worldspawn pfnRandomLong [low=0, high=3, result=3, return=0x72A609A6, context=after pfnRandomLong [low=0, high=6, result=2, return=0x72A60999, context=after pfnFreeFile [D:\Steam\steamapps\common\Half-Life\valve\sound\sentences.txt]]]
[2026-03-29 22:33:25.610] [info][general] hl.dll engine callback: pfnRandomLong [low=0, high=3, result=3, return=0x72A609A6, context=after pfnRandomLong [low=0, high=6, result=2, return=0x72A60999, context=after pfnFreeFile [D:\Steam\steamapps\common\Half-Life\valve\sound\sentences.txt]]]
[2026-03-29 22:33:25.610] [info][general] Worldspawn trace: #231 map=c0a0 edict#0 classname=worldspawn pfnRandomLong [low=0, high=3, result=2, return=0x72A60999, context=after pfnRandomLong [low=0, high=6, result=2, return=0x72A60999, context=after pfnFreeFile [D:\Steam\steamapps\common\Half-Life\valve\sound\sentences.txt]]]
[2026-03-29 22:33:25.610] [info][general] hl.dll engine callback: pfnRandomLong [low=0, high=3, result=2, return=0x72A60999, context=after pfnRandomLong [low=0, high=6, result=2, return=0x72A60999, context=after pfnFreeFile [D:\Steam\steamapps\common\Half-Life\valve\sound\sentences.txt]]]
[2026-03-29 22:33:25.610] [info][general] Worldspawn trace: #232 map=c0a0 edict#0 classname=worldspawn pfnRandomLong [low=0, high=3, result=1, return=0x72A609A6, context=after pfnRandomLong [low=0, high=6, result=2, return=0x72A60999, context=after pfnFreeFile [D:\Steam\steamapps\common\Half-Life\valve\sound\sentences.txt]]]
[2026-03-29 22:33:25.611] [info][general] hl.dll engine callback: pfnRandomLong [low=0, high=3, result=1, return=0x72A609A6, context=after pfnRandomLong [low=0, high=6, result=2, return=0x72A60999, context=after pfnFreeFile [D:\Steam\steamapps\common\Half-Life\valve\sound\sentences.txt]]]
[2026-03-29 22:33:25.611] [info][general] Worldspawn trace: #233 map=c0a0 edict#0 classname=worldspawn pfnRandomLong [low=0, high=3, result=0, return=0x72A60999, context=after pfnRandomLong [low=0, high=6, result=2, return=0x72A60999, context=after pfnFreeFile [D:\Steam\steamapps\common\Half-Life\valve\sound\sentences.txt]]]
[2026-03-29 22:33:25.611] [info][general] hl.dll engine callback: pfnRandomLong [low=0, high=3, result=0, return=0x72A60999, context=after pfnRandomLong [low=0, high=6, result=2, return=0x72A60999, context=after pfnFreeFile [D:\Steam\steamapps\common\Half-Life\valve\sound\sentences.txt]]]
[2026-03-29 22:33:25.611] [info][general] Worldspawn trace: #234 map=c0a0 edict#0 classname=worldspawn pfnRandomLong [low=0, high=3, result=3, return=0x72A609A6, context=after pfnRandomLong [low=0, high=6, result=2, return=0x72A60999, context=after pfnFreeFile [D:\Steam\steamapps\common\Half-Life\valve\sound\sentences.txt]]]
[2026-03-29 22:33:25.611] [info][general] hl.dll engine callback: pfnRandomLong [low=0, high=3, result=3, return=0x72A609A6, context=after pfnRandomLong [low=0, high=6, result=2, return=0x72A60999, context=after pfnFreeFile [D:\Steam\steamapps\common\Half-Life\valve\sound\sentences.txt]]]
[2026-03-29 22:33:25.612] [info][general] Worldspawn trace: #235 map=c0a0 edict#0 classname=worldspawn pfnRandomLong [low=0, high=3, result=2, return=0x72A60999, context=after pfnRandomLong [low=0, high=6, result=2, return=0x72A60999, context=after pfnFreeFile [D:\Steam\steamapps\common\Half-Life\valve\sound\sentences.txt]]]
[2026-03-29 22:33:25.612] [info][general] hl.dll engine callback: pfnRandomLong [low=0, high=3, result=2, return=0x72A60999, context=after pfnRandomLong [low=0, high=6, result=2, return=0x72A60999, context=after pfnFreeFile [D:\Steam\steamapps\common\Half-Life\valve\sound\sentences.txt]]]
[2026-03-29 22:33:25.614] [info][general] Worldspawn trace: #236 map=c0a0 edict#0 classname=worldspawn pfnRandomLong [low=0, high=3, result=1, return=0x72A609A6, context=after pfnRandomLong [low=0, high=6, result=2, return=0x72A60999, context=after pfnFreeFile [D:\Steam\steamapps\common\Half-Life\valve\sound\sentences.txt]]]
[2026-03-29 22:33:25.614] [info][general] hl.dll engine callback: pfnRandomLong [low=0, high=3, result=1, return=0x72A609A6, context=after pfnRandomLong [low=0, high=6, result=2, return=0x72A60999, context=after pfnFreeFile [D:\Steam\steamapps\common\Half-Life\valve\sound\sentences.txt]]]
[2026-03-29 22:33:25.620] [info][general] Worldspawn trace: #237 map=c0a0 edict#0 classname=worldspawn pfnRandomLong [low=0, high=3, result=0, return=0x72A60999, context=after pfnRandomLong [low=0, high=6, result=2, return=0x72A60999, context=after pfnFreeFile [D:\Steam\steamapps\common\Half-Life\valve\sound\sentences.txt]]]
[2026-03-29 22:33:25.622] [info][general] hl.dll engine callback: pfnRandomLong [low=0, high=3, result=0, return=0x72A60999, context=after pfnRandomLong [low=0, high=6, result=2, return=0x72A60999, context=after pfnFreeFile [D:\Steam\steamapps\common\Half-Life\valve\sound\sentences.txt]]]
[2026-03-29 22:33:25.625] [info][general] Worldspawn trace: #238 map=c0a0 edict#0 classname=worldspawn pfnRandomLong [low=0, high=3, result=3, return=0x72A609A6, context=after pfnRandomLong [low=0, high=6, result=2, return=0x72A60999, context=after pfnFreeFile [D:\Steam\steamapps\common\Half-Life\valve\sound\sentences.txt]]]
[2026-03-29 22:33:25.628] [info][general] hl.dll engine callback: pfnRandomLong [low=0, high=3, result=3, return=0x72A609A6, context=after pfnRandomLong [low=0, high=6, result=2, return=0x72A60999, context=after pfnFreeFile [D:\Steam\steamapps\common\Half-Life\valve\sound\sentences.txt]]]
[2026-03-29 22:33:25.628] [info][general] Worldspawn trace: #239 map=c0a0 edict#0 classname=worldspawn pfnRandomLong [low=0, high=3, result=2, return=0x72A60999, context=after pfnRandomLong [low=0, high=6, result=2, return=0x72A60999, context=after pfnFreeFile [D:\Steam\steamapps\common\Half-Life\valve\sound\sentences.txt]]]
[2026-03-29 22:33:25.629] [info][general] hl.dll engine callback: pfnRandomLong [low=0, high=3, result=2, return=0x72A60999, context=after pfnRandomLong [low=0, high=6, result=2, return=0x72A60999, context=after pfnFreeFile [D:\Steam\steamapps\common\Half-Life\valve\sound\sentences.txt]]]
[2026-03-29 22:33:25.631] [info][general] Worldspawn trace: #240 map=c0a0 edict#0 classname=worldspawn pfnRandomLong [low=0, high=3, result=1, return=0x72A609A6, context=after pfnRandomLong [low=0, high=6, result=2, return=0x72A60999, context=after pfnFreeFile [D:\Steam\steamapps\common\Half-Life\valve\sound\sentences.txt]]]
[2026-03-29 22:33:25.632] [info][general] hl.dll engine callback: pfnRandomLong [low=0, high=3, result=1, return=0x72A609A6, context=after pfnRandomLong [low=0, high=6, result=2, return=0x72A60999, context=after pfnFreeFile [D:\Steam\steamapps\common\Half-Life\valve\sound\sentences.txt]]]
[2026-03-29 22:33:25.634] [info][general] Worldspawn trace: #241 map=c0a0 edict#0 classname=worldspawn pfnRandomLong [low=0, high=3, result=0, return=0x72A60999, context=after pfnRandomLong [low=0, high=6, result=2, return=0x72A60999, context=after pfnFreeFile [D:\Steam\steamapps\common\Half-Life\valve\sound\sentences.txt]]]
[2026-03-29 22:33:25.634] [info][general] hl.dll engine callback: pfnRandomLong [low=0, high=3, result=0, return=0x72A60999, context=after pfnRandomLong [low=0, high=6, result=2, return=0x72A60999, context=after pfnFreeFile [D:\Steam\steamapps\common\Half-Life\valve\sound\sentences.txt]]]
[2026-03-29 22:33:25.635] [info][general] Worldspawn trace: #242 map=c0a0 edict#0 classname=worldspawn pfnRandomLong [low=0, high=3, result=3, return=0x72A609A6, context=after pfnRandomLong [low=0, high=6, result=2, return=0x72A60999, context=after pfnFreeFile [D:\Steam\steamapps\common\Half-Life\valve\sound\sentences.txt]]]
[2026-03-29 22:33:25.636] [info][general] hl.dll engine callback: pfnRandomLong [low=0, high=3, result=3, return=0x72A609A6, context=after pfnRandomLong [low=0, high=6, result=2, return=0x72A60999, context=after pfnFreeFile [D:\Steam\steamapps\common\Half-Life\valve\sound\sentences.txt]]]
[2026-03-29 22:33:25.637] [info][general] Worldspawn trace: #243 map=c0a0 edict#0 classname=worldspawn pfnRandomLong [low=0, high=3, result=2, return=0x72A60999, context=after pfnRandomLong [low=0, high=6, result=2, return=0x72A60999, context=after pfnFreeFile [D:\Steam\steamapps\common\Half-Life\valve\sound\sentences.txt]]]
[2026-03-29 22:33:25.637] [info][general] hl.dll engine callback: pfnRandomLong [low=0, high=3, result=2, return=0x72A60999, context=after pfnRandomLong [low=0, high=6, result=2, return=0x72A60999, context=after pfnFreeFile [D:\Steam\steamapps\common\Half-Life\valve\sound\sentences.txt]]]
[2026-03-29 22:33:25.637] [info][general] Worldspawn trace: #244 map=c0a0 edict#0 classname=worldspawn pfnRandomLong [low=0, high=3, result=1, return=0x72A609A6, context=after pfnRandomLong [low=0, high=6, result=2, return=0x72A60999, context=after pfnFreeFile [D:\Steam\steamapps\common\Half-Life\valve\sound\sentences.txt]]]
[2026-03-29 22:33:25.638] [info][general] hl.dll engine callback: pfnRandomLong [low=0, high=3, result=1, return=0x72A609A6, context=after pfnRandomLong [low=0, high=6, result=2, return=0x72A60999, context=after pfnFreeFile [D:\Steam\steamapps\common\Half-Life\valve\sound\sentences.txt]]]
[2026-03-29 22:33:25.638] [info][general] Worldspawn trace: #245 map=c0a0 edict#0 classname=worldspawn pfnRandomLong [low=0, high=3, result=0, return=0x72A60999, context=after pfnRandomLong [low=0, high=6, result=2, return=0x72A60999, context=after pfnFreeFile [D:\Steam\steamapps\common\Half-Life\valve\sound\sentences.txt]]]
[2026-03-29 22:33:25.638] [info][general] hl.dll engine callback: pfnRandomLong [low=0, high=3, result=0, return=0x72A60999, context=after pfnRandomLong [low=0, high=6, result=2, return=0x72A60999, context=after pfnFreeFile [D:\Steam\steamapps\common\Half-Life\valve\sound\sentences.txt]]]
[2026-03-29 22:33:25.639] [info][general] Worldspawn trace: #246 map=c0a0 edict#0 classname=worldspawn pfnRandomLong [low=0, high=3, result=3, return=0x72A609A6, context=after pfnRandomLong [low=0, high=6, result=2, return=0x72A60999, context=after pfnFreeFile [D:\Steam\steamapps\common\Half-Life\valve\sound\sentences.txt]]]
[2026-03-29 22:33:25.639] [info][general] hl.dll engine callback: pfnRandomLong [low=0, high=3, result=3, return=0x72A609A6, context=after pfnRandomLong [low=0, high=6, result=2, return=0x72A60999, context=after pfnFreeFile [D:\Steam\steamapps\common\Half-Life\valve\sound\sentences.txt]]]
[2026-03-29 22:33:25.639] [info][general] Worldspawn trace: #247 map=c0a0 edict#0 classname=worldspawn pfnRandomLong [low=0, high=3, result=2, return=0x72A60999, context=after pfnRandomLong [low=0, high=6, result=2, return=0x72A60999, context=after pfnFreeFile [D:\Steam\steamapps\common\Half-Life\valve\sound\sentences.txt]]]
[2026-03-29 22:33:25.639] [info][general] hl.dll engine callback: pfnRandomLong [low=0, high=3, result=2, return=0x72A60999, context=after pfnRandomLong [low=0, high=6, result=2, return=0x72A60999, context=after pfnFreeFile [D:\Steam\steamapps\common\Half-Life\valve\sound\sentences.txt]]]
[2026-03-29 22:33:25.640] [info][general] Worldspawn trace: #248 map=c0a0 edict#0 classname=worldspawn pfnRandomLong [low=0, high=3, result=1, return=0x72A609A6, context=after pfnRandomLong [low=0, high=6, result=2, return=0x72A60999, context=after pfnFreeFile [D:\Steam\steamapps\common\Half-Life\valve\sound\sentences.txt]]]
[2026-03-29 22:33:25.640] [info][general] hl.dll engine callback: pfnRandomLong [low=0, high=3, result=1, return=0x72A609A6, context=after pfnRandomLong [low=0, high=6, result=2, return=0x72A60999, context=after pfnFreeFile [D:\Steam\steamapps\common\Half-Life\valve\sound\sentences.txt]]]
[2026-03-29 22:33:25.640] [info][general] Worldspawn trace: #249 map=c0a0 edict#0 classname=worldspawn pfnRandomLong [low=0, high=7, result=0, return=0x72A60999, context=after pfnRandomLong [low=0, high=6, result=2, return=0x72A60999, context=after pfnFreeFile [D:\Steam\steamapps\common\Half-Life\valve\sound\sentences.txt]]]
[2026-03-29 22:33:25.641] [info][general] hl.dll engine callback: pfnRandomLong [low=0, high=7, result=0, return=0x72A60999, context=after pfnRandomLong [low=0, high=6, result=2, return=0x72A60999, context=after pfnFreeFile [D:\Steam\steamapps\common\Half-Life\valve\sound\sentences.txt]]]
[2026-03-29 22:33:25.641] [info][general] Worldspawn trace: #250 map=c0a0 edict#0 classname=worldspawn pfnRandomLong [low=0, high=7, result=7, return=0x72A609A6, context=after pfnRandomLong [low=0, high=6, result=2, return=0x72A60999, context=after pfnFreeFile [D:\Steam\steamapps\common\Half-Life\valve\sound\sentences.txt]]]
[2026-03-29 22:33:25.641] [info][general] hl.dll engine callback: pfnRandomLong [low=0, high=7, result=7, return=0x72A609A6, context=after pfnRandomLong [low=0, high=6, result=2, return=0x72A60999, context=after pfnFreeFile [D:\Steam\steamapps\common\Half-Life\valve\sound\sentences.txt]]]
[2026-03-29 22:33:25.641] [info][general] Worldspawn trace: #251 map=c0a0 edict#0 classname=worldspawn pfnRandomLong [low=0, high=7, result=2, return=0x72A60999, context=after pfnRandomLong [low=0, high=6, result=2, return=0x72A60999, context=after pfnFreeFile [D:\Steam\steamapps\common\Half-Life\valve\sound\sentences.txt]]]
[2026-03-29 22:33:25.642] [info][general] hl.dll engine callback: pfnRandomLong [low=0, high=7, result=2, return=0x72A60999, context=after pfnRandomLong [low=0, high=6, result=2, return=0x72A60999, context=after pfnFreeFile [D:\Steam\steamapps\common\Half-Life\valve\sound\sentences.txt]]]
[2026-03-29 22:33:25.642] [info][general] Worldspawn trace: #252 map=c0a0 edict#0 classname=worldspawn pfnRandomLong [low=0, high=7, result=1, return=0x72A609A6, context=after pfnRandomLong [low=0, high=6, result=2, return=0x72A60999, context=after pfnFreeFile [D:\Steam\steamapps\common\Half-Life\valve\sound\sentences.txt]]]
[2026-03-29 22:33:25.642] [info][general] hl.dll engine callback: pfnRandomLong [low=0, high=7, result=1, return=0x72A609A6, context=after pfnRandomLong [low=0, high=6, result=2, return=0x72A60999, context=after pfnFreeFile [D:\Steam\steamapps\common\Half-Life\valve\sound\sentences.txt]]]
[2026-03-29 22:33:25.642] [info][general] Worldspawn trace: #253 map=c0a0 edict#0 classname=worldspawn pfnRandomLong [low=0, high=7, result=4, return=0x72A60999, context=after pfnRandomLong [low=0, high=6, result=2, return=0x72A60999, context=after pfnFreeFile [D:\Steam\steamapps\common\Half-Life\valve\sound\sentences.txt]]]
[2026-03-29 22:33:25.643] [info][general] hl.dll engine callback: pfnRandomLong [low=0, high=7, result=4, return=0x72A60999, context=after pfnRandomLong [low=0, high=6, result=2, return=0x72A60999, context=after pfnFreeFile [D:\Steam\steamapps\common\Half-Life\valve\sound\sentences.txt]]]
[2026-03-29 22:33:25.643] [info][general] Worldspawn trace: #254 map=c0a0 edict#0 classname=worldspawn pfnRandomLong [low=0, high=7, result=3, return=0x72A609A6, context=after pfnRandomLong [low=0, high=6, result=2, return=0x72A60999, context=after pfnFreeFile [D:\Steam\steamapps\common\Half-Life\valve\sound\sentences.txt]]]
[2026-03-29 22:33:25.643] [info][general] hl.dll engine callback: pfnRandomLong [low=0, high=7, result=3, return=0x72A609A6, context=after pfnRandomLong [low=0, high=6, result=2, return=0x72A60999, context=after pfnFreeFile [D:\Steam\steamapps\common\Half-Life\valve\sound\sentences.txt]]]
[2026-03-29 22:33:25.644] [info][general] Worldspawn trace: #255 map=c0a0 edict#0 classname=worldspawn pfnRandomLong [low=0, high=7, result=6, return=0x72A60999, context=after pfnRandomLong [low=0, high=6, result=2, return=0x72A60999, context=after pfnFreeFile [D:\Steam\steamapps\common\Half-Life\valve\sound\sentences.txt]]]
[2026-03-29 22:33:25.644] [info][general] hl.dll engine callback: pfnRandomLong [low=0, high=7, result=6, return=0x72A60999, context=after pfnRandomLong [low=0, high=6, result=2, return=0x72A60999, context=after pfnFreeFile [D:\Steam\steamapps\common\Half-Life\valve\sound\sentences.txt]]]
[2026-03-29 22:33:25.644] [info][general] Worldspawn trace: #256 map=c0a0 edict#0 classname=worldspawn pfnRandomLong [low=0, high=7, result=5, return=0x72A609A6, context=after pfnRandomLong [low=0, high=6, result=2, return=0x72A60999, context=after pfnFreeFile [D:\Steam\steamapps\common\Half-Life\valve\sound\sentences.txt]]]
[2026-03-29 22:33:25.644] [info][general] hl.dll engine callback: pfnRandomLong [low=0, high=7, result=5, return=0x72A609A6, context=after pfnRandomLong [low=0, high=6, result=2, return=0x72A60999, context=after pfnFreeFile [D:\Steam\steamapps\common\Half-Life\valve\sound\sentences.txt]]]
[2026-03-29 22:33:25.645] [info][general] Worldspawn trace: #257 map=c0a0 edict#0 classname=worldspawn pfnRandomLong [low=0, high=7, result=0, return=0x72A60999, context=after pfnRandomLong [low=0, high=6, result=2, return=0x72A60999, context=after pfnFreeFile [D:\Steam\steamapps\common\Half-Life\valve\sound\sentences.txt]]]
[2026-03-29 22:33:25.645] [info][general] hl.dll engine callback: pfnRandomLong [low=0, high=7, result=0, return=0x72A60999, context=after pfnRandomLong [low=0, high=6, result=2, return=0x72A60999, context=after pfnFreeFile [D:\Steam\steamapps\common\Half-Life\valve\sound\sentences.txt]]]
[2026-03-29 22:33:25.645] [info][general] Worldspawn trace: #258 map=c0a0 edict#0 classname=worldspawn pfnRandomLong [low=0, high=7, result=7, return=0x72A609A6, context=after pfnRandomLong [low=0, high=6, result=2, return=0x72A60999, context=after pfnFreeFile [D:\Steam\steamapps\common\Half-Life\valve\sound\sentences.txt]]]
[2026-03-29 22:33:25.645] [info][general] hl.dll engine callback: pfnRandomLong [low=0, high=7, result=7, return=0x72A609A6, context=after pfnRandomLong [low=0, high=6, result=2, return=0x72A60999, context=after pfnFreeFile [D:\Steam\steamapps\common\Half-Life\valve\sound\sentences.txt]]]
[2026-03-29 22:33:25.645] [info][general] Worldspawn trace: #259 map=c0a0 edict#0 classname=worldspawn pfnRandomLong [low=0, high=7, result=2, return=0x72A60999, context=after pfnRandomLong [low=0, high=6, result=2, return=0x72A60999, context=after pfnFreeFile [D:\Steam\steamapps\common\Half-Life\valve\sound\sentences.txt]]]
[2026-03-29 22:33:25.645] [info][general] hl.dll engine callback: pfnRandomLong [low=0, high=7, result=2, return=0x72A60999, context=after pfnRandomLong [low=0, high=6, result=2, return=0x72A60999, context=after pfnFreeFile [D:\Steam\steamapps\common\Half-Life\valve\sound\sentences.txt]]]
[2026-03-29 22:33:25.646] [info][general] Worldspawn trace: #260 map=c0a0 edict#0 classname=worldspawn pfnRandomLong [low=0, high=7, result=1, return=0x72A609A6, context=after pfnRandomLong [low=0, high=6, result=2, return=0x72A60999, context=after pfnFreeFile [D:\Steam\steamapps\common\Half-Life\valve\sound\sentences.txt]]]
[2026-03-29 22:33:25.646] [info][general] hl.dll engine callback: pfnRandomLong [low=0, high=7, result=1, return=0x72A609A6, context=after pfnRandomLong [low=0, high=6, result=2, return=0x72A60999, context=after pfnFreeFile [D:\Steam\steamapps\common\Half-Life\valve\sound\sentences.txt]]]
[2026-03-29 22:33:25.646] [info][general] Worldspawn trace: #261 map=c0a0 edict#0 classname=worldspawn pfnRandomLong [low=0, high=7, result=4, return=0x72A60999, context=after pfnRandomLong [low=0, high=6, result=2, return=0x72A60999, context=after pfnFreeFile [D:\Steam\steamapps\common\Half-Life\valve\sound\sentences.txt]]]
[2026-03-29 22:33:25.646] [info][general] hl.dll engine callback: pfnRandomLong [low=0, high=7, result=4, return=0x72A60999, context=after pfnRandomLong [low=0, high=6, result=2, return=0x72A60999, context=after pfnFreeFile [D:\Steam\steamapps\common\Half-Life\valve\sound\sentences.txt]]]
[2026-03-29 22:33:25.646] [info][general] Worldspawn trace: #262 map=c0a0 edict#0 classname=worldspawn pfnRandomLong [low=0, high=7, result=3, return=0x72A609A6, context=after pfnRandomLong [low=0, high=6, result=2, return=0x72A60999, context=after pfnFreeFile [D:\Steam\steamapps\common\Half-Life\valve\sound\sentences.txt]]]
[2026-03-29 22:33:25.647] [info][general] hl.dll engine callback: pfnRandomLong [low=0, high=7, result=3, return=0x72A609A6, context=after pfnRandomLong [low=0, high=6, result=2, return=0x72A60999, context=after pfnFreeFile [D:\Steam\steamapps\common\Half-Life\valve\sound\sentences.txt]]]
[2026-03-29 22:33:25.647] [info][general] Worldspawn trace: #263 map=c0a0 edict#0 classname=worldspawn pfnRandomLong [low=0, high=7, result=6, return=0x72A60999, context=after pfnRandomLong [low=0, high=6, result=2, return=0x72A60999, context=after pfnFreeFile [D:\Steam\steamapps\common\Half-Life\valve\sound\sentences.txt]]]
[2026-03-29 22:33:25.647] [info][general] hl.dll engine callback: pfnRandomLong [low=0, high=7, result=6, return=0x72A60999, context=after pfnRandomLong [low=0, high=6, result=2, return=0x72A60999, context=after pfnFreeFile [D:\Steam\steamapps\common\Half-Life\valve\sound\sentences.txt]]]
[2026-03-29 22:33:25.647] [info][general] Worldspawn trace: #264 map=c0a0 edict#0 classname=worldspawn pfnRandomLong [low=0, high=7, result=5, return=0x72A609A6, context=after pfnRandomLong [low=0, high=6, result=2, return=0x72A60999, context=after pfnFreeFile [D:\Steam\steamapps\common\Half-Life\valve\sound\sentences.txt]]]
[2026-03-29 22:33:25.647] [info][general] hl.dll engine callback: pfnRandomLong [low=0, high=7, result=5, return=0x72A609A6, context=after pfnRandomLong [low=0, high=6, result=2, return=0x72A60999, context=after pfnFreeFile [D:\Steam\steamapps\common\Half-Life\valve\sound\sentences.txt]]]
[2026-03-29 22:33:25.647] [info][general] Worldspawn trace: #265 map=c0a0 edict#0 classname=worldspawn pfnRandomLong [low=0, high=7, result=0, return=0x72A60999, context=after pfnRandomLong [low=0, high=6, result=2, return=0x72A60999, context=after pfnFreeFile [D:\Steam\steamapps\common\Half-Life\valve\sound\sentences.txt]]]
[2026-03-29 22:33:25.648] [info][general] hl.dll engine callback: pfnRandomLong [low=0, high=7, result=0, return=0x72A60999, context=after pfnRandomLong [low=0, high=6, result=2, return=0x72A60999, context=after pfnFreeFile [D:\Steam\steamapps\common\Half-Life\valve\sound\sentences.txt]]]
[2026-03-29 22:33:25.648] [info][general] Worldspawn trace: #266 map=c0a0 edict#0 classname=worldspawn pfnRandomLong [low=0, high=7, result=7, return=0x72A609A6, context=after pfnRandomLong [low=0, high=6, result=2, return=0x72A60999, context=after pfnFreeFile [D:\Steam\steamapps\common\Half-Life\valve\sound\sentences.txt]]]
[2026-03-29 22:33:25.648] [info][general] hl.dll engine callback: pfnRandomLong [low=0, high=7, result=7, return=0x72A609A6, context=after pfnRandomLong [low=0, high=6, result=2, return=0x72A60999, context=after pfnFreeFile [D:\Steam\steamapps\common\Half-Life\valve\sound\sentences.txt]]]
[2026-03-29 22:33:25.648] [info][general] Worldspawn trace: #267 map=c0a0 edict#0 classname=worldspawn pfnRandomLong [low=0, high=7, result=2, return=0x72A60999, context=after pfnRandomLong [low=0, high=6, result=2, return=0x72A60999, context=after pfnFreeFile [D:\Steam\steamapps\common\Half-Life\valve\sound\sentences.txt]]]
[2026-03-29 22:33:25.648] [info][general] hl.dll engine callback: pfnRandomLong [low=0, high=7, result=2, return=0x72A60999, context=after pfnRandomLong [low=0, high=6, result=2, return=0x72A60999, context=after pfnFreeFile [D:\Steam\steamapps\common\Half-Life\valve\sound\sentences.txt]]]
[2026-03-29 22:33:25.649] [info][general] Worldspawn trace: #268 map=c0a0 edict#0 classname=worldspawn pfnRandomLong [low=0, high=7, result=1, return=0x72A609A6, context=after pfnRandomLong [low=0, high=6, result=2, return=0x72A60999, context=after pfnFreeFile [D:\Steam\steamapps\common\Half-Life\valve\sound\sentences.txt]]]
[2026-03-29 22:33:25.649] [info][general] hl.dll engine callback: pfnRandomLong [low=0, high=7, result=1, return=0x72A609A6, context=after pfnRandomLong [low=0, high=6, result=2, return=0x72A60999, context=after pfnFreeFile [D:\Steam\steamapps\common\Half-Life\valve\sound\sentences.txt]]]
[2026-03-29 22:33:25.649] [info][general] Worldspawn trace: #269 map=c0a0 edict#0 classname=worldspawn pfnRandomLong [low=0, high=7, result=4, return=0x72A60999, context=after pfnRandomLong [low=0, high=6, result=2, return=0x72A60999, context=after pfnFreeFile [D:\Steam\steamapps\common\Half-Life\valve\sound\sentences.txt]]]
[2026-03-29 22:33:25.649] [info][general] hl.dll engine callback: pfnRandomLong [low=0, high=7, result=4, return=0x72A60999, context=after pfnRandomLong [low=0, high=6, result=2, return=0x72A60999, context=after pfnFreeFile [D:\Steam\steamapps\common\Half-Life\valve\sound\sentences.txt]]]
[2026-03-29 22:33:25.649] [info][general] Worldspawn trace: #270 map=c0a0 edict#0 classname=worldspawn pfnRandomLong [low=0, high=7, result=3, return=0x72A609A6, context=after pfnRandomLong [low=0, high=6, result=2, return=0x72A60999, context=after pfnFreeFile [D:\Steam\steamapps\common\Half-Life\valve\sound\sentences.txt]]]
[2026-03-29 22:33:25.650] [info][general] hl.dll engine callback: pfnRandomLong [low=0, high=7, result=3, return=0x72A609A6, context=after pfnRandomLong [low=0, high=6, result=2, return=0x72A60999, context=after pfnFreeFile [D:\Steam\steamapps\common\Half-Life\valve\sound\sentences.txt]]]
[2026-03-29 22:33:25.650] [info][general] Worldspawn trace: #271 map=c0a0 edict#0 classname=worldspawn pfnRandomLong [low=0, high=7, result=6, return=0x72A60999, context=after pfnRandomLong [low=0, high=6, result=2, return=0x72A60999, context=after pfnFreeFile [D:\Steam\steamapps\common\Half-Life\valve\sound\sentences.txt]]]
[2026-03-29 22:33:25.650] [info][general] hl.dll engine callback: pfnRandomLong [low=0, high=7, result=6, return=0x72A60999, context=after pfnRandomLong [low=0, high=6, result=2, return=0x72A60999, context=after pfnFreeFile [D:\Steam\steamapps\common\Half-Life\valve\sound\sentences.txt]]]
[2026-03-29 22:33:25.650] [info][general] Worldspawn trace: #272 map=c0a0 edict#0 classname=worldspawn pfnRandomLong [low=0, high=7, result=5, return=0x72A609A6, context=after pfnRandomLong [low=0, high=6, result=2, return=0x72A60999, context=after pfnFreeFile [D:\Steam\steamapps\common\Half-Life\valve\sound\sentences.txt]]]
[2026-03-29 22:33:25.650] [info][general] hl.dll engine callback: pfnRandomLong [low=0, high=7, result=5, return=0x72A609A6, context=after pfnRandomLong [low=0, high=6, result=2, return=0x72A60999, context=after pfnFreeFile [D:\Steam\steamapps\common\Half-Life\valve\sound\sentences.txt]]]
[2026-03-29 22:33:25.651] [info][general] Worldspawn trace: #273 map=c0a0 edict#0 classname=worldspawn pfnRandomLong [low=0, high=7, result=0, return=0x72A60999, context=after pfnRandomLong [low=0, high=6, result=2, return=0x72A60999, context=after pfnFreeFile [D:\Steam\steamapps\common\Half-Life\valve\sound\sentences.txt]]]
[2026-03-29 22:33:25.651] [info][general] hl.dll engine callback: pfnRandomLong [low=0, high=7, result=0, return=0x72A60999, context=after pfnRandomLong [low=0, high=6, result=2, return=0x72A60999, context=after pfnFreeFile [D:\Steam\steamapps\common\Half-Life\valve\sound\sentences.txt]]]
[2026-03-29 22:33:25.651] [info][general] Worldspawn trace: #274 map=c0a0 edict#0 classname=worldspawn pfnRandomLong [low=0, high=7, result=7, return=0x72A609A6, context=after pfnRandomLong [low=0, high=6, result=2, return=0x72A60999, context=after pfnFreeFile [D:\Steam\steamapps\common\Half-Life\valve\sound\sentences.txt]]]
[2026-03-29 22:33:25.651] [info][general] hl.dll engine callback: pfnRandomLong [low=0, high=7, result=7, return=0x72A609A6, context=after pfnRandomLong [low=0, high=6, result=2, return=0x72A60999, context=after pfnFreeFile [D:\Steam\steamapps\common\Half-Life\valve\sound\sentences.txt]]]
[2026-03-29 22:33:25.651] [info][general] Worldspawn trace: #275 map=c0a0 edict#0 classname=worldspawn pfnRandomLong [low=0, high=7, result=2, return=0x72A60999, context=after pfnRandomLong [low=0, high=6, result=2, return=0x72A60999, context=after pfnFreeFile [D:\Steam\steamapps\common\Half-Life\valve\sound\sentences.txt]]]
[2026-03-29 22:33:25.652] [info][general] hl.dll engine callback: pfnRandomLong [low=0, high=7, result=2, return=0x72A60999, context=after pfnRandomLong [low=0, high=6, result=2, return=0x72A60999, context=after pfnFreeFile [D:\Steam\steamapps\common\Half-Life\valve\sound\sentences.txt]]]
[2026-03-29 22:33:25.652] [info][general] Worldspawn trace: #276 map=c0a0 edict#0 classname=worldspawn pfnRandomLong [low=0, high=7, result=1, return=0x72A609A6, context=after pfnRandomLong [low=0, high=6, result=2, return=0x72A60999, context=after pfnFreeFile [D:\Steam\steamapps\common\Half-Life\valve\sound\sentences.txt]]]
[2026-03-29 22:33:25.652] [info][general] hl.dll engine callback: pfnRandomLong [low=0, high=7, result=1, return=0x72A609A6, context=after pfnRandomLong [low=0, high=6, result=2, return=0x72A60999, context=after pfnFreeFile [D:\Steam\steamapps\common\Half-Life\valve\sound\sentences.txt]]]
[2026-03-29 22:33:25.652] [info][general] Worldspawn trace: #277 map=c0a0 edict#0 classname=worldspawn pfnRandomLong [low=0, high=7, result=4, return=0x72A60999, context=after pfnRandomLong [low=0, high=6, result=2, return=0x72A60999, context=after pfnFreeFile [D:\Steam\steamapps\common\Half-Life\valve\sound\sentences.txt]]]
[2026-03-29 22:33:25.653] [info][general] hl.dll engine callback: pfnRandomLong [low=0, high=7, result=4, return=0x72A60999, context=after pfnRandomLong [low=0, high=6, result=2, return=0x72A60999, context=after pfnFreeFile [D:\Steam\steamapps\common\Half-Life\valve\sound\sentences.txt]]]
[2026-03-29 22:33:25.653] [info][general] Worldspawn trace: #278 map=c0a0 edict#0 classname=worldspawn pfnRandomLong [low=0, high=7, result=3, return=0x72A609A6, context=after pfnRandomLong [low=0, high=6, result=2, return=0x72A60999, context=after pfnFreeFile [D:\Steam\steamapps\common\Half-Life\valve\sound\sentences.txt]]]
[2026-03-29 22:33:25.653] [info][general] hl.dll engine callback: pfnRandomLong [low=0, high=7, result=3, return=0x72A609A6, context=after pfnRandomLong [low=0, high=6, result=2, return=0x72A60999, context=after pfnFreeFile [D:\Steam\steamapps\common\Half-Life\valve\sound\sentences.txt]]]
[2026-03-29 22:33:25.653] [info][general] Worldspawn trace: #279 map=c0a0 edict#0 classname=worldspawn pfnRandomLong [low=0, high=7, result=6, return=0x72A60999, context=after pfnRandomLong [low=0, high=6, result=2, return=0x72A60999, context=after pfnFreeFile [D:\Steam\steamapps\common\Half-Life\valve\sound\sentences.txt]]]
[2026-03-29 22:33:25.653] [info][general] hl.dll engine callback: pfnRandomLong [low=0, high=7, result=6, return=0x72A60999, context=after pfnRandomLong [low=0, high=6, result=2, return=0x72A60999, context=after pfnFreeFile [D:\Steam\steamapps\common\Half-Life\valve\sound\sentences.txt]]]
[2026-03-29 22:33:25.654] [info][general] Worldspawn trace: #280 map=c0a0 edict#0 classname=worldspawn pfnRandomLong [low=0, high=7, result=5, return=0x72A609A6, context=after pfnRandomLong [low=0, high=6, result=2, return=0x72A60999, context=after pfnFreeFile [D:\Steam\steamapps\common\Half-Life\valve\sound\sentences.txt]]]
[2026-03-29 22:33:25.654] [info][general] hl.dll engine callback: pfnRandomLong [low=0, high=7, result=5, return=0x72A609A6, context=after pfnRandomLong [low=0, high=6, result=2, return=0x72A60999, context=after pfnFreeFile [D:\Steam\steamapps\common\Half-Life\valve\sound\sentences.txt]]]
[2026-03-29 22:33:25.654] [info][general] Worldspawn trace: #281 map=c0a0 edict#0 classname=worldspawn pfnRandomLong [low=0, high=7, result=0, return=0x72A60999, context=after pfnRandomLong [low=0, high=6, result=2, return=0x72A60999, context=after pfnFreeFile [D:\Steam\steamapps\common\Half-Life\valve\sound\sentences.txt]]]
[2026-03-29 22:33:25.654] [info][general] hl.dll engine callback: pfnRandomLong [low=0, high=7, result=0, return=0x72A60999, context=after pfnRandomLong [low=0, high=6, result=2, return=0x72A60999, context=after pfnFreeFile [D:\Steam\steamapps\common\Half-Life\valve\sound\sentences.txt]]]
[2026-03-29 22:33:25.654] [info][general] Worldspawn trace: #282 map=c0a0 edict#0 classname=worldspawn pfnRandomLong [low=0, high=7, result=7, return=0x72A609A6, context=after pfnRandomLong [low=0, high=6, result=2, return=0x72A60999, context=after pfnFreeFile [D:\Steam\steamapps\common\Half-Life\valve\sound\sentences.txt]]]
[2026-03-29 22:33:25.655] [info][general] hl.dll engine callback: pfnRandomLong [low=0, high=7, result=7, return=0x72A609A6, context=after pfnRandomLong [low=0, high=6, result=2, return=0x72A60999, context=after pfnFreeFile [D:\Steam\steamapps\common\Half-Life\valve\sound\sentences.txt]]]
[2026-03-29 22:33:25.655] [info][general] Worldspawn trace: #283 map=c0a0 edict#0 classname=worldspawn pfnRandomLong [low=0, high=7, result=2, return=0x72A60999, context=after pfnRandomLong [low=0, high=6, result=2, return=0x72A60999, context=after pfnFreeFile [D:\Steam\steamapps\common\Half-Life\valve\sound\sentences.txt]]]
[2026-03-29 22:33:25.655] [info][general] hl.dll engine callback: pfnRandomLong [low=0, high=7, result=2, return=0x72A60999, context=after pfnRandomLong [low=0, high=6, result=2, return=0x72A60999, context=after pfnFreeFile [D:\Steam\steamapps\common\Half-Life\valve\sound\sentences.txt]]]
[2026-03-29 22:33:25.655] [info][general] Worldspawn trace: #284 map=c0a0 edict#0 classname=worldspawn pfnRandomLong [low=0, high=7, result=1, return=0x72A609A6, context=after pfnRandomLong [low=0, high=6, result=2, return=0x72A60999, context=after pfnFreeFile [D:\Steam\steamapps\common\Half-Life\valve\sound\sentences.txt]]]
[2026-03-29 22:33:25.655] [info][general] hl.dll engine callback: pfnRandomLong [low=0, high=7, result=1, return=0x72A609A6, context=after pfnRandomLong [low=0, high=6, result=2, return=0x72A60999, context=after pfnFreeFile [D:\Steam\steamapps\common\Half-Life\valve\sound\sentences.txt]]]
[2026-03-29 22:33:25.656] [info][general] Worldspawn trace: #285 map=c0a0 edict#0 classname=worldspawn pfnRandomLong [low=0, high=7, result=4, return=0x72A60999, context=after pfnRandomLong [low=0, high=6, result=2, return=0x72A60999, context=after pfnFreeFile [D:\Steam\steamapps\common\Half-Life\valve\sound\sentences.txt]]]
[2026-03-29 22:33:25.656] [info][general] hl.dll engine callback: pfnRandomLong [low=0, high=7, result=4, return=0x72A60999, context=after pfnRandomLong [low=0, high=6, result=2, return=0x72A60999, context=after pfnFreeFile [D:\Steam\steamapps\common\Half-Life\valve\sound\sentences.txt]]]
[2026-03-29 22:33:25.656] [info][general] Worldspawn trace: #286 map=c0a0 edict#0 classname=worldspawn pfnRandomLong [low=0, high=7, result=3, return=0x72A609A6, context=after pfnRandomLong [low=0, high=6, result=2, return=0x72A60999, context=after pfnFreeFile [D:\Steam\steamapps\common\Half-Life\valve\sound\sentences.txt]]]
[2026-03-29 22:33:25.656] [info][general] hl.dll engine callback: pfnRandomLong [low=0, high=7, result=3, return=0x72A609A6, context=after pfnRandomLong [low=0, high=6, result=2, return=0x72A60999, context=after pfnFreeFile [D:\Steam\steamapps\common\Half-Life\valve\sound\sentences.txt]]]
[2026-03-29 22:33:25.657] [info][general] Worldspawn trace: #287 map=c0a0 edict#0 classname=worldspawn pfnRandomLong [low=0, high=7, result=6, return=0x72A60999, context=after pfnRandomLong [low=0, high=6, result=2, return=0x72A60999, context=after pfnFreeFile [D:\Steam\steamapps\common\Half-Life\valve\sound\sentences.txt]]]
[2026-03-29 22:33:25.657] [info][general] hl.dll engine callback: pfnRandomLong [low=0, high=7, result=6, return=0x72A60999, context=after pfnRandomLong [low=0, high=6, result=2, return=0x72A60999, context=after pfnFreeFile [D:\Steam\steamapps\common\Half-Life\valve\sound\sentences.txt]]]
[2026-03-29 22:33:25.657] [info][general] Worldspawn trace: #288 map=c0a0 edict#0 classname=worldspawn pfnRandomLong [low=0, high=7, result=5, return=0x72A609A6, context=after pfnRandomLong [low=0, high=6, result=2, return=0x72A60999, context=after pfnFreeFile [D:\Steam\steamapps\common\Half-Life\valve\sound\sentences.txt]]]
[2026-03-29 22:33:25.657] [info][general] hl.dll engine callback: pfnRandomLong [low=0, high=7, result=5, return=0x72A609A6, context=after pfnRandomLong [low=0, high=6, result=2, return=0x72A60999, context=after pfnFreeFile [D:\Steam\steamapps\common\Half-Life\valve\sound\sentences.txt]]]
[2026-03-29 22:33:25.657] [info][general] Worldspawn trace: #289 map=c0a0 edict#0 classname=worldspawn pfnRandomLong [low=0, high=7, result=0, return=0x72A60999, context=after pfnRandomLong [low=0, high=6, result=2, return=0x72A60999, context=after pfnFreeFile [D:\Steam\steamapps\common\Half-Life\valve\sound\sentences.txt]]]
[2026-03-29 22:33:25.658] [info][general] hl.dll engine callback: pfnRandomLong [low=0, high=7, result=0, return=0x72A60999, context=after pfnRandomLong [low=0, high=6, result=2, return=0x72A60999, context=after pfnFreeFile [D:\Steam\steamapps\common\Half-Life\valve\sound\sentences.txt]]]
[2026-03-29 22:33:25.658] [info][general] Worldspawn trace: #290 map=c0a0 edict#0 classname=worldspawn pfnRandomLong [low=0, high=7, result=7, return=0x72A609A6, context=after pfnRandomLong [low=0, high=6, result=2, return=0x72A60999, context=after pfnFreeFile [D:\Steam\steamapps\common\Half-Life\valve\sound\sentences.txt]]]
[2026-03-29 22:33:25.658] [info][general] hl.dll engine callback: pfnRandomLong [low=0, high=7, result=7, return=0x72A609A6, context=after pfnRandomLong [low=0, high=6, result=2, return=0x72A60999, context=after pfnFreeFile [D:\Steam\steamapps\common\Half-Life\valve\sound\sentences.txt]]]
[2026-03-29 22:33:25.658] [info][general] Worldspawn trace: #291 map=c0a0 edict#0 classname=worldspawn pfnRandomLong [low=0, high=7, result=2, return=0x72A60999, context=after pfnRandomLong [low=0, high=6, result=2, return=0x72A60999, context=after pfnFreeFile [D:\Steam\steamapps\common\Half-Life\valve\sound\sentences.txt]]]
[2026-03-29 22:33:25.658] [info][general] hl.dll engine callback: pfnRandomLong [low=0, high=7, result=2, return=0x72A60999, context=after pfnRandomLong [low=0, high=6, result=2, return=0x72A60999, context=after pfnFreeFile [D:\Steam\steamapps\common\Half-Life\valve\sound\sentences.txt]]]
[2026-03-29 22:33:25.659] [info][general] Worldspawn trace: #292 map=c0a0 edict#0 classname=worldspawn pfnRandomLong [low=0, high=7, result=1, return=0x72A609A6, context=after pfnRandomLong [low=0, high=6, result=2, return=0x72A60999, context=after pfnFreeFile [D:\Steam\steamapps\common\Half-Life\valve\sound\sentences.txt]]]
[2026-03-29 22:33:25.659] [info][general] hl.dll engine callback: pfnRandomLong [low=0, high=7, result=1, return=0x72A609A6, context=after pfnRandomLong [low=0, high=6, result=2, return=0x72A60999, context=after pfnFreeFile [D:\Steam\steamapps\common\Half-Life\valve\sound\sentences.txt]]]
[2026-03-29 22:33:25.659] [info][general] Worldspawn trace: #293 map=c0a0 edict#0 classname=worldspawn pfnRandomLong [low=0, high=7, result=4, return=0x72A60999, context=after pfnRandomLong [low=0, high=6, result=2, return=0x72A60999, context=after pfnFreeFile [D:\Steam\steamapps\common\Half-Life\valve\sound\sentences.txt]]]
[2026-03-29 22:33:25.659] [info][general] hl.dll engine callback: pfnRandomLong [low=0, high=7, result=4, return=0x72A60999, context=after pfnRandomLong [low=0, high=6, result=2, return=0x72A60999, context=after pfnFreeFile [D:\Steam\steamapps\common\Half-Life\valve\sound\sentences.txt]]]
[2026-03-29 22:33:25.659] [info][general] Worldspawn trace: #294 map=c0a0 edict#0 classname=worldspawn pfnRandomLong [low=0, high=7, result=3, return=0x72A609A6, context=after pfnRandomLong [low=0, high=6, result=2, return=0x72A60999, context=after pfnFreeFile [D:\Steam\steamapps\common\Half-Life\valve\sound\sentences.txt]]]
[2026-03-29 22:33:25.660] [info][general] hl.dll engine callback: pfnRandomLong [low=0, high=7, result=3, return=0x72A609A6, context=after pfnRandomLong [low=0, high=6, result=2, return=0x72A60999, context=after pfnFreeFile [D:\Steam\steamapps\common\Half-Life\valve\sound\sentences.txt]]]
[2026-03-29 22:33:25.660] [info][general] Worldspawn trace: #295 map=c0a0 edict#0 classname=worldspawn pfnRandomLong [low=0, high=7, result=6, return=0x72A60999, context=after pfnRandomLong [low=0, high=6, result=2, return=0x72A60999, context=after pfnFreeFile [D:\Steam\steamapps\common\Half-Life\valve\sound\sentences.txt]]]
[2026-03-29 22:33:25.660] [info][general] hl.dll engine callback: pfnRandomLong [low=0, high=7, result=6, return=0x72A60999, context=after pfnRandomLong [low=0, high=6, result=2, return=0x72A60999, context=after pfnFreeFile [D:\Steam\steamapps\common\Half-Life\valve\sound\sentences.txt]]]
[2026-03-29 22:33:25.660] [info][general] Worldspawn trace: #296 map=c0a0 edict#0 classname=worldspawn pfnRandomLong [low=0, high=7, result=5, return=0x72A609A6, context=after pfnRandomLong [low=0, high=6, result=2, return=0x72A60999, context=after pfnFreeFile [D:\Steam\steamapps\common\Half-Life\valve\sound\sentences.txt]]]
[2026-03-29 22:33:25.660] [info][general] hl.dll engine callback: pfnRandomLong [low=0, high=7, result=5, return=0x72A609A6, context=after pfnRandomLong [low=0, high=6, result=2, return=0x72A60999, context=after pfnFreeFile [D:\Steam\steamapps\common\Half-Life\valve\sound\sentences.txt]]]
[2026-03-29 22:33:25.661] [info][general] Worldspawn trace: #297 map=c0a0 edict#0 classname=worldspawn pfnRandomLong [low=0, high=7, result=0, return=0x72A60999, context=after pfnRandomLong [low=0, high=6, result=2, return=0x72A60999, context=after pfnFreeFile [D:\Steam\steamapps\common\Half-Life\valve\sound\sentences.txt]]]
[2026-03-29 22:33:25.661] [info][general] hl.dll engine callback: pfnRandomLong [low=0, high=7, result=0, return=0x72A60999, context=after pfnRandomLong [low=0, high=6, result=2, return=0x72A60999, context=after pfnFreeFile [D:\Steam\steamapps\common\Half-Life\valve\sound\sentences.txt]]]
[2026-03-29 22:33:25.661] [info][general] Worldspawn trace: #298 map=c0a0 edict#0 classname=worldspawn pfnRandomLong [low=0, high=7, result=7, return=0x72A609A6, context=after pfnRandomLong [low=0, high=6, result=2, return=0x72A60999, context=after pfnFreeFile [D:\Steam\steamapps\common\Half-Life\valve\sound\sentences.txt]]]
[2026-03-29 22:33:25.661] [info][general] hl.dll engine callback: pfnRandomLong [low=0, high=7, result=7, return=0x72A609A6, context=after pfnRandomLong [low=0, high=6, result=2, return=0x72A60999, context=after pfnFreeFile [D:\Steam\steamapps\common\Half-Life\valve\sound\sentences.txt]]]
[2026-03-29 22:33:25.661] [info][general] Worldspawn trace: #299 map=c0a0 edict#0 classname=worldspawn pfnRandomLong [low=0, high=7, result=2, return=0x72A60999, context=after pfnRandomLong [low=0, high=6, result=2, return=0x72A60999, context=after pfnFreeFile [D:\Steam\steamapps\common\Half-Life\valve\sound\sentences.txt]]]
[2026-03-29 22:33:25.661] [info][general] hl.dll engine callback: pfnRandomLong [low=0, high=7, result=2, return=0x72A60999, context=after pfnRandomLong [low=0, high=6, result=2, return=0x72A60999, context=after pfnFreeFile [D:\Steam\steamapps\common\Half-Life\valve\sound\sentences.txt]]]
[2026-03-29 22:33:25.662] [info][general] Worldspawn trace: #300 map=c0a0 edict#0 classname=worldspawn pfnRandomLong [low=0, high=7, result=1, return=0x72A609A6, context=after pfnRandomLong [low=0, high=6, result=2, return=0x72A60999, context=after pfnFreeFile [D:\Steam\steamapps\common\Half-Life\valve\sound\sentences.txt]]]
[2026-03-29 22:33:25.662] [info][general] hl.dll engine callback: pfnRandomLong [low=0, high=7, result=1, return=0x72A609A6, context=after pfnRandomLong [low=0, high=6, result=2, return=0x72A60999, context=after pfnFreeFile [D:\Steam\steamapps\common\Half-Life\valve\sound\sentences.txt]]]
[2026-03-29 22:33:25.662] [info][general] Worldspawn trace: #301 map=c0a0 edict#0 classname=worldspawn pfnRandomLong [low=0, high=7, result=4, return=0x72A60999, context=after pfnRandomLong [low=0, high=6, result=2, return=0x72A60999, context=after pfnFreeFile [D:\Steam\steamapps\common\Half-Life\valve\sound\sentences.txt]]]
[2026-03-29 22:33:25.662] [info][general] hl.dll engine callback: pfnRandomLong [low=0, high=7, result=4, return=0x72A60999, context=after pfnRandomLong [low=0, high=6, result=2, return=0x72A60999, context=after pfnFreeFile [D:\Steam\steamapps\common\Half-Life\valve\sound\sentences.txt]]]
[2026-03-29 22:33:25.663] [info][general] Worldspawn trace: #302 map=c0a0 edict#0 classname=worldspawn pfnRandomLong [low=0, high=7, result=3, return=0x72A609A6, context=after pfnRandomLong [low=0, high=6, result=2, return=0x72A60999, context=after pfnFreeFile [D:\Steam\steamapps\common\Half-Life\valve\sound\sentences.txt]]]
[2026-03-29 22:33:25.663] [info][general] hl.dll engine callback: pfnRandomLong [low=0, high=7, result=3, return=0x72A609A6, context=after pfnRandomLong [low=0, high=6, result=2, return=0x72A60999, context=after pfnFreeFile [D:\Steam\steamapps\common\Half-Life\valve\sound\sentences.txt]]]
[2026-03-29 22:33:25.663] [info][general] Worldspawn trace: #303 map=c0a0 edict#0 classname=worldspawn pfnRandomLong [low=0, high=7, result=6, return=0x72A60999, context=after pfnRandomLong [low=0, high=6, result=2, return=0x72A60999, context=after pfnFreeFile [D:\Steam\steamapps\common\Half-Life\valve\sound\sentences.txt]]]
[2026-03-29 22:33:25.663] [info][general] hl.dll engine callback: pfnRandomLong [low=0, high=7, result=6, return=0x72A60999, context=after pfnRandomLong [low=0, high=6, result=2, return=0x72A60999, context=after pfnFreeFile [D:\Steam\steamapps\common\Half-Life\valve\sound\sentences.txt]]]
[2026-03-29 22:33:25.664] [info][general] Worldspawn trace: #304 map=c0a0 edict#0 classname=worldspawn pfnRandomLong [low=0, high=7, result=5, return=0x72A609A6, context=after pfnRandomLong [low=0, high=6, result=2, return=0x72A60999, context=after pfnFreeFile [D:\Steam\steamapps\common\Half-Life\valve\sound\sentences.txt]]]
[2026-03-29 22:33:25.664] [info][general] hl.dll engine callback: pfnRandomLong [low=0, high=7, result=5, return=0x72A609A6, context=after pfnRandomLong [low=0, high=6, result=2, return=0x72A60999, context=after pfnFreeFile [D:\Steam\steamapps\common\Half-Life\valve\sound\sentences.txt]]]
[2026-03-29 22:33:25.664] [info][general] Worldspawn trace: #305 map=c0a0 edict#0 classname=worldspawn pfnRandomLong [low=0, high=7, result=0, return=0x72A60999, context=after pfnRandomLong [low=0, high=6, result=2, return=0x72A60999, context=after pfnFreeFile [D:\Steam\steamapps\common\Half-Life\valve\sound\sentences.txt]]]
[2026-03-29 22:33:25.664] [info][general] hl.dll engine callback: pfnRandomLong [low=0, high=7, result=0, return=0x72A60999, context=after pfnRandomLong [low=0, high=6, result=2, return=0x72A60999, context=after pfnFreeFile [D:\Steam\steamapps\common\Half-Life\valve\sound\sentences.txt]]]
[2026-03-29 22:33:25.664] [info][general] Worldspawn trace: #306 map=c0a0 edict#0 classname=worldspawn pfnRandomLong [low=0, high=7, result=7, return=0x72A609A6, context=after pfnRandomLong [low=0, high=6, result=2, return=0x72A60999, context=after pfnFreeFile [D:\Steam\steamapps\common\Half-Life\valve\sound\sentences.txt]]]
[2026-03-29 22:33:25.665] [info][general] hl.dll engine callback: pfnRandomLong [low=0, high=7, result=7, return=0x72A609A6, context=after pfnRandomLong [low=0, high=6, result=2, return=0x72A60999, context=after pfnFreeFile [D:\Steam\steamapps\common\Half-Life\valve\sound\sentences.txt]]]
[2026-03-29 22:33:25.665] [info][general] Worldspawn trace: #307 map=c0a0 edict#0 classname=worldspawn pfnRandomLong [low=0, high=7, result=2, return=0x72A60999, context=after pfnRandomLong [low=0, high=6, result=2, return=0x72A60999, context=after pfnFreeFile [D:\Steam\steamapps\common\Half-Life\valve\sound\sentences.txt]]]
[2026-03-29 22:33:25.665] [info][general] hl.dll engine callback: pfnRandomLong [low=0, high=7, result=2, return=0x72A60999, context=after pfnRandomLong [low=0, high=6, result=2, return=0x72A60999, context=after pfnFreeFile [D:\Steam\steamapps\common\Half-Life\valve\sound\sentences.txt]]]
[2026-03-29 22:33:25.665] [info][general] Worldspawn trace: #308 map=c0a0 edict#0 classname=worldspawn pfnRandomLong [low=0, high=7, result=1, return=0x72A609A6, context=after pfnRandomLong [low=0, high=6, result=2, return=0x72A60999, context=after pfnFreeFile [D:\Steam\steamapps\common\Half-Life\valve\sound\sentences.txt]]]
[2026-03-29 22:33:25.665] [info][general] hl.dll engine callback: pfnRandomLong [low=0, high=7, result=1, return=0x72A609A6, context=after pfnRandomLong [low=0, high=6, result=2, return=0x72A60999, context=after pfnFreeFile [D:\Steam\steamapps\common\Half-Life\valve\sound\sentences.txt]]]
[2026-03-29 22:33:25.666] [info][general] Worldspawn trace: #309 map=c0a0 edict#0 classname=worldspawn pfnRandomLong [low=0, high=7, result=4, return=0x72A60999, context=after pfnRandomLong [low=0, high=6, result=2, return=0x72A60999, context=after pfnFreeFile [D:\Steam\steamapps\common\Half-Life\valve\sound\sentences.txt]]]
[2026-03-29 22:33:25.666] [info][general] hl.dll engine callback: pfnRandomLong [low=0, high=7, result=4, return=0x72A60999, context=after pfnRandomLong [low=0, high=6, result=2, return=0x72A60999, context=after pfnFreeFile [D:\Steam\steamapps\common\Half-Life\valve\sound\sentences.txt]]]
[2026-03-29 22:33:25.666] [info][general] Worldspawn trace: #310 map=c0a0 edict#0 classname=worldspawn pfnRandomLong [low=0, high=7, result=3, return=0x72A609A6, context=after pfnRandomLong [low=0, high=6, result=2, return=0x72A60999, context=after pfnFreeFile [D:\Steam\steamapps\common\Half-Life\valve\sound\sentences.txt]]]
[2026-03-29 22:33:25.666] [info][general] hl.dll engine callback: pfnRandomLong [low=0, high=7, result=3, return=0x72A609A6, context=after pfnRandomLong [low=0, high=6, result=2, return=0x72A60999, context=after pfnFreeFile [D:\Steam\steamapps\common\Half-Life\valve\sound\sentences.txt]]]
[2026-03-29 22:33:25.666] [info][general] Worldspawn trace: #311 map=c0a0 edict#0 classname=worldspawn pfnRandomLong [low=0, high=7, result=6, return=0x72A60999, context=after pfnRandomLong [low=0, high=6, result=2, return=0x72A60999, context=after pfnFreeFile [D:\Steam\steamapps\common\Half-Life\valve\sound\sentences.txt]]]
[2026-03-29 22:33:25.666] [info][general] hl.dll engine callback: pfnRandomLong [low=0, high=7, result=6, return=0x72A60999, context=after pfnRandomLong [low=0, high=6, result=2, return=0x72A60999, context=after pfnFreeFile [D:\Steam\steamapps\common\Half-Life\valve\sound\sentences.txt]]]
[2026-03-29 22:33:25.667] [info][general] Worldspawn trace: #312 map=c0a0 edict#0 classname=worldspawn pfnRandomLong [low=0, high=7, result=5, return=0x72A609A6, context=after pfnRandomLong [low=0, high=6, result=2, return=0x72A60999, context=after pfnFreeFile [D:\Steam\steamapps\common\Half-Life\valve\sound\sentences.txt]]]
[2026-03-29 22:33:25.667] [info][general] hl.dll engine callback: pfnRandomLong [low=0, high=7, result=5, return=0x72A609A6, context=after pfnRandomLong [low=0, high=6, result=2, return=0x72A60999, context=after pfnFreeFile [D:\Steam\steamapps\common\Half-Life\valve\sound\sentences.txt]]]
[2026-03-29 22:33:25.667] [info][general] Worldspawn trace: #313 map=c0a0 edict#0 classname=worldspawn pfnRandomLong [low=0, high=3, result=0, return=0x72A60999, context=after pfnRandomLong [low=0, high=6, result=2, return=0x72A60999, context=after pfnFreeFile [D:\Steam\steamapps\common\Half-Life\valve\sound\sentences.txt]]]
[2026-03-29 22:33:25.667] [info][general] hl.dll engine callback: pfnRandomLong [low=0, high=3, result=0, return=0x72A60999, context=after pfnRandomLong [low=0, high=6, result=2, return=0x72A60999, context=after pfnFreeFile [D:\Steam\steamapps\common\Half-Life\valve\sound\sentences.txt]]]
[2026-03-29 22:33:25.667] [info][general] Worldspawn trace: #314 map=c0a0 edict#0 classname=worldspawn pfnRandomLong [low=0, high=3, result=3, return=0x72A609A6, context=after pfnRandomLong [low=0, high=6, result=2, return=0x72A60999, context=after pfnFreeFile [D:\Steam\steamapps\common\Half-Life\valve\sound\sentences.txt]]]
[2026-03-29 22:33:25.668] [info][general] hl.dll engine callback: pfnRandomLong [low=0, high=3, result=3, return=0x72A609A6, context=after pfnRandomLong [low=0, high=6, result=2, return=0x72A60999, context=after pfnFreeFile [D:\Steam\steamapps\common\Half-Life\valve\sound\sentences.txt]]]
[2026-03-29 22:33:25.668] [info][general] Worldspawn trace: #315 map=c0a0 edict#0 classname=worldspawn pfnRandomLong [low=0, high=3, result=2, return=0x72A60999, context=after pfnRandomLong [low=0, high=6, result=2, return=0x72A60999, context=after pfnFreeFile [D:\Steam\steamapps\common\Half-Life\valve\sound\sentences.txt]]]
[2026-03-29 22:33:25.668] [info][general] hl.dll engine callback: pfnRandomLong [low=0, high=3, result=2, return=0x72A60999, context=after pfnRandomLong [low=0, high=6, result=2, return=0x72A60999, context=after pfnFreeFile [D:\Steam\steamapps\common\Half-Life\valve\sound\sentences.txt]]]
[2026-03-29 22:33:25.668] [info][general] Worldspawn trace: #316 map=c0a0 edict#0 classname=worldspawn pfnRandomLong [low=0, high=3, result=1, return=0x72A609A6, context=after pfnRandomLong [low=0, high=6, result=2, return=0x72A60999, context=after pfnFreeFile [D:\Steam\steamapps\common\Half-Life\valve\sound\sentences.txt]]]
[2026-03-29 22:33:25.669] [info][general] hl.dll engine callback: pfnRandomLong [low=0, high=3, result=1, return=0x72A609A6, context=after pfnRandomLong [low=0, high=6, result=2, return=0x72A60999, context=after pfnFreeFile [D:\Steam\steamapps\common\Half-Life\valve\sound\sentences.txt]]]
[2026-03-29 22:33:25.669] [info][general] Worldspawn trace: #317 map=c0a0 edict#0 classname=worldspawn pfnRandomLong [low=0, high=3, result=0, return=0x72A60999, context=after pfnRandomLong [low=0, high=6, result=2, return=0x72A60999, context=after pfnFreeFile [D:\Steam\steamapps\common\Half-Life\valve\sound\sentences.txt]]]
[2026-03-29 22:33:25.669] [info][general] hl.dll engine callback: pfnRandomLong [low=0, high=3, result=0, return=0x72A60999, context=after pfnRandomLong [low=0, high=6, result=2, return=0x72A60999, context=after pfnFreeFile [D:\Steam\steamapps\common\Half-Life\valve\sound\sentences.txt]]]
[2026-03-29 22:33:25.669] [info][general] Worldspawn trace: #318 map=c0a0 edict#0 classname=worldspawn pfnRandomLong [low=0, high=3, result=3, return=0x72A609A6, context=after pfnRandomLong [low=0, high=6, result=2, return=0x72A60999, context=after pfnFreeFile [D:\Steam\steamapps\common\Half-Life\valve\sound\sentences.txt]]]
[2026-03-29 22:33:25.669] [info][general] hl.dll engine callback: pfnRandomLong [low=0, high=3, result=3, return=0x72A609A6, context=after pfnRandomLong [low=0, high=6, result=2, return=0x72A60999, context=after pfnFreeFile [D:\Steam\steamapps\common\Half-Life\valve\sound\sentences.txt]]]
[2026-03-29 22:33:25.670] [info][general] Worldspawn trace: #319 map=c0a0 edict#0 classname=worldspawn pfnRandomLong [low=0, high=3, result=2, return=0x72A60999, context=after pfnRandomLong [low=0, high=6, result=2, return=0x72A60999, context=after pfnFreeFile [D:\Steam\steamapps\common\Half-Life\valve\sound\sentences.txt]]]
[2026-03-29 22:33:25.670] [info][general] hl.dll engine callback: pfnRandomLong [low=0, high=3, result=2, return=0x72A60999, context=after pfnRandomLong [low=0, high=6, result=2, return=0x72A60999, context=after pfnFreeFile [D:\Steam\steamapps\common\Half-Life\valve\sound\sentences.txt]]]
[2026-03-29 22:33:25.670] [info][general] Worldspawn trace: #320 map=c0a0 edict#0 classname=worldspawn pfnRandomLong [low=0, high=3, result=1, return=0x72A609A6, context=after pfnRandomLong [low=0, high=6, result=2, return=0x72A60999, context=after pfnFreeFile [D:\Steam\steamapps\common\Half-Life\valve\sound\sentences.txt]]]
[2026-03-29 22:33:25.670] [info][general] hl.dll engine callback: pfnRandomLong [low=0, high=3, result=1, return=0x72A609A6, context=after pfnRandomLong [low=0, high=6, result=2, return=0x72A60999, context=after pfnFreeFile [D:\Steam\steamapps\common\Half-Life\valve\sound\sentences.txt]]]
[2026-03-29 22:33:25.671] [info][general] Worldspawn trace: #321 map=c0a0 edict#0 classname=worldspawn pfnRandomLong [low=0, high=3, result=0, return=0x72A60999, context=after pfnRandomLong [low=0, high=6, result=2, return=0x72A60999, context=after pfnFreeFile [D:\Steam\steamapps\common\Half-Life\valve\sound\sentences.txt]]]
[2026-03-29 22:33:25.671] [info][general] hl.dll engine callback: pfnRandomLong [low=0, high=3, result=0, return=0x72A60999, context=after pfnRandomLong [low=0, high=6, result=2, return=0x72A60999, context=after pfnFreeFile [D:\Steam\steamapps\common\Half-Life\valve\sound\sentences.txt]]]
[2026-03-29 22:33:25.671] [info][general] Worldspawn trace: #322 map=c0a0 edict#0 classname=worldspawn pfnRandomLong [low=0, high=3, result=3, return=0x72A609A6, context=after pfnRandomLong [low=0, high=6, result=2, return=0x72A60999, context=after pfnFreeFile [D:\Steam\steamapps\common\Half-Life\valve\sound\sentences.txt]]]
[2026-03-29 22:33:25.671] [info][general] hl.dll engine callback: pfnRandomLong [low=0, high=3, result=3, return=0x72A609A6, context=after pfnRandomLong [low=0, high=6, result=2, return=0x72A60999, context=after pfnFreeFile [D:\Steam\steamapps\common\Half-Life\valve\sound\sentences.txt]]]
[2026-03-29 22:33:25.672] [info][general] Worldspawn trace: #323 map=c0a0 edict#0 classname=worldspawn pfnRandomLong [low=0, high=3, result=2, return=0x72A60999, context=after pfnRandomLong [low=0, high=6, result=2, return=0x72A60999, context=after pfnFreeFile [D:\Steam\steamapps\common\Half-Life\valve\sound\sentences.txt]]]
[2026-03-29 22:33:25.672] [info][general] hl.dll engine callback: pfnRandomLong [low=0, high=3, result=2, return=0x72A60999, context=after pfnRandomLong [low=0, high=6, result=2, return=0x72A60999, context=after pfnFreeFile [D:\Steam\steamapps\common\Half-Life\valve\sound\sentences.txt]]]
[2026-03-29 22:33:25.672] [info][general] Worldspawn trace: #324 map=c0a0 edict#0 classname=worldspawn pfnRandomLong [low=0, high=3, result=1, return=0x72A609A6, context=after pfnRandomLong [low=0, high=6, result=2, return=0x72A60999, context=after pfnFreeFile [D:\Steam\steamapps\common\Half-Life\valve\sound\sentences.txt]]]
[2026-03-29 22:33:25.672] [info][general] hl.dll engine callback: pfnRandomLong [low=0, high=3, result=1, return=0x72A609A6, context=after pfnRandomLong [low=0, high=6, result=2, return=0x72A60999, context=after pfnFreeFile [D:\Steam\steamapps\common\Half-Life\valve\sound\sentences.txt]]]
[2026-03-29 22:33:25.672] [info][general] Worldspawn trace: #325 map=c0a0 edict#0 classname=worldspawn pfnRandomLong [low=0, high=3, result=0, return=0x72A60999, context=after pfnRandomLong [low=0, high=6, result=2, return=0x72A60999, context=after pfnFreeFile [D:\Steam\steamapps\common\Half-Life\valve\sound\sentences.txt]]]
[2026-03-29 22:33:25.672] [info][general] hl.dll engine callback: pfnRandomLong [low=0, high=3, result=0, return=0x72A60999, context=after pfnRandomLong [low=0, high=6, result=2, return=0x72A60999, context=after pfnFreeFile [D:\Steam\steamapps\common\Half-Life\valve\sound\sentences.txt]]]
[2026-03-29 22:33:25.673] [info][general] Worldspawn trace: #326 map=c0a0 edict#0 classname=worldspawn pfnRandomLong [low=0, high=3, result=3, return=0x72A609A6, context=after pfnRandomLong [low=0, high=6, result=2, return=0x72A60999, context=after pfnFreeFile [D:\Steam\steamapps\common\Half-Life\valve\sound\sentences.txt]]]
[2026-03-29 22:33:25.673] [info][general] hl.dll engine callback: pfnRandomLong [low=0, high=3, result=3, return=0x72A609A6, context=after pfnRandomLong [low=0, high=6, result=2, return=0x72A60999, context=after pfnFreeFile [D:\Steam\steamapps\common\Half-Life\valve\sound\sentences.txt]]]
[2026-03-29 22:33:25.673] [info][general] Worldspawn trace: #327 map=c0a0 edict#0 classname=worldspawn pfnRandomLong [low=0, high=3, result=2, return=0x72A60999, context=after pfnRandomLong [low=0, high=6, result=2, return=0x72A60999, context=after pfnFreeFile [D:\Steam\steamapps\common\Half-Life\valve\sound\sentences.txt]]]
[2026-03-29 22:33:25.673] [info][general] hl.dll engine callback: pfnRandomLong [low=0, high=3, result=2, return=0x72A60999, context=after pfnRandomLong [low=0, high=6, result=2, return=0x72A60999, context=after pfnFreeFile [D:\Steam\steamapps\common\Half-Life\valve\sound\sentences.txt]]]
[2026-03-29 22:33:25.674] [info][general] Worldspawn trace: #328 map=c0a0 edict#0 classname=worldspawn pfnRandomLong [low=0, high=3, result=1, return=0x72A609A6, context=after pfnRandomLong [low=0, high=6, result=2, return=0x72A60999, context=after pfnFreeFile [D:\Steam\steamapps\common\Half-Life\valve\sound\sentences.txt]]]
[2026-03-29 22:33:25.674] [info][general] hl.dll engine callback: pfnRandomLong [low=0, high=3, result=1, return=0x72A609A6, context=after pfnRandomLong [low=0, high=6, result=2, return=0x72A60999, context=after pfnFreeFile [D:\Steam\steamapps\common\Half-Life\valve\sound\sentences.txt]]]
[2026-03-29 22:33:25.674] [info][general] Worldspawn trace: #329 map=c0a0 edict#0 classname=worldspawn pfnRandomLong [low=0, high=3, result=0, return=0x72A60999, context=after pfnRandomLong [low=0, high=6, result=2, return=0x72A60999, context=after pfnFreeFile [D:\Steam\steamapps\common\Half-Life\valve\sound\sentences.txt]]]
[2026-03-29 22:33:25.674] [info][general] hl.dll engine callback: pfnRandomLong [low=0, high=3, result=0, return=0x72A60999, context=after pfnRandomLong [low=0, high=6, result=2, return=0x72A60999, context=after pfnFreeFile [D:\Steam\steamapps\common\Half-Life\valve\sound\sentences.txt]]]
[2026-03-29 22:33:25.674] [info][general] Worldspawn trace: #330 map=c0a0 edict#0 classname=worldspawn pfnRandomLong [low=0, high=3, result=3, return=0x72A609A6, context=after pfnRandomLong [low=0, high=6, result=2, return=0x72A60999, context=after pfnFreeFile [D:\Steam\steamapps\common\Half-Life\valve\sound\sentences.txt]]]
[2026-03-29 22:33:25.675] [info][general] hl.dll engine callback: pfnRandomLong [low=0, high=3, result=3, return=0x72A609A6, context=after pfnRandomLong [low=0, high=6, result=2, return=0x72A60999, context=after pfnFreeFile [D:\Steam\steamapps\common\Half-Life\valve\sound\sentences.txt]]]
[2026-03-29 22:33:25.675] [info][general] Worldspawn trace: #331 map=c0a0 edict#0 classname=worldspawn pfnRandomLong [low=0, high=3, result=2, return=0x72A60999, context=after pfnRandomLong [low=0, high=6, result=2, return=0x72A60999, context=after pfnFreeFile [D:\Steam\steamapps\common\Half-Life\valve\sound\sentences.txt]]]
[2026-03-29 22:33:25.675] [info][general] hl.dll engine callback: pfnRandomLong [low=0, high=3, result=2, return=0x72A60999, context=after pfnRandomLong [low=0, high=6, result=2, return=0x72A60999, context=after pfnFreeFile [D:\Steam\steamapps\common\Half-Life\valve\sound\sentences.txt]]]
[2026-03-29 22:33:25.675] [info][general] Worldspawn trace: #332 map=c0a0 edict#0 classname=worldspawn pfnRandomLong [low=0, high=3, result=1, return=0x72A609A6, context=after pfnRandomLong [low=0, high=6, result=2, return=0x72A60999, context=after pfnFreeFile [D:\Steam\steamapps\common\Half-Life\valve\sound\sentences.txt]]]
[2026-03-29 22:33:25.675] [info][general] hl.dll engine callback: pfnRandomLong [low=0, high=3, result=1, return=0x72A609A6, context=after pfnRandomLong [low=0, high=6, result=2, return=0x72A60999, context=after pfnFreeFile [D:\Steam\steamapps\common\Half-Life\valve\sound\sentences.txt]]]
[2026-03-29 22:33:25.675] [info][general] Worldspawn trace: #333 map=c0a0 edict#0 classname=worldspawn pfnRandomLong [low=0, high=3, result=0, return=0x72A60999, context=after pfnRandomLong [low=0, high=6, result=2, return=0x72A60999, context=after pfnFreeFile [D:\Steam\steamapps\common\Half-Life\valve\sound\sentences.txt]]]
[2026-03-29 22:33:25.676] [info][general] hl.dll engine callback: pfnRandomLong [low=0, high=3, result=0, return=0x72A60999, context=after pfnRandomLong [low=0, high=6, result=2, return=0x72A60999, context=after pfnFreeFile [D:\Steam\steamapps\common\Half-Life\valve\sound\sentences.txt]]]
[2026-03-29 22:33:25.676] [info][general] Worldspawn trace: #334 map=c0a0 edict#0 classname=worldspawn pfnRandomLong [low=0, high=3, result=3, return=0x72A609A6, context=after pfnRandomLong [low=0, high=6, result=2, return=0x72A60999, context=after pfnFreeFile [D:\Steam\steamapps\common\Half-Life\valve\sound\sentences.txt]]]
[2026-03-29 22:33:25.676] [info][general] hl.dll engine callback: pfnRandomLong [low=0, high=3, result=3, return=0x72A609A6, context=after pfnRandomLong [low=0, high=6, result=2, return=0x72A60999, context=after pfnFreeFile [D:\Steam\steamapps\common\Half-Life\valve\sound\sentences.txt]]]
[2026-03-29 22:33:25.676] [info][general] Worldspawn trace: #335 map=c0a0 edict#0 classname=worldspawn pfnRandomLong [low=0, high=3, result=2, return=0x72A60999, context=after pfnRandomLong [low=0, high=6, result=2, return=0x72A60999, context=after pfnFreeFile [D:\Steam\steamapps\common\Half-Life\valve\sound\sentences.txt]]]
[2026-03-29 22:33:25.676] [info][general] hl.dll engine callback: pfnRandomLong [low=0, high=3, result=2, return=0x72A60999, context=after pfnRandomLong [low=0, high=6, result=2, return=0x72A60999, context=after pfnFreeFile [D:\Steam\steamapps\common\Half-Life\valve\sound\sentences.txt]]]
[2026-03-29 22:33:25.676] [info][general] Worldspawn trace: #336 map=c0a0 edict#0 classname=worldspawn pfnRandomLong [low=0, high=3, result=1, return=0x72A609A6, context=after pfnRandomLong [low=0, high=6, result=2, return=0x72A60999, context=after pfnFreeFile [D:\Steam\steamapps\common\Half-Life\valve\sound\sentences.txt]]]
[2026-03-29 22:33:25.677] [info][general] hl.dll engine callback: pfnRandomLong [low=0, high=3, result=1, return=0x72A609A6, context=after pfnRandomLong [low=0, high=6, result=2, return=0x72A60999, context=after pfnFreeFile [D:\Steam\steamapps\common\Half-Life\valve\sound\sentences.txt]]]
[2026-03-29 22:33:25.677] [info][general] Worldspawn trace: #337 map=c0a0 edict#0 classname=worldspawn pfnRandomLong [low=0, high=3, result=0, return=0x72A60999, context=after pfnRandomLong [low=0, high=6, result=2, return=0x72A60999, context=after pfnFreeFile [D:\Steam\steamapps\common\Half-Life\valve\sound\sentences.txt]]]
[2026-03-29 22:33:25.677] [info][general] hl.dll engine callback: pfnRandomLong [low=0, high=3, result=0, return=0x72A60999, context=after pfnRandomLong [low=0, high=6, result=2, return=0x72A60999, context=after pfnFreeFile [D:\Steam\steamapps\common\Half-Life\valve\sound\sentences.txt]]]
[2026-03-29 22:33:25.677] [info][general] Worldspawn trace: #338 map=c0a0 edict#0 classname=worldspawn pfnRandomLong [low=0, high=3, result=3, return=0x72A609A6, context=after pfnRandomLong [low=0, high=6, result=2, return=0x72A60999, context=after pfnFreeFile [D:\Steam\steamapps\common\Half-Life\valve\sound\sentences.txt]]]
[2026-03-29 22:33:25.678] [info][general] hl.dll engine callback: pfnRandomLong [low=0, high=3, result=3, return=0x72A609A6, context=after pfnRandomLong [low=0, high=6, result=2, return=0x72A60999, context=after pfnFreeFile [D:\Steam\steamapps\common\Half-Life\valve\sound\sentences.txt]]]
[2026-03-29 22:33:25.678] [info][general] Worldspawn trace: #339 map=c0a0 edict#0 classname=worldspawn pfnRandomLong [low=0, high=3, result=2, return=0x72A60999, context=after pfnRandomLong [low=0, high=6, result=2, return=0x72A60999, context=after pfnFreeFile [D:\Steam\steamapps\common\Half-Life\valve\sound\sentences.txt]]]
[2026-03-29 22:33:25.678] [info][general] hl.dll engine callback: pfnRandomLong [low=0, high=3, result=2, return=0x72A60999, context=after pfnRandomLong [low=0, high=6, result=2, return=0x72A60999, context=after pfnFreeFile [D:\Steam\steamapps\common\Half-Life\valve\sound\sentences.txt]]]
[2026-03-29 22:33:25.678] [info][general] Worldspawn trace: #340 map=c0a0 edict#0 classname=worldspawn pfnRandomLong [low=0, high=3, result=1, return=0x72A609A6, context=after pfnRandomLong [low=0, high=6, result=2, return=0x72A60999, context=after pfnFreeFile [D:\Steam\steamapps\common\Half-Life\valve\sound\sentences.txt]]]
[2026-03-29 22:33:25.678] [info][general] hl.dll engine callback: pfnRandomLong [low=0, high=3, result=1, return=0x72A609A6, context=after pfnRandomLong [low=0, high=6, result=2, return=0x72A60999, context=after pfnFreeFile [D:\Steam\steamapps\common\Half-Life\valve\sound\sentences.txt]]]
[2026-03-29 22:33:25.678] [info][general] Worldspawn trace: #341 map=c0a0 edict#0 classname=worldspawn pfnRandomLong [low=0, high=3, result=0, return=0x72A60999, context=after pfnRandomLong [low=0, high=6, result=2, return=0x72A60999, context=after pfnFreeFile [D:\Steam\steamapps\common\Half-Life\valve\sound\sentences.txt]]]
[2026-03-29 22:33:25.679] [info][general] hl.dll engine callback: pfnRandomLong [low=0, high=3, result=0, return=0x72A60999, context=after pfnRandomLong [low=0, high=6, result=2, return=0x72A60999, context=after pfnFreeFile [D:\Steam\steamapps\common\Half-Life\valve\sound\sentences.txt]]]
[2026-03-29 22:33:25.679] [info][general] Worldspawn trace: #342 map=c0a0 edict#0 classname=worldspawn pfnRandomLong [low=0, high=3, result=3, return=0x72A609A6, context=after pfnRandomLong [low=0, high=6, result=2, return=0x72A60999, context=after pfnFreeFile [D:\Steam\steamapps\common\Half-Life\valve\sound\sentences.txt]]]
[2026-03-29 22:33:25.679] [info][general] hl.dll engine callback: pfnRandomLong [low=0, high=3, result=3, return=0x72A609A6, context=after pfnRandomLong [low=0, high=6, result=2, return=0x72A60999, context=after pfnFreeFile [D:\Steam\steamapps\common\Half-Life\valve\sound\sentences.txt]]]
[2026-03-29 22:33:25.679] [info][general] Worldspawn trace: #343 map=c0a0 edict#0 classname=worldspawn pfnRandomLong [low=0, high=3, result=2, return=0x72A60999, context=after pfnRandomLong [low=0, high=6, result=2, return=0x72A60999, context=after pfnFreeFile [D:\Steam\steamapps\common\Half-Life\valve\sound\sentences.txt]]]
[2026-03-29 22:33:25.679] [info][general] hl.dll engine callback: pfnRandomLong [low=0, high=3, result=2, return=0x72A60999, context=after pfnRandomLong [low=0, high=6, result=2, return=0x72A60999, context=after pfnFreeFile [D:\Steam\steamapps\common\Half-Life\valve\sound\sentences.txt]]]
[2026-03-29 22:33:25.679] [info][general] Worldspawn trace: #344 map=c0a0 edict#0 classname=worldspawn pfnRandomLong [low=0, high=3, result=1, return=0x72A609A6, context=after pfnRandomLong [low=0, high=6, result=2, return=0x72A60999, context=after pfnFreeFile [D:\Steam\steamapps\common\Half-Life\valve\sound\sentences.txt]]]
[2026-03-29 22:33:25.680] [info][general] hl.dll engine callback: pfnRandomLong [low=0, high=3, result=1, return=0x72A609A6, context=after pfnRandomLong [low=0, high=6, result=2, return=0x72A60999, context=after pfnFreeFile [D:\Steam\steamapps\common\Half-Life\valve\sound\sentences.txt]]]
[2026-03-29 22:33:25.680] [info][general] Worldspawn trace: #345 map=c0a0 edict#0 classname=worldspawn pfnRandomLong [low=0, high=5, result=4, return=0x72A60999, context=after pfnRandomLong [low=0, high=6, result=2, return=0x72A60999, context=after pfnFreeFile [D:\Steam\steamapps\common\Half-Life\valve\sound\sentences.txt]]]
[2026-03-29 22:33:25.680] [info][general] hl.dll engine callback: pfnRandomLong [low=0, high=5, result=4, return=0x72A60999, context=after pfnRandomLong [low=0, high=6, result=2, return=0x72A60999, context=after pfnFreeFile [D:\Steam\steamapps\common\Half-Life\valve\sound\sentences.txt]]]
[2026-03-29 22:33:25.680] [info][general] Worldspawn trace: #346 map=c0a0 edict#0 classname=worldspawn pfnRandomLong [low=0, high=5, result=3, return=0x72A609A6, context=after pfnRandomLong [low=0, high=6, result=2, return=0x72A60999, context=after pfnFreeFile [D:\Steam\steamapps\common\Half-Life\valve\sound\sentences.txt]]]
[2026-03-29 22:33:25.681] [info][general] hl.dll engine callback: pfnRandomLong [low=0, high=5, result=3, return=0x72A609A6, context=after pfnRandomLong [low=0, high=6, result=2, return=0x72A60999, context=after pfnFreeFile [D:\Steam\steamapps\common\Half-Life\valve\sound\sentences.txt]]]
[2026-03-29 22:33:25.681] [info][general] Worldspawn trace: #347 map=c0a0 edict#0 classname=worldspawn pfnRandomLong [low=0, high=5, result=0, return=0x72A60999, context=after pfnRandomLong [low=0, high=6, result=2, return=0x72A60999, context=after pfnFreeFile [D:\Steam\steamapps\common\Half-Life\valve\sound\sentences.txt]]]
[2026-03-29 22:33:25.681] [info][general] hl.dll engine callback: pfnRandomLong [low=0, high=5, result=0, return=0x72A60999, context=after pfnRandomLong [low=0, high=6, result=2, return=0x72A60999, context=after pfnFreeFile [D:\Steam\steamapps\common\Half-Life\valve\sound\sentences.txt]]]
[2026-03-29 22:33:25.681] [info][general] Worldspawn trace: #348 map=c0a0 edict#0 classname=worldspawn pfnRandomLong [low=0, high=5, result=3, return=0x72A609A6, context=after pfnRandomLong [low=0, high=6, result=2, return=0x72A60999, context=after pfnFreeFile [D:\Steam\steamapps\common\Half-Life\valve\sound\sentences.txt]]]
[2026-03-29 22:33:25.681] [info][general] hl.dll engine callback: pfnRandomLong [low=0, high=5, result=3, return=0x72A609A6, context=after pfnRandomLong [low=0, high=6, result=2, return=0x72A60999, context=after pfnFreeFile [D:\Steam\steamapps\common\Half-Life\valve\sound\sentences.txt]]]
[2026-03-29 22:33:25.681] [info][general] Worldspawn trace: #349 map=c0a0 edict#0 classname=worldspawn pfnRandomLong [low=0, high=5, result=2, return=0x72A60999, context=after pfnRandomLong [low=0, high=6, result=2, return=0x72A60999, context=after pfnFreeFile [D:\Steam\steamapps\common\Half-Life\valve\sound\sentences.txt]]]
[2026-03-29 22:33:25.682] [info][general] hl.dll engine callback: pfnRandomLong [low=0, high=5, result=2, return=0x72A60999, context=after pfnRandomLong [low=0, high=6, result=2, return=0x72A60999, context=after pfnFreeFile [D:\Steam\steamapps\common\Half-Life\valve\sound\sentences.txt]]]
[2026-03-29 22:33:25.682] [info][general] Worldspawn trace: #350 map=c0a0 edict#0 classname=worldspawn pfnRandomLong [low=0, high=5, result=1, return=0x72A609A6, context=after pfnRandomLong [low=0, high=6, result=2, return=0x72A60999, context=after pfnFreeFile [D:\Steam\steamapps\common\Half-Life\valve\sound\sentences.txt]]]
[2026-03-29 22:33:25.682] [info][general] hl.dll engine callback: pfnRandomLong [low=0, high=5, result=1, return=0x72A609A6, context=after pfnRandomLong [low=0, high=6, result=2, return=0x72A60999, context=after pfnFreeFile [D:\Steam\steamapps\common\Half-Life\valve\sound\sentences.txt]]]
[2026-03-29 22:33:25.682] [info][general] Worldspawn trace: #351 map=c0a0 edict#0 classname=worldspawn pfnRandomLong [low=0, high=5, result=0, return=0x72A60999, context=after pfnRandomLong [low=0, high=6, result=2, return=0x72A60999, context=after pfnFreeFile [D:\Steam\steamapps\common\Half-Life\valve\sound\sentences.txt]]]
[2026-03-29 22:33:25.682] [info][general] hl.dll engine callback: pfnRandomLong [low=0, high=5, result=0, return=0x72A60999, context=after pfnRandomLong [low=0, high=6, result=2, return=0x72A60999, context=after pfnFreeFile [D:\Steam\steamapps\common\Half-Life\valve\sound\sentences.txt]]]
[2026-03-29 22:33:25.682] [info][general] Worldspawn trace: #352 map=c0a0 edict#0 classname=worldspawn pfnRandomLong [low=0, high=5, result=5, return=0x72A609A6, context=after pfnRandomLong [low=0, high=6, result=2, return=0x72A60999, context=after pfnFreeFile [D:\Steam\steamapps\common\Half-Life\valve\sound\sentences.txt]]]
[2026-03-29 22:33:25.683] [info][general] hl.dll engine callback: pfnRandomLong [low=0, high=5, result=5, return=0x72A609A6, context=after pfnRandomLong [low=0, high=6, result=2, return=0x72A60999, context=after pfnFreeFile [D:\Steam\steamapps\common\Half-Life\valve\sound\sentences.txt]]]
[2026-03-29 22:33:25.683] [info][general] Worldspawn trace: #353 map=c0a0 edict#0 classname=worldspawn pfnRandomLong [low=0, high=5, result=2, return=0x72A60999, context=after pfnRandomLong [low=0, high=6, result=2, return=0x72A60999, context=after pfnFreeFile [D:\Steam\steamapps\common\Half-Life\valve\sound\sentences.txt]]]
[2026-03-29 22:33:25.683] [info][general] hl.dll engine callback: pfnRandomLong [low=0, high=5, result=2, return=0x72A60999, context=after pfnRandomLong [low=0, high=6, result=2, return=0x72A60999, context=after pfnFreeFile [D:\Steam\steamapps\common\Half-Life\valve\sound\sentences.txt]]]
[2026-03-29 22:33:25.683] [info][general] Worldspawn trace: #354 map=c0a0 edict#0 classname=worldspawn pfnRandomLong [low=0, high=5, result=3, return=0x72A609A6, context=after pfnRandomLong [low=0, high=6, result=2, return=0x72A60999, context=after pfnFreeFile [D:\Steam\steamapps\common\Half-Life\valve\sound\sentences.txt]]]
[2026-03-29 22:33:25.683] [info][general] hl.dll engine callback: pfnRandomLong [low=0, high=5, result=3, return=0x72A609A6, context=after pfnRandomLong [low=0, high=6, result=2, return=0x72A60999, context=after pfnFreeFile [D:\Steam\steamapps\common\Half-Life\valve\sound\sentences.txt]]]
[2026-03-29 22:33:25.683] [info][general] Worldspawn trace: #355 map=c0a0 edict#0 classname=worldspawn pfnRandomLong [low=0, high=5, result=0, return=0x72A60999, context=after pfnRandomLong [low=0, high=6, result=2, return=0x72A60999, context=after pfnFreeFile [D:\Steam\steamapps\common\Half-Life\valve\sound\sentences.txt]]]
[2026-03-29 22:33:25.684] [info][general] hl.dll engine callback: pfnRandomLong [low=0, high=5, result=0, return=0x72A60999, context=after pfnRandomLong [low=0, high=6, result=2, return=0x72A60999, context=after pfnFreeFile [D:\Steam\steamapps\common\Half-Life\valve\sound\sentences.txt]]]
[2026-03-29 22:33:25.684] [info][general] Worldspawn trace: #356 map=c0a0 edict#0 classname=worldspawn pfnRandomLong [low=0, high=5, result=5, return=0x72A609A6, context=after pfnRandomLong [low=0, high=6, result=2, return=0x72A60999, context=after pfnFreeFile [D:\Steam\steamapps\common\Half-Life\valve\sound\sentences.txt]]]
[2026-03-29 22:33:25.684] [info][general] hl.dll engine callback: pfnRandomLong [low=0, high=5, result=5, return=0x72A609A6, context=after pfnRandomLong [low=0, high=6, result=2, return=0x72A60999, context=after pfnFreeFile [D:\Steam\steamapps\common\Half-Life\valve\sound\sentences.txt]]]
[2026-03-29 22:33:25.684] [info][general] Worldspawn trace: #357 map=c0a0 edict#0 classname=worldspawn pfnRandomLong [low=0, high=5, result=4, return=0x72A60999, context=after pfnRandomLong [low=0, high=6, result=2, return=0x72A60999, context=after pfnFreeFile [D:\Steam\steamapps\common\Half-Life\valve\sound\sentences.txt]]]
[2026-03-29 22:33:25.684] [info][general] hl.dll engine callback: pfnRandomLong [low=0, high=5, result=4, return=0x72A60999, context=after pfnRandomLong [low=0, high=6, result=2, return=0x72A60999, context=after pfnFreeFile [D:\Steam\steamapps\common\Half-Life\valve\sound\sentences.txt]]]
[2026-03-29 22:33:25.685] [info][general] Worldspawn trace: #358 map=c0a0 edict#0 classname=worldspawn pfnRandomLong [low=0, high=5, result=1, return=0x72A609A6, context=after pfnRandomLong [low=0, high=6, result=2, return=0x72A60999, context=after pfnFreeFile [D:\Steam\steamapps\common\Half-Life\valve\sound\sentences.txt]]]
[2026-03-29 22:33:25.685] [info][general] hl.dll engine callback: pfnRandomLong [low=0, high=5, result=1, return=0x72A609A6, context=after pfnRandomLong [low=0, high=6, result=2, return=0x72A60999, context=after pfnFreeFile [D:\Steam\steamapps\common\Half-Life\valve\sound\sentences.txt]]]
[2026-03-29 22:33:25.685] [info][general] Worldspawn trace: #359 map=c0a0 edict#0 classname=worldspawn pfnRandomLong [low=0, high=5, result=4, return=0x72A60999, context=after pfnRandomLong [low=0, high=6, result=2, return=0x72A60999, context=after pfnFreeFile [D:\Steam\steamapps\common\Half-Life\valve\sound\sentences.txt]]]
[2026-03-29 22:33:25.685] [info][general] hl.dll engine callback: pfnRandomLong [low=0, high=5, result=4, return=0x72A60999, context=after pfnRandomLong [low=0, high=6, result=2, return=0x72A60999, context=after pfnFreeFile [D:\Steam\steamapps\common\Half-Life\valve\sound\sentences.txt]]]
[2026-03-29 22:33:25.685] [info][general] Worldspawn trace: #360 map=c0a0 edict#0 classname=worldspawn pfnRandomLong [low=0, high=5, result=5, return=0x72A609A6, context=after pfnRandomLong [low=0, high=6, result=2, return=0x72A60999, context=after pfnFreeFile [D:\Steam\steamapps\common\Half-Life\valve\sound\sentences.txt]]]
[2026-03-29 22:33:25.686] [info][general] hl.dll engine callback: pfnRandomLong [low=0, high=5, result=5, return=0x72A609A6, context=after pfnRandomLong [low=0, high=6, result=2, return=0x72A60999, context=after pfnFreeFile [D:\Steam\steamapps\common\Half-Life\valve\sound\sentences.txt]]]
[2026-03-29 22:33:25.686] [info][general] Worldspawn trace: #361 map=c0a0 edict#0 classname=worldspawn pfnRandomLong [low=0, high=5, result=0, return=0x72A60999, context=after pfnRandomLong [low=0, high=6, result=2, return=0x72A60999, context=after pfnFreeFile [D:\Steam\steamapps\common\Half-Life\valve\sound\sentences.txt]]]
[2026-03-29 22:33:25.686] [info][general] hl.dll engine callback: pfnRandomLong [low=0, high=5, result=0, return=0x72A60999, context=after pfnRandomLong [low=0, high=6, result=2, return=0x72A60999, context=after pfnFreeFile [D:\Steam\steamapps\common\Half-Life\valve\sound\sentences.txt]]]
[2026-03-29 22:33:25.686] [info][general] Worldspawn trace: #362 map=c0a0 edict#0 classname=worldspawn pfnRandomLong [low=0, high=5, result=5, return=0x72A609A6, context=after pfnRandomLong [low=0, high=6, result=2, return=0x72A60999, context=after pfnFreeFile [D:\Steam\steamapps\common\Half-Life\valve\sound\sentences.txt]]]
[2026-03-29 22:33:25.686] [info][general] hl.dll engine callback: pfnRandomLong [low=0, high=5, result=5, return=0x72A609A6, context=after pfnRandomLong [low=0, high=6, result=2, return=0x72A60999, context=after pfnFreeFile [D:\Steam\steamapps\common\Half-Life\valve\sound\sentences.txt]]]
[2026-03-29 22:33:25.687] [info][general] Worldspawn trace: #363 map=c0a0 edict#0 classname=worldspawn pfnRandomLong [low=0, high=5, result=4, return=0x72A60999, context=after pfnRandomLong [low=0, high=6, result=2, return=0x72A60999, context=after pfnFreeFile [D:\Steam\steamapps\common\Half-Life\valve\sound\sentences.txt]]]
[2026-03-29 22:33:25.687] [info][general] hl.dll engine callback: pfnRandomLong [low=0, high=5, result=4, return=0x72A60999, context=after pfnRandomLong [low=0, high=6, result=2, return=0x72A60999, context=after pfnFreeFile [D:\Steam\steamapps\common\Half-Life\valve\sound\sentences.txt]]]
[2026-03-29 22:33:25.687] [info][general] Worldspawn trace: #364 map=c0a0 edict#0 classname=worldspawn pfnRandomLong [low=0, high=5, result=3, return=0x72A609A6, context=after pfnRandomLong [low=0, high=6, result=2, return=0x72A60999, context=after pfnFreeFile [D:\Steam\steamapps\common\Half-Life\valve\sound\sentences.txt]]]
[2026-03-29 22:33:25.687] [info][general] hl.dll engine callback: pfnRandomLong [low=0, high=5, result=3, return=0x72A609A6, context=after pfnRandomLong [low=0, high=6, result=2, return=0x72A60999, context=after pfnFreeFile [D:\Steam\steamapps\common\Half-Life\valve\sound\sentences.txt]]]
[2026-03-29 22:33:25.687] [info][general] Worldspawn trace: #365 map=c0a0 edict#0 classname=worldspawn pfnRandomLong [low=0, high=5, result=4, return=0x72A60999, context=after pfnRandomLong [low=0, high=6, result=2, return=0x72A60999, context=after pfnFreeFile [D:\Steam\steamapps\common\Half-Life\valve\sound\sentences.txt]]]
[2026-03-29 22:33:25.687] [info][general] hl.dll engine callback: pfnRandomLong [low=0, high=5, result=4, return=0x72A60999, context=after pfnRandomLong [low=0, high=6, result=2, return=0x72A60999, context=after pfnFreeFile [D:\Steam\steamapps\common\Half-Life\valve\sound\sentences.txt]]]
[2026-03-29 22:33:25.688] [info][general] Worldspawn trace: #366 map=c0a0 edict#0 classname=worldspawn pfnRandomLong [low=0, high=5, result=5, return=0x72A609A6, context=after pfnRandomLong [low=0, high=6, result=2, return=0x72A60999, context=after pfnFreeFile [D:\Steam\steamapps\common\Half-Life\valve\sound\sentences.txt]]]
[2026-03-29 22:33:25.688] [info][general] hl.dll engine callback: pfnRandomLong [low=0, high=5, result=5, return=0x72A609A6, context=after pfnRandomLong [low=0, high=6, result=2, return=0x72A60999, context=after pfnFreeFile [D:\Steam\steamapps\common\Half-Life\valve\sound\sentences.txt]]]
[2026-03-29 22:33:25.688] [info][general] Worldspawn trace: #367 map=c0a0 edict#0 classname=worldspawn pfnRandomLong [low=0, high=5, result=2, return=0x72A60999, context=after pfnRandomLong [low=0, high=6, result=2, return=0x72A60999, context=after pfnFreeFile [D:\Steam\steamapps\common\Half-Life\valve\sound\sentences.txt]]]
[2026-03-29 22:33:25.688] [info][general] hl.dll engine callback: pfnRandomLong [low=0, high=5, result=2, return=0x72A60999, context=after pfnRandomLong [low=0, high=6, result=2, return=0x72A60999, context=after pfnFreeFile [D:\Steam\steamapps\common\Half-Life\valve\sound\sentences.txt]]]
[2026-03-29 22:33:25.689] [info][general] Worldspawn trace: #368 map=c0a0 edict#0 classname=worldspawn pfnRandomLong [low=0, high=5, result=1, return=0x72A609A6, context=after pfnRandomLong [low=0, high=6, result=2, return=0x72A60999, context=after pfnFreeFile [D:\Steam\steamapps\common\Half-Life\valve\sound\sentences.txt]]]
[2026-03-29 22:33:25.689] [info][general] hl.dll engine callback: pfnRandomLong [low=0, high=5, result=1, return=0x72A609A6, context=after pfnRandomLong [low=0, high=6, result=2, return=0x72A60999, context=after pfnFreeFile [D:\Steam\steamapps\common\Half-Life\valve\sound\sentences.txt]]]
[2026-03-29 22:33:25.689] [info][general] Worldspawn trace: #369 map=c0a0 edict#0 classname=worldspawn pfnRandomLong [low=0, high=5, result=4, return=0x72A60999, context=after pfnRandomLong [low=0, high=6, result=2, return=0x72A60999, context=after pfnFreeFile [D:\Steam\steamapps\common\Half-Life\valve\sound\sentences.txt]]]
[2026-03-29 22:33:25.689] [info][general] hl.dll engine callback: pfnRandomLong [low=0, high=5, result=4, return=0x72A60999, context=after pfnRandomLong [low=0, high=6, result=2, return=0x72A60999, context=after pfnFreeFile [D:\Steam\steamapps\common\Half-Life\valve\sound\sentences.txt]]]
[2026-03-29 22:33:25.690] [info][general] Worldspawn trace: #370 map=c0a0 edict#0 classname=worldspawn pfnRandomLong [low=0, high=5, result=1, return=0x72A609A6, context=after pfnRandomLong [low=0, high=6, result=2, return=0x72A60999, context=after pfnFreeFile [D:\Steam\steamapps\common\Half-Life\valve\sound\sentences.txt]]]
[2026-03-29 22:33:25.690] [info][general] hl.dll engine callback: pfnRandomLong [low=0, high=5, result=1, return=0x72A609A6, context=after pfnRandomLong [low=0, high=6, result=2, return=0x72A60999, context=after pfnFreeFile [D:\Steam\steamapps\common\Half-Life\valve\sound\sentences.txt]]]
[2026-03-29 22:33:25.690] [info][general] Worldspawn trace: #371 map=c0a0 edict#0 classname=worldspawn pfnRandomLong [low=0, high=5, result=4, return=0x72A60999, context=after pfnRandomLong [low=0, high=6, result=2, return=0x72A60999, context=after pfnFreeFile [D:\Steam\steamapps\common\Half-Life\valve\sound\sentences.txt]]]
[2026-03-29 22:33:25.690] [info][general] hl.dll engine callback: pfnRandomLong [low=0, high=5, result=4, return=0x72A60999, context=after pfnRandomLong [low=0, high=6, result=2, return=0x72A60999, context=after pfnFreeFile [D:\Steam\steamapps\common\Half-Life\valve\sound\sentences.txt]]]
[2026-03-29 22:33:25.690] [info][general] Worldspawn trace: #372 map=c0a0 edict#0 classname=worldspawn pfnRandomLong [low=0, high=5, result=3, return=0x72A609A6, context=after pfnRandomLong [low=0, high=6, result=2, return=0x72A60999, context=after pfnFreeFile [D:\Steam\steamapps\common\Half-Life\valve\sound\sentences.txt]]]
[2026-03-29 22:33:25.690] [info][general] hl.dll engine callback: pfnRandomLong [low=0, high=5, result=3, return=0x72A609A6, context=after pfnRandomLong [low=0, high=6, result=2, return=0x72A60999, context=after pfnFreeFile [D:\Steam\steamapps\common\Half-Life\valve\sound\sentences.txt]]]
[2026-03-29 22:33:25.691] [info][general] Worldspawn trace: #373 map=c0a0 edict#0 classname=worldspawn pfnRandomLong [low=0, high=5, result=2, return=0x72A60999, context=after pfnRandomLong [low=0, high=6, result=2, return=0x72A60999, context=after pfnFreeFile [D:\Steam\steamapps\common\Half-Life\valve\sound\sentences.txt]]]
[2026-03-29 22:33:25.691] [info][general] hl.dll engine callback: pfnRandomLong [low=0, high=5, result=2, return=0x72A60999, context=after pfnRandomLong [low=0, high=6, result=2, return=0x72A60999, context=after pfnFreeFile [D:\Steam\steamapps\common\Half-Life\valve\sound\sentences.txt]]]
[2026-03-29 22:33:25.691] [info][general] Worldspawn trace: #374 map=c0a0 edict#0 classname=worldspawn pfnRandomLong [low=0, high=5, result=5, return=0x72A609A6, context=after pfnRandomLong [low=0, high=6, result=2, return=0x72A60999, context=after pfnFreeFile [D:\Steam\steamapps\common\Half-Life\valve\sound\sentences.txt]]]
[2026-03-29 22:33:25.692] [info][general] hl.dll engine callback: pfnRandomLong [low=0, high=5, result=5, return=0x72A609A6, context=after pfnRandomLong [low=0, high=6, result=2, return=0x72A60999, context=after pfnFreeFile [D:\Steam\steamapps\common\Half-Life\valve\sound\sentences.txt]]]
[2026-03-29 22:33:25.692] [info][general] Worldspawn trace: #375 map=c0a0 edict#0 classname=worldspawn pfnRandomLong [low=0, high=5, result=2, return=0x72A60999, context=after pfnRandomLong [low=0, high=6, result=2, return=0x72A60999, context=after pfnFreeFile [D:\Steam\steamapps\common\Half-Life\valve\sound\sentences.txt]]]
[2026-03-29 22:33:25.692] [info][general] hl.dll engine callback: pfnRandomLong [low=0, high=5, result=2, return=0x72A60999, context=after pfnRandomLong [low=0, high=6, result=2, return=0x72A60999, context=after pfnFreeFile [D:\Steam\steamapps\common\Half-Life\valve\sound\sentences.txt]]]
[2026-03-29 22:33:25.692] [info][general] Worldspawn trace: #376 map=c0a0 edict#0 classname=worldspawn pfnRandomLong [low=0, high=5, result=5, return=0x72A609A6, context=after pfnRandomLong [low=0, high=6, result=2, return=0x72A60999, context=after pfnFreeFile [D:\Steam\steamapps\common\Half-Life\valve\sound\sentences.txt]]]
[2026-03-29 22:33:25.692] [info][general] hl.dll engine callback: pfnRandomLong [low=0, high=5, result=5, return=0x72A609A6, context=after pfnRandomLong [low=0, high=6, result=2, return=0x72A60999, context=after pfnFreeFile [D:\Steam\steamapps\common\Half-Life\valve\sound\sentences.txt]]]
[2026-03-29 22:33:25.693] [info][general] Worldspawn trace: #377 map=c0a0 edict#0 classname=worldspawn pfnRandomLong [low=0, high=5, result=2, return=0x72A60999, context=after pfnRandomLong [low=0, high=6, result=2, return=0x72A60999, context=after pfnFreeFile [D:\Steam\steamapps\common\Half-Life\valve\sound\sentences.txt]]]
[2026-03-29 22:33:25.693] [info][general] hl.dll engine callback: pfnRandomLong [low=0, high=5, result=2, return=0x72A60999, context=after pfnRandomLong [low=0, high=6, result=2, return=0x72A60999, context=after pfnFreeFile [D:\Steam\steamapps\common\Half-Life\valve\sound\sentences.txt]]]
[2026-03-29 22:33:25.693] [info][general] Worldspawn trace: #378 map=c0a0 edict#0 classname=worldspawn pfnRandomLong [low=0, high=5, result=1, return=0x72A609A6, context=after pfnRandomLong [low=0, high=6, result=2, return=0x72A60999, context=after pfnFreeFile [D:\Steam\steamapps\common\Half-Life\valve\sound\sentences.txt]]]
[2026-03-29 22:33:25.693] [info][general] hl.dll engine callback: pfnRandomLong [low=0, high=5, result=1, return=0x72A609A6, context=after pfnRandomLong [low=0, high=6, result=2, return=0x72A60999, context=after pfnFreeFile [D:\Steam\steamapps\common\Half-Life\valve\sound\sentences.txt]]]
[2026-03-29 22:33:25.694] [info][general] Worldspawn trace: #379 map=c0a0 edict#0 classname=worldspawn pfnRandomLong [low=0, high=5, result=2, return=0x72A60999, context=after pfnRandomLong [low=0, high=6, result=2, return=0x72A60999, context=after pfnFreeFile [D:\Steam\steamapps\common\Half-Life\valve\sound\sentences.txt]]]
[2026-03-29 22:33:25.694] [info][general] hl.dll engine callback: pfnRandomLong [low=0, high=5, result=2, return=0x72A60999, context=after pfnRandomLong [low=0, high=6, result=2, return=0x72A60999, context=after pfnFreeFile [D:\Steam\steamapps\common\Half-Life\valve\sound\sentences.txt]]]
[2026-03-29 22:33:25.694] [info][general] Worldspawn trace: #380 map=c0a0 edict#0 classname=worldspawn pfnRandomLong [low=0, high=5, result=1, return=0x72A609A6, context=after pfnRandomLong [low=0, high=6, result=2, return=0x72A60999, context=after pfnFreeFile [D:\Steam\steamapps\common\Half-Life\valve\sound\sentences.txt]]]
[2026-03-29 22:33:25.695] [info][general] hl.dll engine callback: pfnRandomLong [low=0, high=5, result=1, return=0x72A609A6, context=after pfnRandomLong [low=0, high=6, result=2, return=0x72A60999, context=after pfnFreeFile [D:\Steam\steamapps\common\Half-Life\valve\sound\sentences.txt]]]
[2026-03-29 22:33:25.695] [info][general] Worldspawn trace: #381 map=c0a0 edict#0 classname=worldspawn pfnRandomLong [low=0, high=5, result=4, return=0x72A60999, context=after pfnRandomLong [low=0, high=6, result=2, return=0x72A60999, context=after pfnFreeFile [D:\Steam\steamapps\common\Half-Life\valve\sound\sentences.txt]]]
[2026-03-29 22:33:25.695] [info][general] hl.dll engine callback: pfnRandomLong [low=0, high=5, result=4, return=0x72A60999, context=after pfnRandomLong [low=0, high=6, result=2, return=0x72A60999, context=after pfnFreeFile [D:\Steam\steamapps\common\Half-Life\valve\sound\sentences.txt]]]
[2026-03-29 22:33:25.696] [info][general] Worldspawn trace: #382 map=c0a0 edict#0 classname=worldspawn pfnRandomLong [low=0, high=5, result=5, return=0x72A609A6, context=after pfnRandomLong [low=0, high=6, result=2, return=0x72A60999, context=after pfnFreeFile [D:\Steam\steamapps\common\Half-Life\valve\sound\sentences.txt]]]
[2026-03-29 22:33:25.696] [info][general] hl.dll engine callback: pfnRandomLong [low=0, high=5, result=5, return=0x72A609A6, context=after pfnRandomLong [low=0, high=6, result=2, return=0x72A60999, context=after pfnFreeFile [D:\Steam\steamapps\common\Half-Life\valve\sound\sentences.txt]]]
[2026-03-29 22:33:25.696] [info][general] Worldspawn trace: #383 map=c0a0 edict#0 classname=worldspawn pfnRandomLong [low=0, high=5, result=0, return=0x72A60999, context=after pfnRandomLong [low=0, high=6, result=2, return=0x72A60999, context=after pfnFreeFile [D:\Steam\steamapps\common\Half-Life\valve\sound\sentences.txt]]]
[2026-03-29 22:33:25.696] [info][general] hl.dll engine callback: pfnRandomLong [low=0, high=5, result=0, return=0x72A60999, context=after pfnRandomLong [low=0, high=6, result=2, return=0x72A60999, context=after pfnFreeFile [D:\Steam\steamapps\common\Half-Life\valve\sound\sentences.txt]]]
[2026-03-29 22:33:25.696] [info][general] Worldspawn trace: #384 map=c0a0 edict#0 classname=worldspawn pfnRandomLong [low=0, high=5, result=1, return=0x72A609A6, context=after pfnRandomLong [low=0, high=6, result=2, return=0x72A60999, context=after pfnFreeFile [D:\Steam\steamapps\common\Half-Life\valve\sound\sentences.txt]]]
[2026-03-29 22:33:25.697] [info][general] hl.dll engine callback: pfnRandomLong [low=0, high=5, result=1, return=0x72A609A6, context=after pfnRandomLong [low=0, high=6, result=2, return=0x72A60999, context=after pfnFreeFile [D:\Steam\steamapps\common\Half-Life\valve\sound\sentences.txt]]]
[2026-03-29 22:33:25.697] [info][general] Worldspawn trace: #385 map=c0a0 edict#0 classname=worldspawn pfnRandomLong [low=0, high=5, result=4, return=0x72A60999, context=after pfnRandomLong [low=0, high=6, result=2, return=0x72A60999, context=after pfnFreeFile [D:\Steam\steamapps\common\Half-Life\valve\sound\sentences.txt]]]
[2026-03-29 22:33:25.697] [info][general] hl.dll engine callback: pfnRandomLong [low=0, high=5, result=4, return=0x72A60999, context=after pfnRandomLong [low=0, high=6, result=2, return=0x72A60999, context=after pfnFreeFile [D:\Steam\steamapps\common\Half-Life\valve\sound\sentences.txt]]]
[2026-03-29 22:33:25.697] [info][general] Worldspawn trace: #386 map=c0a0 edict#0 classname=worldspawn pfnRandomLong [low=0, high=5, result=3, return=0x72A609A6, context=after pfnRandomLong [low=0, high=6, result=2, return=0x72A60999, context=after pfnFreeFile [D:\Steam\steamapps\common\Half-Life\valve\sound\sentences.txt]]]
[2026-03-29 22:33:25.697] [info][general] hl.dll engine callback: pfnRandomLong [low=0, high=5, result=3, return=0x72A609A6, context=after pfnRandomLong [low=0, high=6, result=2, return=0x72A60999, context=after pfnFreeFile [D:\Steam\steamapps\common\Half-Life\valve\sound\sentences.txt]]]
[2026-03-29 22:33:25.697] [info][general] Worldspawn trace: #387 map=c0a0 edict#0 classname=worldspawn pfnRandomLong [low=0, high=5, result=2, return=0x72A60999, context=after pfnRandomLong [low=0, high=6, result=2, return=0x72A60999, context=after pfnFreeFile [D:\Steam\steamapps\common\Half-Life\valve\sound\sentences.txt]]]
[2026-03-29 22:33:25.698] [info][general] hl.dll engine callback: pfnRandomLong [low=0, high=5, result=2, return=0x72A60999, context=after pfnRandomLong [low=0, high=6, result=2, return=0x72A60999, context=after pfnFreeFile [D:\Steam\steamapps\common\Half-Life\valve\sound\sentences.txt]]]
[2026-03-29 22:33:25.698] [info][general] Worldspawn trace: #388 map=c0a0 edict#0 classname=worldspawn pfnRandomLong [low=0, high=5, result=3, return=0x72A609A6, context=after pfnRandomLong [low=0, high=6, result=2, return=0x72A60999, context=after pfnFreeFile [D:\Steam\steamapps\common\Half-Life\valve\sound\sentences.txt]]]
[2026-03-29 22:33:25.699] [info][general] hl.dll engine callback: pfnRandomLong [low=0, high=5, result=3, return=0x72A609A6, context=after pfnRandomLong [low=0, high=6, result=2, return=0x72A60999, context=after pfnFreeFile [D:\Steam\steamapps\common\Half-Life\valve\sound\sentences.txt]]]
[2026-03-29 22:33:25.699] [info][general] Worldspawn trace: #389 map=c0a0 edict#0 classname=worldspawn pfnRandomLong [low=0, high=5, result=4, return=0x72A60999, context=after pfnRandomLong [low=0, high=6, result=2, return=0x72A60999, context=after pfnFreeFile [D:\Steam\steamapps\common\Half-Life\valve\sound\sentences.txt]]]
[2026-03-29 22:33:25.699] [info][general] hl.dll engine callback: pfnRandomLong [low=0, high=5, result=4, return=0x72A60999, context=after pfnRandomLong [low=0, high=6, result=2, return=0x72A60999, context=after pfnFreeFile [D:\Steam\steamapps\common\Half-Life\valve\sound\sentences.txt]]]
[2026-03-29 22:33:25.699] [info][general] Worldspawn trace: #390 map=c0a0 edict#0 classname=worldspawn pfnRandomLong [low=0, high=5, result=3, return=0x72A609A6, context=after pfnRandomLong [low=0, high=6, result=2, return=0x72A60999, context=after pfnFreeFile [D:\Steam\steamapps\common\Half-Life\valve\sound\sentences.txt]]]
[2026-03-29 22:33:25.700] [info][general] hl.dll engine callback: pfnRandomLong [low=0, high=5, result=3, return=0x72A609A6, context=after pfnRandomLong [low=0, high=6, result=2, return=0x72A60999, context=after pfnFreeFile [D:\Steam\steamapps\common\Half-Life\valve\sound\sentences.txt]]]
[2026-03-29 22:33:25.700] [info][general] Worldspawn trace: #391 map=c0a0 edict#0 classname=worldspawn pfnRandomLong [low=0, high=5, result=0, return=0x72A60999, context=after pfnRandomLong [low=0, high=6, result=2, return=0x72A60999, context=after pfnFreeFile [D:\Steam\steamapps\common\Half-Life\valve\sound\sentences.txt]]]
[2026-03-29 22:33:25.700] [info][general] hl.dll engine callback: pfnRandomLong [low=0, high=5, result=0, return=0x72A60999, context=after pfnRandomLong [low=0, high=6, result=2, return=0x72A60999, context=after pfnFreeFile [D:\Steam\steamapps\common\Half-Life\valve\sound\sentences.txt]]]
[2026-03-29 22:33:25.700] [info][general] Worldspawn trace: #392 map=c0a0 edict#0 classname=worldspawn pfnRandomLong [low=0, high=5, result=5, return=0x72A609A6, context=after pfnRandomLong [low=0, high=6, result=2, return=0x72A60999, context=after pfnFreeFile [D:\Steam\steamapps\common\Half-Life\valve\sound\sentences.txt]]]
[2026-03-29 22:33:25.700] [info][general] hl.dll engine callback: pfnRandomLong [low=0, high=5, result=5, return=0x72A609A6, context=after pfnRandomLong [low=0, high=6, result=2, return=0x72A60999, context=after pfnFreeFile [D:\Steam\steamapps\common\Half-Life\valve\sound\sentences.txt]]]
[2026-03-29 22:33:25.700] [info][general] Worldspawn trace: #393 map=c0a0 edict#0 classname=worldspawn pfnRandomLong [low=0, high=3, result=0, return=0x72A60999, context=after pfnRandomLong [low=0, high=6, result=2, return=0x72A60999, context=after pfnFreeFile [D:\Steam\steamapps\common\Half-Life\valve\sound\sentences.txt]]]
[2026-03-29 22:33:25.701] [info][general] hl.dll engine callback: pfnRandomLong [low=0, high=3, result=0, return=0x72A60999, context=after pfnRandomLong [low=0, high=6, result=2, return=0x72A60999, context=after pfnFreeFile [D:\Steam\steamapps\common\Half-Life\valve\sound\sentences.txt]]]
[2026-03-29 22:33:25.701] [info][general] Worldspawn trace: #394 map=c0a0 edict#0 classname=worldspawn pfnRandomLong [low=0, high=3, result=3, return=0x72A609A6, context=after pfnRandomLong [low=0, high=6, result=2, return=0x72A60999, context=after pfnFreeFile [D:\Steam\steamapps\common\Half-Life\valve\sound\sentences.txt]]]
[2026-03-29 22:33:25.701] [info][general] hl.dll engine callback: pfnRandomLong [low=0, high=3, result=3, return=0x72A609A6, context=after pfnRandomLong [low=0, high=6, result=2, return=0x72A60999, context=after pfnFreeFile [D:\Steam\steamapps\common\Half-Life\valve\sound\sentences.txt]]]
[2026-03-29 22:33:25.701] [info][general] Worldspawn trace: #395 map=c0a0 edict#0 classname=worldspawn pfnRandomLong [low=0, high=3, result=2, return=0x72A60999, context=after pfnRandomLong [low=0, high=6, result=2, return=0x72A60999, context=after pfnFreeFile [D:\Steam\steamapps\common\Half-Life\valve\sound\sentences.txt]]]
[2026-03-29 22:33:25.702] [info][general] hl.dll engine callback: pfnRandomLong [low=0, high=3, result=2, return=0x72A60999, context=after pfnRandomLong [low=0, high=6, result=2, return=0x72A60999, context=after pfnFreeFile [D:\Steam\steamapps\common\Half-Life\valve\sound\sentences.txt]]]
[2026-03-29 22:33:25.702] [info][general] Worldspawn trace: #396 map=c0a0 edict#0 classname=worldspawn pfnRandomLong [low=0, high=3, result=1, return=0x72A609A6, context=after pfnRandomLong [low=0, high=6, result=2, return=0x72A60999, context=after pfnFreeFile [D:\Steam\steamapps\common\Half-Life\valve\sound\sentences.txt]]]
[2026-03-29 22:33:25.702] [info][general] hl.dll engine callback: pfnRandomLong [low=0, high=3, result=1, return=0x72A609A6, context=after pfnRandomLong [low=0, high=6, result=2, return=0x72A60999, context=after pfnFreeFile [D:\Steam\steamapps\common\Half-Life\valve\sound\sentences.txt]]]
[2026-03-29 22:33:25.702] [info][general] Worldspawn trace: #397 map=c0a0 edict#0 classname=worldspawn pfnRandomLong [low=0, high=3, result=0, return=0x72A60999, context=after pfnRandomLong [low=0, high=6, result=2, return=0x72A60999, context=after pfnFreeFile [D:\Steam\steamapps\common\Half-Life\valve\sound\sentences.txt]]]
[2026-03-29 22:33:25.702] [info][general] hl.dll engine callback: pfnRandomLong [low=0, high=3, result=0, return=0x72A60999, context=after pfnRandomLong [low=0, high=6, result=2, return=0x72A60999, context=after pfnFreeFile [D:\Steam\steamapps\common\Half-Life\valve\sound\sentences.txt]]]
[2026-03-29 22:33:25.703] [info][general] Worldspawn trace: #398 map=c0a0 edict#0 classname=worldspawn pfnRandomLong [low=0, high=3, result=3, return=0x72A609A6, context=after pfnRandomLong [low=0, high=6, result=2, return=0x72A60999, context=after pfnFreeFile [D:\Steam\steamapps\common\Half-Life\valve\sound\sentences.txt]]]
[2026-03-29 22:33:25.703] [info][general] hl.dll engine callback: pfnRandomLong [low=0, high=3, result=3, return=0x72A609A6, context=after pfnRandomLong [low=0, high=6, result=2, return=0x72A60999, context=after pfnFreeFile [D:\Steam\steamapps\common\Half-Life\valve\sound\sentences.txt]]]
[2026-03-29 22:33:25.703] [info][general] Worldspawn trace: #399 map=c0a0 edict#0 classname=worldspawn pfnRandomLong [low=0, high=3, result=2, return=0x72A60999, context=after pfnRandomLong [low=0, high=6, result=2, return=0x72A60999, context=after pfnFreeFile [D:\Steam\steamapps\common\Half-Life\valve\sound\sentences.txt]]]
[2026-03-29 22:33:25.703] [info][general] hl.dll engine callback: pfnRandomLong [low=0, high=3, result=2, return=0x72A60999, context=after pfnRandomLong [low=0, high=6, result=2, return=0x72A60999, context=after pfnFreeFile [D:\Steam\steamapps\common\Half-Life\valve\sound\sentences.txt]]]
[2026-03-29 22:33:25.703] [info][general] Worldspawn trace: #400 map=c0a0 edict#0 classname=worldspawn pfnRandomLong [low=0, high=3, result=1, return=0x72A609A6, context=after pfnRandomLong [low=0, high=6, result=2, return=0x72A60999, context=after pfnFreeFile [D:\Steam\steamapps\common\Half-Life\valve\sound\sentences.txt]]]
[2026-03-29 22:33:25.704] [info][general] hl.dll engine callback: pfnRandomLong [low=0, high=3, result=1, return=0x72A609A6, context=after pfnRandomLong [low=0, high=6, result=2, return=0x72A60999, context=after pfnFreeFile [D:\Steam\steamapps\common\Half-Life\valve\sound\sentences.txt]]]
[2026-03-29 22:33:25.704] [info][general] Worldspawn trace: #401 map=c0a0 edict#0 classname=worldspawn pfnRandomLong [low=0, high=3, result=0, return=0x72A60999, context=after pfnRandomLong [low=0, high=6, result=2, return=0x72A60999, context=after pfnFreeFile [D:\Steam\steamapps\common\Half-Life\valve\sound\sentences.txt]]]
[2026-03-29 22:33:25.704] [info][general] hl.dll engine callback: pfnRandomLong [low=0, high=3, result=0, return=0x72A60999, context=after pfnRandomLong [low=0, high=6, result=2, return=0x72A60999, context=after pfnFreeFile [D:\Steam\steamapps\common\Half-Life\valve\sound\sentences.txt]]]
[2026-03-29 22:33:25.704] [info][general] Worldspawn trace: #402 map=c0a0 edict#0 classname=worldspawn pfnRandomLong [low=0, high=3, result=3, return=0x72A609A6, context=after pfnRandomLong [low=0, high=6, result=2, return=0x72A60999, context=after pfnFreeFile [D:\Steam\steamapps\common\Half-Life\valve\sound\sentences.txt]]]
[2026-03-29 22:33:25.704] [info][general] hl.dll engine callback: pfnRandomLong [low=0, high=3, result=3, return=0x72A609A6, context=after pfnRandomLong [low=0, high=6, result=2, return=0x72A60999, context=after pfnFreeFile [D:\Steam\steamapps\common\Half-Life\valve\sound\sentences.txt]]]
[2026-03-29 22:33:25.705] [info][general] Worldspawn trace: #403 map=c0a0 edict#0 classname=worldspawn pfnRandomLong [low=0, high=3, result=2, return=0x72A60999, context=after pfnRandomLong [low=0, high=6, result=2, return=0x72A60999, context=after pfnFreeFile [D:\Steam\steamapps\common\Half-Life\valve\sound\sentences.txt]]]
[2026-03-29 22:33:25.705] [info][general] hl.dll engine callback: pfnRandomLong [low=0, high=3, result=2, return=0x72A60999, context=after pfnRandomLong [low=0, high=6, result=2, return=0x72A60999, context=after pfnFreeFile [D:\Steam\steamapps\common\Half-Life\valve\sound\sentences.txt]]]
[2026-03-29 22:33:25.706] [info][general] Worldspawn trace: #404 map=c0a0 edict#0 classname=worldspawn pfnRandomLong [low=0, high=3, result=1, return=0x72A609A6, context=after pfnRandomLong [low=0, high=6, result=2, return=0x72A60999, context=after pfnFreeFile [D:\Steam\steamapps\common\Half-Life\valve\sound\sentences.txt]]]
[2026-03-29 22:33:25.706] [info][general] hl.dll engine callback: pfnRandomLong [low=0, high=3, result=1, return=0x72A609A6, context=after pfnRandomLong [low=0, high=6, result=2, return=0x72A60999, context=after pfnFreeFile [D:\Steam\steamapps\common\Half-Life\valve\sound\sentences.txt]]]
[2026-03-29 22:33:25.706] [info][general] Worldspawn trace: #405 map=c0a0 edict#0 classname=worldspawn pfnRandomLong [low=0, high=3, result=0, return=0x72A60999, context=after pfnRandomLong [low=0, high=6, result=2, return=0x72A60999, context=after pfnFreeFile [D:\Steam\steamapps\common\Half-Life\valve\sound\sentences.txt]]]
[2026-03-29 22:33:25.706] [info][general] hl.dll engine callback: pfnRandomLong [low=0, high=3, result=0, return=0x72A60999, context=after pfnRandomLong [low=0, high=6, result=2, return=0x72A60999, context=after pfnFreeFile [D:\Steam\steamapps\common\Half-Life\valve\sound\sentences.txt]]]
[2026-03-29 22:33:25.706] [info][general] Worldspawn trace: #406 map=c0a0 edict#0 classname=worldspawn pfnRandomLong [low=0, high=3, result=3, return=0x72A609A6, context=after pfnRandomLong [low=0, high=6, result=2, return=0x72A60999, context=after pfnFreeFile [D:\Steam\steamapps\common\Half-Life\valve\sound\sentences.txt]]]
[2026-03-29 22:33:25.707] [info][general] hl.dll engine callback: pfnRandomLong [low=0, high=3, result=3, return=0x72A609A6, context=after pfnRandomLong [low=0, high=6, result=2, return=0x72A60999, context=after pfnFreeFile [D:\Steam\steamapps\common\Half-Life\valve\sound\sentences.txt]]]
[2026-03-29 22:33:25.707] [info][general] Worldspawn trace: #407 map=c0a0 edict#0 classname=worldspawn pfnRandomLong [low=0, high=3, result=2, return=0x72A60999, context=after pfnRandomLong [low=0, high=6, result=2, return=0x72A60999, context=after pfnFreeFile [D:\Steam\steamapps\common\Half-Life\valve\sound\sentences.txt]]]
[2026-03-29 22:33:25.707] [info][general] hl.dll engine callback: pfnRandomLong [low=0, high=3, result=2, return=0x72A60999, context=after pfnRandomLong [low=0, high=6, result=2, return=0x72A60999, context=after pfnFreeFile [D:\Steam\steamapps\common\Half-Life\valve\sound\sentences.txt]]]
[2026-03-29 22:33:25.707] [info][general] Worldspawn trace: #408 map=c0a0 edict#0 classname=worldspawn pfnRandomLong [low=0, high=3, result=1, return=0x72A609A6, context=after pfnRandomLong [low=0, high=6, result=2, return=0x72A60999, context=after pfnFreeFile [D:\Steam\steamapps\common\Half-Life\valve\sound\sentences.txt]]]
[2026-03-29 22:33:25.707] [info][general] hl.dll engine callback: pfnRandomLong [low=0, high=3, result=1, return=0x72A609A6, context=after pfnRandomLong [low=0, high=6, result=2, return=0x72A60999, context=after pfnFreeFile [D:\Steam\steamapps\common\Half-Life\valve\sound\sentences.txt]]]
[2026-03-29 22:33:25.708] [info][general] Worldspawn trace: #409 map=c0a0 edict#0 classname=worldspawn pfnRandomLong [low=0, high=3, result=0, return=0x72A60999, context=after pfnRandomLong [low=0, high=6, result=2, return=0x72A60999, context=after pfnFreeFile [D:\Steam\steamapps\common\Half-Life\valve\sound\sentences.txt]]]
[2026-03-29 22:33:25.708] [info][general] hl.dll engine callback: pfnRandomLong [low=0, high=3, result=0, return=0x72A60999, context=after pfnRandomLong [low=0, high=6, result=2, return=0x72A60999, context=after pfnFreeFile [D:\Steam\steamapps\common\Half-Life\valve\sound\sentences.txt]]]
[2026-03-29 22:33:25.708] [info][general] Worldspawn trace: #410 map=c0a0 edict#0 classname=worldspawn pfnRandomLong [low=0, high=3, result=3, return=0x72A609A6, context=after pfnRandomLong [low=0, high=6, result=2, return=0x72A60999, context=after pfnFreeFile [D:\Steam\steamapps\common\Half-Life\valve\sound\sentences.txt]]]
[2026-03-29 22:33:25.708] [info][general] hl.dll engine callback: pfnRandomLong [low=0, high=3, result=3, return=0x72A609A6, context=after pfnRandomLong [low=0, high=6, result=2, return=0x72A60999, context=after pfnFreeFile [D:\Steam\steamapps\common\Half-Life\valve\sound\sentences.txt]]]
[2026-03-29 22:33:25.708] [info][general] Worldspawn trace: #411 map=c0a0 edict#0 classname=worldspawn pfnRandomLong [low=0, high=3, result=2, return=0x72A60999, context=after pfnRandomLong [low=0, high=6, result=2, return=0x72A60999, context=after pfnFreeFile [D:\Steam\steamapps\common\Half-Life\valve\sound\sentences.txt]]]
[2026-03-29 22:33:25.708] [info][general] hl.dll engine callback: pfnRandomLong [low=0, high=3, result=2, return=0x72A60999, context=after pfnRandomLong [low=0, high=6, result=2, return=0x72A60999, context=after pfnFreeFile [D:\Steam\steamapps\common\Half-Life\valve\sound\sentences.txt]]]
[2026-03-29 22:33:25.709] [info][general] Worldspawn trace: #412 map=c0a0 edict#0 classname=worldspawn pfnRandomLong [low=0, high=3, result=1, return=0x72A609A6, context=after pfnRandomLong [low=0, high=6, result=2, return=0x72A60999, context=after pfnFreeFile [D:\Steam\steamapps\common\Half-Life\valve\sound\sentences.txt]]]
[2026-03-29 22:33:25.709] [info][general] hl.dll engine callback: pfnRandomLong [low=0, high=3, result=1, return=0x72A609A6, context=after pfnRandomLong [low=0, high=6, result=2, return=0x72A60999, context=after pfnFreeFile [D:\Steam\steamapps\common\Half-Life\valve\sound\sentences.txt]]]
[2026-03-29 22:33:25.709] [info][general] Worldspawn trace: #413 map=c0a0 edict#0 classname=worldspawn pfnRandomLong [low=0, high=3, result=0, return=0x72A60999, context=after pfnRandomLong [low=0, high=6, result=2, return=0x72A60999, context=after pfnFreeFile [D:\Steam\steamapps\common\Half-Life\valve\sound\sentences.txt]]]
[2026-03-29 22:33:25.709] [info][general] hl.dll engine callback: pfnRandomLong [low=0, high=3, result=0, return=0x72A60999, context=after pfnRandomLong [low=0, high=6, result=2, return=0x72A60999, context=after pfnFreeFile [D:\Steam\steamapps\common\Half-Life\valve\sound\sentences.txt]]]
[2026-03-29 22:33:25.710] [info][general] Worldspawn trace: #414 map=c0a0 edict#0 classname=worldspawn pfnRandomLong [low=0, high=3, result=3, return=0x72A609A6, context=after pfnRandomLong [low=0, high=6, result=2, return=0x72A60999, context=after pfnFreeFile [D:\Steam\steamapps\common\Half-Life\valve\sound\sentences.txt]]]
[2026-03-29 22:33:25.710] [info][general] hl.dll engine callback: pfnRandomLong [low=0, high=3, result=3, return=0x72A609A6, context=after pfnRandomLong [low=0, high=6, result=2, return=0x72A60999, context=after pfnFreeFile [D:\Steam\steamapps\common\Half-Life\valve\sound\sentences.txt]]]
[2026-03-29 22:33:25.710] [info][general] Worldspawn trace: #415 map=c0a0 edict#0 classname=worldspawn pfnRandomLong [low=0, high=3, result=2, return=0x72A60999, context=after pfnRandomLong [low=0, high=6, result=2, return=0x72A60999, context=after pfnFreeFile [D:\Steam\steamapps\common\Half-Life\valve\sound\sentences.txt]]]
[2026-03-29 22:33:25.710] [info][general] hl.dll engine callback: pfnRandomLong [low=0, high=3, result=2, return=0x72A60999, context=after pfnRandomLong [low=0, high=6, result=2, return=0x72A60999, context=after pfnFreeFile [D:\Steam\steamapps\common\Half-Life\valve\sound\sentences.txt]]]
[2026-03-29 22:33:25.710] [info][general] Worldspawn trace: #416 map=c0a0 edict#0 classname=worldspawn pfnRandomLong [low=0, high=3, result=1, return=0x72A609A6, context=after pfnRandomLong [low=0, high=6, result=2, return=0x72A60999, context=after pfnFreeFile [D:\Steam\steamapps\common\Half-Life\valve\sound\sentences.txt]]]
[2026-03-29 22:33:25.711] [info][general] hl.dll engine callback: pfnRandomLong [low=0, high=3, result=1, return=0x72A609A6, context=after pfnRandomLong [low=0, high=6, result=2, return=0x72A60999, context=after pfnFreeFile [D:\Steam\steamapps\common\Half-Life\valve\sound\sentences.txt]]]
[2026-03-29 22:33:25.711] [info][general] Worldspawn trace: #417 map=c0a0 edict#0 classname=worldspawn pfnRandomLong [low=0, high=3, result=0, return=0x72A60999, context=after pfnRandomLong [low=0, high=6, result=2, return=0x72A60999, context=after pfnFreeFile [D:\Steam\steamapps\common\Half-Life\valve\sound\sentences.txt]]]
[2026-03-29 22:33:25.711] [info][general] hl.dll engine callback: pfnRandomLong [low=0, high=3, result=0, return=0x72A60999, context=after pfnRandomLong [low=0, high=6, result=2, return=0x72A60999, context=after pfnFreeFile [D:\Steam\steamapps\common\Half-Life\valve\sound\sentences.txt]]]
[2026-03-29 22:33:25.711] [info][general] Worldspawn trace: #418 map=c0a0 edict#0 classname=worldspawn pfnRandomLong [low=0, high=3, result=3, return=0x72A609A6, context=after pfnRandomLong [low=0, high=6, result=2, return=0x72A60999, context=after pfnFreeFile [D:\Steam\steamapps\common\Half-Life\valve\sound\sentences.txt]]]
[2026-03-29 22:33:25.711] [info][general] hl.dll engine callback: pfnRandomLong [low=0, high=3, result=3, return=0x72A609A6, context=after pfnRandomLong [low=0, high=6, result=2, return=0x72A60999, context=after pfnFreeFile [D:\Steam\steamapps\common\Half-Life\valve\sound\sentences.txt]]]
[2026-03-29 22:33:25.712] [info][general] Worldspawn trace: #419 map=c0a0 edict#0 classname=worldspawn pfnRandomLong [low=0, high=3, result=2, return=0x72A60999, context=after pfnRandomLong [low=0, high=6, result=2, return=0x72A60999, context=after pfnFreeFile [D:\Steam\steamapps\common\Half-Life\valve\sound\sentences.txt]]]
[2026-03-29 22:33:25.712] [info][general] hl.dll engine callback: pfnRandomLong [low=0, high=3, result=2, return=0x72A60999, context=after pfnRandomLong [low=0, high=6, result=2, return=0x72A60999, context=after pfnFreeFile [D:\Steam\steamapps\common\Half-Life\valve\sound\sentences.txt]]]
[2026-03-29 22:33:25.712] [info][general] Worldspawn trace: #420 map=c0a0 edict#0 classname=worldspawn pfnRandomLong [low=0, high=3, result=1, return=0x72A609A6, context=after pfnRandomLong [low=0, high=6, result=2, return=0x72A60999, context=after pfnFreeFile [D:\Steam\steamapps\common\Half-Life\valve\sound\sentences.txt]]]
[2026-03-29 22:33:25.712] [info][general] hl.dll engine callback: pfnRandomLong [low=0, high=3, result=1, return=0x72A609A6, context=after pfnRandomLong [low=0, high=6, result=2, return=0x72A60999, context=after pfnFreeFile [D:\Steam\steamapps\common\Half-Life\valve\sound\sentences.txt]]]
[2026-03-29 22:33:25.713] [info][general] Worldspawn trace: #421 map=c0a0 edict#0 classname=worldspawn pfnRandomLong [low=0, high=3, result=0, return=0x72A60999, context=after pfnRandomLong [low=0, high=6, result=2, return=0x72A60999, context=after pfnFreeFile [D:\Steam\steamapps\common\Half-Life\valve\sound\sentences.txt]]]
[2026-03-29 22:33:25.713] [info][general] hl.dll engine callback: pfnRandomLong [low=0, high=3, result=0, return=0x72A60999, context=after pfnRandomLong [low=0, high=6, result=2, return=0x72A60999, context=after pfnFreeFile [D:\Steam\steamapps\common\Half-Life\valve\sound\sentences.txt]]]
[2026-03-29 22:33:25.713] [info][general] Worldspawn trace: #422 map=c0a0 edict#0 classname=worldspawn pfnRandomLong [low=0, high=3, result=3, return=0x72A609A6, context=after pfnRandomLong [low=0, high=6, result=2, return=0x72A60999, context=after pfnFreeFile [D:\Steam\steamapps\common\Half-Life\valve\sound\sentences.txt]]]
[2026-03-29 22:33:25.713] [info][general] hl.dll engine callback: pfnRandomLong [low=0, high=3, result=3, return=0x72A609A6, context=after pfnRandomLong [low=0, high=6, result=2, return=0x72A60999, context=after pfnFreeFile [D:\Steam\steamapps\common\Half-Life\valve\sound\sentences.txt]]]
[2026-03-29 22:33:25.713] [info][general] Worldspawn trace: #423 map=c0a0 edict#0 classname=worldspawn pfnRandomLong [low=0, high=3, result=2, return=0x72A60999, context=after pfnRandomLong [low=0, high=6, result=2, return=0x72A60999, context=after pfnFreeFile [D:\Steam\steamapps\common\Half-Life\valve\sound\sentences.txt]]]
[2026-03-29 22:33:25.714] [info][general] hl.dll engine callback: pfnRandomLong [low=0, high=3, result=2, return=0x72A60999, context=after pfnRandomLong [low=0, high=6, result=2, return=0x72A60999, context=after pfnFreeFile [D:\Steam\steamapps\common\Half-Life\valve\sound\sentences.txt]]]
[2026-03-29 22:33:25.714] [info][general] Worldspawn trace: #424 map=c0a0 edict#0 classname=worldspawn pfnRandomLong [low=0, high=3, result=1, return=0x72A609A6, context=after pfnRandomLong [low=0, high=6, result=2, return=0x72A60999, context=after pfnFreeFile [D:\Steam\steamapps\common\Half-Life\valve\sound\sentences.txt]]]
[2026-03-29 22:33:25.714] [info][general] hl.dll engine callback: pfnRandomLong [low=0, high=3, result=1, return=0x72A609A6, context=after pfnRandomLong [low=0, high=6, result=2, return=0x72A60999, context=after pfnFreeFile [D:\Steam\steamapps\common\Half-Life\valve\sound\sentences.txt]]]
[2026-03-29 22:33:25.714] [info][general] Worldspawn trace: #425 map=c0a0 edict#0 classname=worldspawn pfnRandomLong [low=0, high=2, result=1, return=0x72A60999, context=after pfnRandomLong [low=0, high=6, result=2, return=0x72A60999, context=after pfnFreeFile [D:\Steam\steamapps\common\Half-Life\valve\sound\sentences.txt]]]
[2026-03-29 22:33:25.714] [info][general] hl.dll engine callback: pfnRandomLong [low=0, high=2, result=1, return=0x72A60999, context=after pfnRandomLong [low=0, high=6, result=2, return=0x72A60999, context=after pfnFreeFile [D:\Steam\steamapps\common\Half-Life\valve\sound\sentences.txt]]]
[2026-03-29 22:33:25.715] [info][general] Worldspawn trace: #426 map=c0a0 edict#0 classname=worldspawn pfnRandomLong [low=0, high=2, result=1, return=0x72A609A6, context=after pfnRandomLong [low=0, high=6, result=2, return=0x72A60999, context=after pfnFreeFile [D:\Steam\steamapps\common\Half-Life\valve\sound\sentences.txt]]]
[2026-03-29 22:33:25.715] [info][general] hl.dll engine callback: pfnRandomLong [low=0, high=2, result=1, return=0x72A609A6, context=after pfnRandomLong [low=0, high=6, result=2, return=0x72A60999, context=after pfnFreeFile [D:\Steam\steamapps\common\Half-Life\valve\sound\sentences.txt]]]
[2026-03-29 22:33:25.715] [info][general] Worldspawn trace: #427 map=c0a0 edict#0 classname=worldspawn pfnRandomLong [low=0, high=2, result=2, return=0x72A60999, context=after pfnRandomLong [low=0, high=6, result=2, return=0x72A60999, context=after pfnFreeFile [D:\Steam\steamapps\common\Half-Life\valve\sound\sentences.txt]]]
[2026-03-29 22:33:25.715] [info][general] hl.dll engine callback: pfnRandomLong [low=0, high=2, result=2, return=0x72A60999, context=after pfnRandomLong [low=0, high=6, result=2, return=0x72A60999, context=after pfnFreeFile [D:\Steam\steamapps\common\Half-Life\valve\sound\sentences.txt]]]
[2026-03-29 22:33:25.715] [info][general] Worldspawn trace: #428 map=c0a0 edict#0 classname=worldspawn pfnRandomLong [low=0, high=2, result=1, return=0x72A609A6, context=after pfnRandomLong [low=0, high=6, result=2, return=0x72A60999, context=after pfnFreeFile [D:\Steam\steamapps\common\Half-Life\valve\sound\sentences.txt]]]
[2026-03-29 22:33:25.715] [info][general] hl.dll engine callback: pfnRandomLong [low=0, high=2, result=1, return=0x72A609A6, context=after pfnRandomLong [low=0, high=6, result=2, return=0x72A60999, context=after pfnFreeFile [D:\Steam\steamapps\common\Half-Life\valve\sound\sentences.txt]]]
[2026-03-29 22:33:25.716] [info][general] Worldspawn trace: #429 map=c0a0 edict#0 classname=worldspawn pfnRandomLong [low=0, high=2, result=1, return=0x72A60999, context=after pfnRandomLong [low=0, high=6, result=2, return=0x72A60999, context=after pfnFreeFile [D:\Steam\steamapps\common\Half-Life\valve\sound\sentences.txt]]]
[2026-03-29 22:33:25.716] [info][general] hl.dll engine callback: pfnRandomLong [low=0, high=2, result=1, return=0x72A60999, context=after pfnRandomLong [low=0, high=6, result=2, return=0x72A60999, context=after pfnFreeFile [D:\Steam\steamapps\common\Half-Life\valve\sound\sentences.txt]]]
[2026-03-29 22:33:25.716] [info][general] Worldspawn trace: #430 map=c0a0 edict#0 classname=worldspawn pfnRandomLong [low=0, high=2, result=1, return=0x72A609A6, context=after pfnRandomLong [low=0, high=6, result=2, return=0x72A60999, context=after pfnFreeFile [D:\Steam\steamapps\common\Half-Life\valve\sound\sentences.txt]]]
[2026-03-29 22:33:25.716] [info][general] hl.dll engine callback: pfnRandomLong [low=0, high=2, result=1, return=0x72A609A6, context=after pfnRandomLong [low=0, high=6, result=2, return=0x72A60999, context=after pfnFreeFile [D:\Steam\steamapps\common\Half-Life\valve\sound\sentences.txt]]]
[2026-03-29 22:33:25.716] [info][general] Worldspawn trace: #431 map=c0a0 edict#0 classname=worldspawn pfnRandomLong [low=0, high=2, result=1, return=0x72A60999, context=after pfnRandomLong [low=0, high=6, result=2, return=0x72A60999, context=after pfnFreeFile [D:\Steam\steamapps\common\Half-Life\valve\sound\sentences.txt]]]
[2026-03-29 22:33:25.716] [info][general] hl.dll engine callback: pfnRandomLong [low=0, high=2, result=1, return=0x72A60999, context=after pfnRandomLong [low=0, high=6, result=2, return=0x72A60999, context=after pfnFreeFile [D:\Steam\steamapps\common\Half-Life\valve\sound\sentences.txt]]]
[2026-03-29 22:33:25.717] [info][general] Worldspawn trace: #432 map=c0a0 edict#0 classname=worldspawn pfnRandomLong [low=0, high=2, result=2, return=0x72A609A6, context=after pfnRandomLong [low=0, high=6, result=2, return=0x72A60999, context=after pfnFreeFile [D:\Steam\steamapps\common\Half-Life\valve\sound\sentences.txt]]]
[2026-03-29 22:33:25.717] [info][general] hl.dll engine callback: pfnRandomLong [low=0, high=2, result=2, return=0x72A609A6, context=after pfnRandomLong [low=0, high=6, result=2, return=0x72A60999, context=after pfnFreeFile [D:\Steam\steamapps\common\Half-Life\valve\sound\sentences.txt]]]
[2026-03-29 22:33:25.717] [info][general] Worldspawn trace: #433 map=c0a0 edict#0 classname=worldspawn pfnRandomLong [low=0, high=2, result=0, return=0x72A60999, context=after pfnRandomLong [low=0, high=6, result=2, return=0x72A60999, context=after pfnFreeFile [D:\Steam\steamapps\common\Half-Life\valve\sound\sentences.txt]]]
[2026-03-29 22:33:25.717] [info][general] hl.dll engine callback: pfnRandomLong [low=0, high=2, result=0, return=0x72A60999, context=after pfnRandomLong [low=0, high=6, result=2, return=0x72A60999, context=after pfnFreeFile [D:\Steam\steamapps\common\Half-Life\valve\sound\sentences.txt]]]
[2026-03-29 22:33:25.717] [info][general] Worldspawn trace: #434 map=c0a0 edict#0 classname=worldspawn pfnRandomLong [low=0, high=2, result=0, return=0x72A609A6, context=after pfnRandomLong [low=0, high=6, result=2, return=0x72A60999, context=after pfnFreeFile [D:\Steam\steamapps\common\Half-Life\valve\sound\sentences.txt]]]
[2026-03-29 22:33:25.718] [info][general] hl.dll engine callback: pfnRandomLong [low=0, high=2, result=0, return=0x72A609A6, context=after pfnRandomLong [low=0, high=6, result=2, return=0x72A60999, context=after pfnFreeFile [D:\Steam\steamapps\common\Half-Life\valve\sound\sentences.txt]]]
[2026-03-29 22:33:25.718] [info][general] Worldspawn trace: #435 map=c0a0 edict#0 classname=worldspawn pfnRandomLong [low=0, high=2, result=1, return=0x72A60999, context=after pfnRandomLong [low=0, high=6, result=2, return=0x72A60999, context=after pfnFreeFile [D:\Steam\steamapps\common\Half-Life\valve\sound\sentences.txt]]]
[2026-03-29 22:33:25.718] [info][general] hl.dll engine callback: pfnRandomLong [low=0, high=2, result=1, return=0x72A60999, context=after pfnRandomLong [low=0, high=6, result=2, return=0x72A60999, context=after pfnFreeFile [D:\Steam\steamapps\common\Half-Life\valve\sound\sentences.txt]]]
[2026-03-29 22:33:25.718] [info][general] Worldspawn trace: #436 map=c0a0 edict#0 classname=worldspawn pfnRandomLong [low=0, high=2, result=1, return=0x72A609A6, context=after pfnRandomLong [low=0, high=6, result=2, return=0x72A60999, context=after pfnFreeFile [D:\Steam\steamapps\common\Half-Life\valve\sound\sentences.txt]]]
[2026-03-29 22:33:25.718] [info][general] hl.dll engine callback: pfnRandomLong [low=0, high=2, result=1, return=0x72A609A6, context=after pfnRandomLong [low=0, high=6, result=2, return=0x72A60999, context=after pfnFreeFile [D:\Steam\steamapps\common\Half-Life\valve\sound\sentences.txt]]]
[2026-03-29 22:33:25.718] [info][general] Worldspawn trace: #437 map=c0a0 edict#0 classname=worldspawn pfnRandomLong [low=0, high=2, result=1, return=0x72A60999, context=after pfnRandomLong [low=0, high=6, result=2, return=0x72A60999, context=after pfnFreeFile [D:\Steam\steamapps\common\Half-Life\valve\sound\sentences.txt]]]
[2026-03-29 22:33:25.719] [info][general] hl.dll engine callback: pfnRandomLong [low=0, high=2, result=1, return=0x72A60999, context=after pfnRandomLong [low=0, high=6, result=2, return=0x72A60999, context=after pfnFreeFile [D:\Steam\steamapps\common\Half-Life\valve\sound\sentences.txt]]]
[2026-03-29 22:33:25.719] [info][general] Worldspawn trace: #438 map=c0a0 edict#0 classname=worldspawn pfnRandomLong [low=0, high=2, result=0, return=0x72A609A6, context=after pfnRandomLong [low=0, high=6, result=2, return=0x72A60999, context=after pfnFreeFile [D:\Steam\steamapps\common\Half-Life\valve\sound\sentences.txt]]]
[2026-03-29 22:33:25.719] [info][general] hl.dll engine callback: pfnRandomLong [low=0, high=2, result=0, return=0x72A609A6, context=after pfnRandomLong [low=0, high=6, result=2, return=0x72A60999, context=after pfnFreeFile [D:\Steam\steamapps\common\Half-Life\valve\sound\sentences.txt]]]
[2026-03-29 22:33:25.719] [info][general] Worldspawn trace: #439 map=c0a0 edict#0 classname=worldspawn pfnRandomLong [low=0, high=2, result=2, return=0x72A60999, context=after pfnRandomLong [low=0, high=6, result=2, return=0x72A60999, context=after pfnFreeFile [D:\Steam\steamapps\common\Half-Life\valve\sound\sentences.txt]]]
[2026-03-29 22:33:25.719] [info][general] hl.dll engine callback: pfnRandomLong [low=0, high=2, result=2, return=0x72A60999, context=after pfnRandomLong [low=0, high=6, result=2, return=0x72A60999, context=after pfnFreeFile [D:\Steam\steamapps\common\Half-Life\valve\sound\sentences.txt]]]
[2026-03-29 22:33:25.720] [info][general] Worldspawn trace: #440 map=c0a0 edict#0 classname=worldspawn pfnRandomLong [low=0, high=2, result=2, return=0x72A609A6, context=after pfnRandomLong [low=0, high=6, result=2, return=0x72A60999, context=after pfnFreeFile [D:\Steam\steamapps\common\Half-Life\valve\sound\sentences.txt]]]
[2026-03-29 22:33:25.720] [info][general] hl.dll engine callback: pfnRandomLong [low=0, high=2, result=2, return=0x72A609A6, context=after pfnRandomLong [low=0, high=6, result=2, return=0x72A60999, context=after pfnFreeFile [D:\Steam\steamapps\common\Half-Life\valve\sound\sentences.txt]]]
[2026-03-29 22:33:25.720] [info][general] Worldspawn trace: #441 map=c0a0 edict#0 classname=worldspawn pfnRandomLong [low=0, high=2, result=2, return=0x72A60999, context=after pfnRandomLong [low=0, high=6, result=2, return=0x72A60999, context=after pfnFreeFile [D:\Steam\steamapps\common\Half-Life\valve\sound\sentences.txt]]]
[2026-03-29 22:33:25.720] [info][general] hl.dll engine callback: pfnRandomLong [low=0, high=2, result=2, return=0x72A60999, context=after pfnRandomLong [low=0, high=6, result=2, return=0x72A60999, context=after pfnFreeFile [D:\Steam\steamapps\common\Half-Life\valve\sound\sentences.txt]]]
[2026-03-29 22:33:25.720] [info][general] Worldspawn trace: #442 map=c0a0 edict#0 classname=worldspawn pfnRandomLong [low=0, high=2, result=2, return=0x72A609A6, context=after pfnRandomLong [low=0, high=6, result=2, return=0x72A60999, context=after pfnFreeFile [D:\Steam\steamapps\common\Half-Life\valve\sound\sentences.txt]]]
[2026-03-29 22:33:25.721] [info][general] hl.dll engine callback: pfnRandomLong [low=0, high=2, result=2, return=0x72A609A6, context=after pfnRandomLong [low=0, high=6, result=2, return=0x72A60999, context=after pfnFreeFile [D:\Steam\steamapps\common\Half-Life\valve\sound\sentences.txt]]]
[2026-03-29 22:33:25.721] [info][general] Worldspawn trace: #443 map=c0a0 edict#0 classname=worldspawn pfnRandomLong [low=0, high=2, result=0, return=0x72A60999, context=after pfnRandomLong [low=0, high=6, result=2, return=0x72A60999, context=after pfnFreeFile [D:\Steam\steamapps\common\Half-Life\valve\sound\sentences.txt]]]
[2026-03-29 22:33:25.721] [info][general] hl.dll engine callback: pfnRandomLong [low=0, high=2, result=0, return=0x72A60999, context=after pfnRandomLong [low=0, high=6, result=2, return=0x72A60999, context=after pfnFreeFile [D:\Steam\steamapps\common\Half-Life\valve\sound\sentences.txt]]]
[2026-03-29 22:33:25.721] [info][general] Worldspawn trace: #444 map=c0a0 edict#0 classname=worldspawn pfnRandomLong [low=0, high=2, result=0, return=0x72A609A6, context=after pfnRandomLong [low=0, high=6, result=2, return=0x72A60999, context=after pfnFreeFile [D:\Steam\steamapps\common\Half-Life\valve\sound\sentences.txt]]]
[2026-03-29 22:33:25.721] [info][general] hl.dll engine callback: pfnRandomLong [low=0, high=2, result=0, return=0x72A609A6, context=after pfnRandomLong [low=0, high=6, result=2, return=0x72A60999, context=after pfnFreeFile [D:\Steam\steamapps\common\Half-Life\valve\sound\sentences.txt]]]
[2026-03-29 22:33:25.721] [info][general] Worldspawn trace: #445 map=c0a0 edict#0 classname=worldspawn pfnRandomLong [low=0, high=2, result=1, return=0x72A60999, context=after pfnRandomLong [low=0, high=6, result=2, return=0x72A60999, context=after pfnFreeFile [D:\Steam\steamapps\common\Half-Life\valve\sound\sentences.txt]]]
[2026-03-29 22:33:25.722] [info][general] hl.dll engine callback: pfnRandomLong [low=0, high=2, result=1, return=0x72A60999, context=after pfnRandomLong [low=0, high=6, result=2, return=0x72A60999, context=after pfnFreeFile [D:\Steam\steamapps\common\Half-Life\valve\sound\sentences.txt]]]
[2026-03-29 22:33:25.722] [info][general] Worldspawn trace: #446 map=c0a0 edict#0 classname=worldspawn pfnRandomLong [low=0, high=2, result=2, return=0x72A609A6, context=after pfnRandomLong [low=0, high=6, result=2, return=0x72A60999, context=after pfnFreeFile [D:\Steam\steamapps\common\Half-Life\valve\sound\sentences.txt]]]
[2026-03-29 22:33:25.722] [info][general] hl.dll engine callback: pfnRandomLong [low=0, high=2, result=2, return=0x72A609A6, context=after pfnRandomLong [low=0, high=6, result=2, return=0x72A60999, context=after pfnFreeFile [D:\Steam\steamapps\common\Half-Life\valve\sound\sentences.txt]]]
[2026-03-29 22:33:25.722] [info][general] Worldspawn trace: #447 map=c0a0 edict#0 classname=worldspawn pfnRandomLong [low=0, high=2, result=0, return=0x72A60999, context=after pfnRandomLong [low=0, high=6, result=2, return=0x72A60999, context=after pfnFreeFile [D:\Steam\steamapps\common\Half-Life\valve\sound\sentences.txt]]]
[2026-03-29 22:33:25.722] [info][general] hl.dll engine callback: pfnRandomLong [low=0, high=2, result=0, return=0x72A60999, context=after pfnRandomLong [low=0, high=6, result=2, return=0x72A60999, context=after pfnFreeFile [D:\Steam\steamapps\common\Half-Life\valve\sound\sentences.txt]]]
[2026-03-29 22:33:25.723] [info][general] Worldspawn trace: #448 map=c0a0 edict#0 classname=worldspawn pfnRandomLong [low=0, high=2, result=1, return=0x72A609A6, context=after pfnRandomLong [low=0, high=6, result=2, return=0x72A60999, context=after pfnFreeFile [D:\Steam\steamapps\common\Half-Life\valve\sound\sentences.txt]]]
[2026-03-29 22:33:25.723] [info][general] hl.dll engine callback: pfnRandomLong [low=0, high=2, result=1, return=0x72A609A6, context=after pfnRandomLong [low=0, high=6, result=2, return=0x72A60999, context=after pfnFreeFile [D:\Steam\steamapps\common\Half-Life\valve\sound\sentences.txt]]]
[2026-03-29 22:33:25.723] [info][general] Worldspawn trace: #449 map=c0a0 edict#0 classname=worldspawn pfnRandomLong [low=0, high=11, result=8, return=0x72A60999, context=after pfnRandomLong [low=0, high=6, result=2, return=0x72A60999, context=after pfnFreeFile [D:\Steam\steamapps\common\Half-Life\valve\sound\sentences.txt]]]
[2026-03-29 22:33:25.723] [info][general] hl.dll engine callback: pfnRandomLong [low=0, high=11, result=8, return=0x72A60999, context=after pfnRandomLong [low=0, high=6, result=2, return=0x72A60999, context=after pfnFreeFile [D:\Steam\steamapps\common\Half-Life\valve\sound\sentences.txt]]]
[2026-03-29 22:33:25.723] [info][general] Worldspawn trace: #450 map=c0a0 edict#0 classname=worldspawn pfnRandomLong [low=0, high=11, result=7, return=0x72A609A6, context=after pfnRandomLong [low=0, high=6, result=2, return=0x72A60999, context=after pfnFreeFile [D:\Steam\steamapps\common\Half-Life\valve\sound\sentences.txt]]]
[2026-03-29 22:33:25.723] [info][general] hl.dll engine callback: pfnRandomLong [low=0, high=11, result=7, return=0x72A609A6, context=after pfnRandomLong [low=0, high=6, result=2, return=0x72A60999, context=after pfnFreeFile [D:\Steam\steamapps\common\Half-Life\valve\sound\sentences.txt]]]
[2026-03-29 22:33:25.724] [info][general] Worldspawn trace: #451 map=c0a0 edict#0 classname=worldspawn pfnRandomLong [low=0, high=11, result=2, return=0x72A60999, context=after pfnRandomLong [low=0, high=6, result=2, return=0x72A60999, context=after pfnFreeFile [D:\Steam\steamapps\common\Half-Life\valve\sound\sentences.txt]]]
[2026-03-29 22:33:25.724] [info][general] hl.dll engine callback: pfnRandomLong [low=0, high=11, result=2, return=0x72A60999, context=after pfnRandomLong [low=0, high=6, result=2, return=0x72A60999, context=after pfnFreeFile [D:\Steam\steamapps\common\Half-Life\valve\sound\sentences.txt]]]
[2026-03-29 22:33:25.724] [info][general] Worldspawn trace: #452 map=c0a0 edict#0 classname=worldspawn pfnRandomLong [low=0, high=11, result=5, return=0x72A609A6, context=after pfnRandomLong [low=0, high=6, result=2, return=0x72A60999, context=after pfnFreeFile [D:\Steam\steamapps\common\Half-Life\valve\sound\sentences.txt]]]
[2026-03-29 22:33:25.724] [info][general] hl.dll engine callback: pfnRandomLong [low=0, high=11, result=5, return=0x72A609A6, context=after pfnRandomLong [low=0, high=6, result=2, return=0x72A60999, context=after pfnFreeFile [D:\Steam\steamapps\common\Half-Life\valve\sound\sentences.txt]]]
[2026-03-29 22:33:25.724] [info][general] Worldspawn trace: #453 map=c0a0 edict#0 classname=worldspawn pfnRandomLong [low=0, high=11, result=8, return=0x72A60999, context=after pfnRandomLong [low=0, high=6, result=2, return=0x72A60999, context=after pfnFreeFile [D:\Steam\steamapps\common\Half-Life\valve\sound\sentences.txt]]]
[2026-03-29 22:33:25.724] [info][general] hl.dll engine callback: pfnRandomLong [low=0, high=11, result=8, return=0x72A60999, context=after pfnRandomLong [low=0, high=6, result=2, return=0x72A60999, context=after pfnFreeFile [D:\Steam\steamapps\common\Half-Life\valve\sound\sentences.txt]]]
[2026-03-29 22:33:25.725] [info][general] Worldspawn trace: #454 map=c0a0 edict#0 classname=worldspawn pfnRandomLong [low=0, high=11, result=7, return=0x72A609A6, context=after pfnRandomLong [low=0, high=6, result=2, return=0x72A60999, context=after pfnFreeFile [D:\Steam\steamapps\common\Half-Life\valve\sound\sentences.txt]]]
[2026-03-29 22:33:25.725] [info][general] hl.dll engine callback: pfnRandomLong [low=0, high=11, result=7, return=0x72A609A6, context=after pfnRandomLong [low=0, high=6, result=2, return=0x72A60999, context=after pfnFreeFile [D:\Steam\steamapps\common\Half-Life\valve\sound\sentences.txt]]]
[2026-03-29 22:33:25.725] [info][general] Worldspawn trace: #455 map=c0a0 edict#0 classname=worldspawn pfnRandomLong [low=0, high=11, result=10, return=0x72A60999, context=after pfnRandomLong [low=0, high=6, result=2, return=0x72A60999, context=after pfnFreeFile [D:\Steam\steamapps\common\Half-Life\valve\sound\sentences.txt]]]
[2026-03-29 22:33:25.725] [info][general] hl.dll engine callback: pfnRandomLong [low=0, high=11, result=10, return=0x72A60999, context=after pfnRandomLong [low=0, high=6, result=2, return=0x72A60999, context=after pfnFreeFile [D:\Steam\steamapps\common\Half-Life\valve\sound\sentences.txt]]]
[2026-03-29 22:33:25.725] [info][general] Worldspawn trace: #456 map=c0a0 edict#0 classname=worldspawn pfnRandomLong [low=0, high=11, result=5, return=0x72A609A6, context=after pfnRandomLong [low=0, high=6, result=2, return=0x72A60999, context=after pfnFreeFile [D:\Steam\steamapps\common\Half-Life\valve\sound\sentences.txt]]]
[2026-03-29 22:33:25.726] [info][general] hl.dll engine callback: pfnRandomLong [low=0, high=11, result=5, return=0x72A609A6, context=after pfnRandomLong [low=0, high=6, result=2, return=0x72A60999, context=after pfnFreeFile [D:\Steam\steamapps\common\Half-Life\valve\sound\sentences.txt]]]
[2026-03-29 22:33:25.726] [info][general] Worldspawn trace: #457 map=c0a0 edict#0 classname=worldspawn pfnRandomLong [low=0, high=11, result=4, return=0x72A60999, context=after pfnRandomLong [low=0, high=6, result=2, return=0x72A60999, context=after pfnFreeFile [D:\Steam\steamapps\common\Half-Life\valve\sound\sentences.txt]]]
[2026-03-29 22:33:25.726] [info][general] hl.dll engine callback: pfnRandomLong [low=0, high=11, result=4, return=0x72A60999, context=after pfnRandomLong [low=0, high=6, result=2, return=0x72A60999, context=after pfnFreeFile [D:\Steam\steamapps\common\Half-Life\valve\sound\sentences.txt]]]
[2026-03-29 22:33:25.726] [info][general] Worldspawn trace: #458 map=c0a0 edict#0 classname=worldspawn pfnRandomLong [low=0, high=11, result=7, return=0x72A609A6, context=after pfnRandomLong [low=0, high=6, result=2, return=0x72A60999, context=after pfnFreeFile [D:\Steam\steamapps\common\Half-Life\valve\sound\sentences.txt]]]
[2026-03-29 22:33:25.726] [info][general] hl.dll engine callback: pfnRandomLong [low=0, high=11, result=7, return=0x72A609A6, context=after pfnRandomLong [low=0, high=6, result=2, return=0x72A60999, context=after pfnFreeFile [D:\Steam\steamapps\common\Half-Life\valve\sound\sentences.txt]]]
[2026-03-29 22:33:25.726] [info][general] Worldspawn trace: #459 map=c0a0 edict#0 classname=worldspawn pfnRandomLong [low=0, high=11, result=6, return=0x72A60999, context=after pfnRandomLong [low=0, high=6, result=2, return=0x72A60999, context=after pfnFreeFile [D:\Steam\steamapps\common\Half-Life\valve\sound\sentences.txt]]]
[2026-03-29 22:33:25.727] [info][general] hl.dll engine callback: pfnRandomLong [low=0, high=11, result=6, return=0x72A60999, context=after pfnRandomLong [low=0, high=6, result=2, return=0x72A60999, context=after pfnFreeFile [D:\Steam\steamapps\common\Half-Life\valve\sound\sentences.txt]]]
[2026-03-29 22:33:25.727] [info][general] Worldspawn trace: #460 map=c0a0 edict#0 classname=worldspawn pfnRandomLong [low=0, high=11, result=9, return=0x72A609A6, context=after pfnRandomLong [low=0, high=6, result=2, return=0x72A60999, context=after pfnFreeFile [D:\Steam\steamapps\common\Half-Life\valve\sound\sentences.txt]]]
[2026-03-29 22:33:25.727] [info][general] hl.dll engine callback: pfnRandomLong [low=0, high=11, result=9, return=0x72A609A6, context=after pfnRandomLong [low=0, high=6, result=2, return=0x72A60999, context=after pfnFreeFile [D:\Steam\steamapps\common\Half-Life\valve\sound\sentences.txt]]]
[2026-03-29 22:33:25.727] [info][general] Worldspawn trace: #461 map=c0a0 edict#0 classname=worldspawn pfnRandomLong [low=0, high=11, result=0, return=0x72A60999, context=after pfnRandomLong [low=0, high=6, result=2, return=0x72A60999, context=after pfnFreeFile [D:\Steam\steamapps\common\Half-Life\valve\sound\sentences.txt]]]
[2026-03-29 22:33:25.727] [info][general] hl.dll engine callback: pfnRandomLong [low=0, high=11, result=0, return=0x72A60999, context=after pfnRandomLong [low=0, high=6, result=2, return=0x72A60999, context=after pfnFreeFile [D:\Steam\steamapps\common\Half-Life\valve\sound\sentences.txt]]]
[2026-03-29 22:33:25.728] [info][general] Worldspawn trace: #462 map=c0a0 edict#0 classname=worldspawn pfnRandomLong [low=0, high=11, result=11, return=0x72A609A6, context=after pfnRandomLong [low=0, high=6, result=2, return=0x72A60999, context=after pfnFreeFile [D:\Steam\steamapps\common\Half-Life\valve\sound\sentences.txt]]]
[2026-03-29 22:33:25.728] [info][general] hl.dll engine callback: pfnRandomLong [low=0, high=11, result=11, return=0x72A609A6, context=after pfnRandomLong [low=0, high=6, result=2, return=0x72A60999, context=after pfnFreeFile [D:\Steam\steamapps\common\Half-Life\valve\sound\sentences.txt]]]
[2026-03-29 22:33:25.728] [info][general] Worldspawn trace: #463 map=c0a0 edict#0 classname=worldspawn pfnRandomLong [low=0, high=11, result=10, return=0x72A60999, context=after pfnRandomLong [low=0, high=6, result=2, return=0x72A60999, context=after pfnFreeFile [D:\Steam\steamapps\common\Half-Life\valve\sound\sentences.txt]]]
[2026-03-29 22:33:25.728] [info][general] hl.dll engine callback: pfnRandomLong [low=0, high=11, result=10, return=0x72A60999, context=after pfnRandomLong [low=0, high=6, result=2, return=0x72A60999, context=after pfnFreeFile [D:\Steam\steamapps\common\Half-Life\valve\sound\sentences.txt]]]
[2026-03-29 22:33:25.728] [info][general] Worldspawn trace: #464 map=c0a0 edict#0 classname=worldspawn pfnRandomLong [low=0, high=11, result=1, return=0x72A609A6, context=after pfnRandomLong [low=0, high=6, result=2, return=0x72A60999, context=after pfnFreeFile [D:\Steam\steamapps\common\Half-Life\valve\sound\sentences.txt]]]
[2026-03-29 22:33:25.729] [info][general] hl.dll engine callback: pfnRandomLong [low=0, high=11, result=1, return=0x72A609A6, context=after pfnRandomLong [low=0, high=6, result=2, return=0x72A60999, context=after pfnFreeFile [D:\Steam\steamapps\common\Half-Life\valve\sound\sentences.txt]]]
[2026-03-29 22:33:25.729] [info][general] Worldspawn trace: #465 map=c0a0 edict#0 classname=worldspawn pfnRandomLong [low=0, high=11, result=0, return=0x72A60999, context=after pfnRandomLong [low=0, high=6, result=2, return=0x72A60999, context=after pfnFreeFile [D:\Steam\steamapps\common\Half-Life\valve\sound\sentences.txt]]]
[2026-03-29 22:33:25.729] [info][general] hl.dll engine callback: pfnRandomLong [low=0, high=11, result=0, return=0x72A60999, context=after pfnRandomLong [low=0, high=6, result=2, return=0x72A60999, context=after pfnFreeFile [D:\Steam\steamapps\common\Half-Life\valve\sound\sentences.txt]]]
[2026-03-29 22:33:25.729] [info][general] Worldspawn trace: #466 map=c0a0 edict#0 classname=worldspawn pfnRandomLong [low=0, high=11, result=3, return=0x72A609A6, context=after pfnRandomLong [low=0, high=6, result=2, return=0x72A60999, context=after pfnFreeFile [D:\Steam\steamapps\common\Half-Life\valve\sound\sentences.txt]]]
[2026-03-29 22:33:25.729] [info][general] hl.dll engine callback: pfnRandomLong [low=0, high=11, result=3, return=0x72A609A6, context=after pfnRandomLong [low=0, high=6, result=2, return=0x72A60999, context=after pfnFreeFile [D:\Steam\steamapps\common\Half-Life\valve\sound\sentences.txt]]]
[2026-03-29 22:33:25.730] [info][general] Worldspawn trace: #467 map=c0a0 edict#0 classname=worldspawn pfnRandomLong [low=0, high=11, result=6, return=0x72A60999, context=after pfnRandomLong [low=0, high=6, result=2, return=0x72A60999, context=after pfnFreeFile [D:\Steam\steamapps\common\Half-Life\valve\sound\sentences.txt]]]
[2026-03-29 22:33:25.730] [info][general] hl.dll engine callback: pfnRandomLong [low=0, high=11, result=6, return=0x72A60999, context=after pfnRandomLong [low=0, high=6, result=2, return=0x72A60999, context=after pfnFreeFile [D:\Steam\steamapps\common\Half-Life\valve\sound\sentences.txt]]]
[2026-03-29 22:33:25.730] [info][general] Worldspawn trace: #468 map=c0a0 edict#0 classname=worldspawn pfnRandomLong [low=0, high=11, result=1, return=0x72A609A6, context=after pfnRandomLong [low=0, high=6, result=2, return=0x72A60999, context=after pfnFreeFile [D:\Steam\steamapps\common\Half-Life\valve\sound\sentences.txt]]]
[2026-03-29 22:33:25.730] [info][general] hl.dll engine callback: pfnRandomLong [low=0, high=11, result=1, return=0x72A609A6, context=after pfnRandomLong [low=0, high=6, result=2, return=0x72A60999, context=after pfnFreeFile [D:\Steam\steamapps\common\Half-Life\valve\sound\sentences.txt]]]
[2026-03-29 22:33:25.730] [info][general] Worldspawn trace: #469 map=c0a0 edict#0 classname=worldspawn pfnRandomLong [low=0, high=11, result=0, return=0x72A60999, context=after pfnRandomLong [low=0, high=6, result=2, return=0x72A60999, context=after pfnFreeFile [D:\Steam\steamapps\common\Half-Life\valve\sound\sentences.txt]]]
[2026-03-29 22:33:25.731] [info][general] hl.dll engine callback: pfnRandomLong [low=0, high=11, result=0, return=0x72A60999, context=after pfnRandomLong [low=0, high=6, result=2, return=0x72A60999, context=after pfnFreeFile [D:\Steam\steamapps\common\Half-Life\valve\sound\sentences.txt]]]
[2026-03-29 22:33:25.731] [info][general] Worldspawn trace: #470 map=c0a0 edict#0 classname=worldspawn pfnRandomLong [low=0, high=11, result=11, return=0x72A609A6, context=after pfnRandomLong [low=0, high=6, result=2, return=0x72A60999, context=after pfnFreeFile [D:\Steam\steamapps\common\Half-Life\valve\sound\sentences.txt]]]
[2026-03-29 22:33:25.731] [info][general] hl.dll engine callback: pfnRandomLong [low=0, high=11, result=11, return=0x72A609A6, context=after pfnRandomLong [low=0, high=6, result=2, return=0x72A60999, context=after pfnFreeFile [D:\Steam\steamapps\common\Half-Life\valve\sound\sentences.txt]]]
[2026-03-29 22:33:25.731] [info][general] Worldspawn trace: #471 map=c0a0 edict#0 classname=worldspawn pfnRandomLong [low=0, high=11, result=6, return=0x72A60999, context=after pfnRandomLong [low=0, high=6, result=2, return=0x72A60999, context=after pfnFreeFile [D:\Steam\steamapps\common\Half-Life\valve\sound\sentences.txt]]]
[2026-03-29 22:33:25.731] [info][general] hl.dll engine callback: pfnRandomLong [low=0, high=11, result=6, return=0x72A60999, context=after pfnRandomLong [low=0, high=6, result=2, return=0x72A60999, context=after pfnFreeFile [D:\Steam\steamapps\common\Half-Life\valve\sound\sentences.txt]]]
[2026-03-29 22:33:25.733] [info][general] Worldspawn trace: #472 map=c0a0 edict#0 classname=worldspawn pfnRandomLong [low=0, high=11, result=1, return=0x72A609A6, context=after pfnRandomLong [low=0, high=6, result=2, return=0x72A60999, context=after pfnFreeFile [D:\Steam\steamapps\common\Half-Life\valve\sound\sentences.txt]]]
[2026-03-29 22:33:25.733] [info][general] hl.dll engine callback: pfnRandomLong [low=0, high=11, result=1, return=0x72A609A6, context=after pfnRandomLong [low=0, high=6, result=2, return=0x72A60999, context=after pfnFreeFile [D:\Steam\steamapps\common\Half-Life\valve\sound\sentences.txt]]]
[2026-03-29 22:33:25.733] [info][general] Worldspawn trace: #473 map=c0a0 edict#0 classname=worldspawn pfnRandomLong [low=0, high=11, result=8, return=0x72A60999, context=after pfnRandomLong [low=0, high=6, result=2, return=0x72A60999, context=after pfnFreeFile [D:\Steam\steamapps\common\Half-Life\valve\sound\sentences.txt]]]
[2026-03-29 22:33:25.734] [info][general] hl.dll engine callback: pfnRandomLong [low=0, high=11, result=8, return=0x72A60999, context=after pfnRandomLong [low=0, high=6, result=2, return=0x72A60999, context=after pfnFreeFile [D:\Steam\steamapps\common\Half-Life\valve\sound\sentences.txt]]]
[2026-03-29 22:33:25.734] [info][general] Worldspawn trace: #474 map=c0a0 edict#0 classname=worldspawn pfnRandomLong [low=0, high=11, result=3, return=0x72A609A6, context=after pfnRandomLong [low=0, high=6, result=2, return=0x72A60999, context=after pfnFreeFile [D:\Steam\steamapps\common\Half-Life\valve\sound\sentences.txt]]]
[2026-03-29 22:33:25.734] [info][general] hl.dll engine callback: pfnRandomLong [low=0, high=11, result=3, return=0x72A609A6, context=after pfnRandomLong [low=0, high=6, result=2, return=0x72A60999, context=after pfnFreeFile [D:\Steam\steamapps\common\Half-Life\valve\sound\sentences.txt]]]
[2026-03-29 22:33:25.734] [info][general] Worldspawn trace: #475 map=c0a0 edict#0 classname=worldspawn pfnRandomLong [low=0, high=11, result=2, return=0x72A60999, context=after pfnRandomLong [low=0, high=6, result=2, return=0x72A60999, context=after pfnFreeFile [D:\Steam\steamapps\common\Half-Life\valve\sound\sentences.txt]]]
[2026-03-29 22:33:25.734] [info][general] hl.dll engine callback: pfnRandomLong [low=0, high=11, result=2, return=0x72A60999, context=after pfnRandomLong [low=0, high=6, result=2, return=0x72A60999, context=after pfnFreeFile [D:\Steam\steamapps\common\Half-Life\valve\sound\sentences.txt]]]
[2026-03-29 22:33:25.734] [info][general] Worldspawn trace: #476 map=c0a0 edict#0 classname=worldspawn pfnRandomLong [low=0, high=11, result=9, return=0x72A609A6, context=after pfnRandomLong [low=0, high=6, result=2, return=0x72A60999, context=after pfnFreeFile [D:\Steam\steamapps\common\Half-Life\valve\sound\sentences.txt]]]
[2026-03-29 22:33:25.735] [info][general] hl.dll engine callback: pfnRandomLong [low=0, high=11, result=9, return=0x72A609A6, context=after pfnRandomLong [low=0, high=6, result=2, return=0x72A60999, context=after pfnFreeFile [D:\Steam\steamapps\common\Half-Life\valve\sound\sentences.txt]]]
[2026-03-29 22:33:25.735] [info][general] Worldspawn trace: #477 map=c0a0 edict#0 classname=worldspawn pfnRandomLong [low=0, high=11, result=8, return=0x72A60999, context=after pfnRandomLong [low=0, high=6, result=2, return=0x72A60999, context=after pfnFreeFile [D:\Steam\steamapps\common\Half-Life\valve\sound\sentences.txt]]]
[2026-03-29 22:33:25.735] [info][general] hl.dll engine callback: pfnRandomLong [low=0, high=11, result=8, return=0x72A60999, context=after pfnRandomLong [low=0, high=6, result=2, return=0x72A60999, context=after pfnFreeFile [D:\Steam\steamapps\common\Half-Life\valve\sound\sentences.txt]]]
[2026-03-29 22:33:25.735] [info][general] Worldspawn trace: #478 map=c0a0 edict#0 classname=worldspawn pfnRandomLong [low=0, high=11, result=3, return=0x72A609A6, context=after pfnRandomLong [low=0, high=6, result=2, return=0x72A60999, context=after pfnFreeFile [D:\Steam\steamapps\common\Half-Life\valve\sound\sentences.txt]]]
[2026-03-29 22:33:25.735] [info][general] hl.dll engine callback: pfnRandomLong [low=0, high=11, result=3, return=0x72A609A6, context=after pfnRandomLong [low=0, high=6, result=2, return=0x72A60999, context=after pfnFreeFile [D:\Steam\steamapps\common\Half-Life\valve\sound\sentences.txt]]]
[2026-03-29 22:33:25.736] [info][general] Worldspawn trace: #479 map=c0a0 edict#0 classname=worldspawn pfnRandomLong [low=0, high=11, result=10, return=0x72A60999, context=after pfnRandomLong [low=0, high=6, result=2, return=0x72A60999, context=after pfnFreeFile [D:\Steam\steamapps\common\Half-Life\valve\sound\sentences.txt]]]
[2026-03-29 22:33:25.736] [info][general] hl.dll engine callback: pfnRandomLong [low=0, high=11, result=10, return=0x72A60999, context=after pfnRandomLong [low=0, high=6, result=2, return=0x72A60999, context=after pfnFreeFile [D:\Steam\steamapps\common\Half-Life\valve\sound\sentences.txt]]]
[2026-03-29 22:33:25.736] [info][general] Worldspawn trace: #480 map=c0a0 edict#0 classname=worldspawn pfnRandomLong [low=0, high=11, result=9, return=0x72A609A6, context=after pfnRandomLong [low=0, high=6, result=2, return=0x72A60999, context=after pfnFreeFile [D:\Steam\steamapps\common\Half-Life\valve\sound\sentences.txt]]]
[2026-03-29 22:33:25.736] [info][general] hl.dll engine callback: pfnRandomLong [low=0, high=11, result=9, return=0x72A609A6, context=after pfnRandomLong [low=0, high=6, result=2, return=0x72A60999, context=after pfnFreeFile [D:\Steam\steamapps\common\Half-Life\valve\sound\sentences.txt]]]
[2026-03-29 22:33:25.737] [info][general] Worldspawn trace: #481 map=c0a0 edict#0 classname=worldspawn pfnRandomLong [low=0, high=11, result=4, return=0x72A60999, context=after pfnRandomLong [low=0, high=6, result=2, return=0x72A60999, context=after pfnFreeFile [D:\Steam\steamapps\common\Half-Life\valve\sound\sentences.txt]]]
[2026-03-29 22:33:25.737] [info][general] hl.dll engine callback: pfnRandomLong [low=0, high=11, result=4, return=0x72A60999, context=after pfnRandomLong [low=0, high=6, result=2, return=0x72A60999, context=after pfnFreeFile [D:\Steam\steamapps\common\Half-Life\valve\sound\sentences.txt]]]
[2026-03-29 22:33:25.737] [info][general] Worldspawn trace: #482 map=c0a0 edict#0 classname=worldspawn pfnRandomLong [low=0, high=11, result=7, return=0x72A609A6, context=after pfnRandomLong [low=0, high=6, result=2, return=0x72A60999, context=after pfnFreeFile [D:\Steam\steamapps\common\Half-Life\valve\sound\sentences.txt]]]
[2026-03-29 22:33:25.737] [info][general] hl.dll engine callback: pfnRandomLong [low=0, high=11, result=7, return=0x72A609A6, context=after pfnRandomLong [low=0, high=6, result=2, return=0x72A60999, context=after pfnFreeFile [D:\Steam\steamapps\common\Half-Life\valve\sound\sentences.txt]]]
[2026-03-29 22:33:25.737] [info][general] Worldspawn trace: #483 map=c0a0 edict#0 classname=worldspawn pfnRandomLong [low=0, high=11, result=10, return=0x72A60999, context=after pfnRandomLong [low=0, high=6, result=2, return=0x72A60999, context=after pfnFreeFile [D:\Steam\steamapps\common\Half-Life\valve\sound\sentences.txt]]]
[2026-03-29 22:33:25.737] [info][general] hl.dll engine callback: pfnRandomLong [low=0, high=11, result=10, return=0x72A60999, context=after pfnRandomLong [low=0, high=6, result=2, return=0x72A60999, context=after pfnFreeFile [D:\Steam\steamapps\common\Half-Life\valve\sound\sentences.txt]]]
[2026-03-29 22:33:25.738] [info][general] Worldspawn trace: #484 map=c0a0 edict#0 classname=worldspawn pfnRandomLong [low=0, high=11, result=5, return=0x72A609A6, context=after pfnRandomLong [low=0, high=6, result=2, return=0x72A60999, context=after pfnFreeFile [D:\Steam\steamapps\common\Half-Life\valve\sound\sentences.txt]]]
[2026-03-29 22:33:25.738] [info][general] hl.dll engine callback: pfnRandomLong [low=0, high=11, result=5, return=0x72A609A6, context=after pfnRandomLong [low=0, high=6, result=2, return=0x72A60999, context=after pfnFreeFile [D:\Steam\steamapps\common\Half-Life\valve\sound\sentences.txt]]]
[2026-03-29 22:33:25.738] [info][general] Worldspawn trace: #485 map=c0a0 edict#0 classname=worldspawn pfnRandomLong [low=0, high=11, result=8, return=0x72A60999, context=after pfnRandomLong [low=0, high=6, result=2, return=0x72A60999, context=after pfnFreeFile [D:\Steam\steamapps\common\Half-Life\valve\sound\sentences.txt]]]
[2026-03-29 22:33:25.738] [info][general] hl.dll engine callback: pfnRandomLong [low=0, high=11, result=8, return=0x72A60999, context=after pfnRandomLong [low=0, high=6, result=2, return=0x72A60999, context=after pfnFreeFile [D:\Steam\steamapps\common\Half-Life\valve\sound\sentences.txt]]]
[2026-03-29 22:33:25.738] [info][general] Worldspawn trace: #486 map=c0a0 edict#0 classname=worldspawn pfnRandomLong [low=0, high=11, result=3, return=0x72A609A6, context=after pfnRandomLong [low=0, high=6, result=2, return=0x72A60999, context=after pfnFreeFile [D:\Steam\steamapps\common\Half-Life\valve\sound\sentences.txt]]]
[2026-03-29 22:33:25.739] [info][general] hl.dll engine callback: pfnRandomLong [low=0, high=11, result=3, return=0x72A609A6, context=after pfnRandomLong [low=0, high=6, result=2, return=0x72A60999, context=after pfnFreeFile [D:\Steam\steamapps\common\Half-Life\valve\sound\sentences.txt]]]
[2026-03-29 22:33:25.739] [info][general] Worldspawn trace: #487 map=c0a0 edict#0 classname=worldspawn pfnRandomLong [low=0, high=11, result=6, return=0x72A60999, context=after pfnRandomLong [low=0, high=6, result=2, return=0x72A60999, context=after pfnFreeFile [D:\Steam\steamapps\common\Half-Life\valve\sound\sentences.txt]]]
[2026-03-29 22:33:25.739] [info][general] hl.dll engine callback: pfnRandomLong [low=0, high=11, result=6, return=0x72A60999, context=after pfnRandomLong [low=0, high=6, result=2, return=0x72A60999, context=after pfnFreeFile [D:\Steam\steamapps\common\Half-Life\valve\sound\sentences.txt]]]
[2026-03-29 22:33:25.739] [info][general] Worldspawn trace: #488 map=c0a0 edict#0 classname=worldspawn pfnRandomLong [low=0, high=11, result=1, return=0x72A609A6, context=after pfnRandomLong [low=0, high=6, result=2, return=0x72A60999, context=after pfnFreeFile [D:\Steam\steamapps\common\Half-Life\valve\sound\sentences.txt]]]
[2026-03-29 22:33:25.740] [info][general] hl.dll engine callback: pfnRandomLong [low=0, high=11, result=1, return=0x72A609A6, context=after pfnRandomLong [low=0, high=6, result=2, return=0x72A60999, context=after pfnFreeFile [D:\Steam\steamapps\common\Half-Life\valve\sound\sentences.txt]]]
[2026-03-29 22:33:25.740] [info][general] Worldspawn trace: #489 map=c0a0 edict#0 classname=worldspawn pfnRandomLong [low=0, high=11, result=8, return=0x72A60999, context=after pfnRandomLong [low=0, high=6, result=2, return=0x72A60999, context=after pfnFreeFile [D:\Steam\steamapps\common\Half-Life\valve\sound\sentences.txt]]]
[2026-03-29 22:33:25.740] [info][general] hl.dll engine callback: pfnRandomLong [low=0, high=11, result=8, return=0x72A60999, context=after pfnRandomLong [low=0, high=6, result=2, return=0x72A60999, context=after pfnFreeFile [D:\Steam\steamapps\common\Half-Life\valve\sound\sentences.txt]]]
[2026-03-29 22:33:25.740] [info][general] Worldspawn trace: #490 map=c0a0 edict#0 classname=worldspawn pfnRandomLong [low=0, high=11, result=3, return=0x72A609A6, context=after pfnRandomLong [low=0, high=6, result=2, return=0x72A60999, context=after pfnFreeFile [D:\Steam\steamapps\common\Half-Life\valve\sound\sentences.txt]]]
[2026-03-29 22:33:25.740] [info][general] hl.dll engine callback: pfnRandomLong [low=0, high=11, result=3, return=0x72A609A6, context=after pfnRandomLong [low=0, high=6, result=2, return=0x72A60999, context=after pfnFreeFile [D:\Steam\steamapps\common\Half-Life\valve\sound\sentences.txt]]]
[2026-03-29 22:33:25.741] [info][general] Worldspawn trace: #491 map=c0a0 edict#0 classname=worldspawn pfnRandomLong [low=0, high=11, result=10, return=0x72A60999, context=after pfnRandomLong [low=0, high=6, result=2, return=0x72A60999, context=after pfnFreeFile [D:\Steam\steamapps\common\Half-Life\valve\sound\sentences.txt]]]
[2026-03-29 22:33:25.741] [info][general] hl.dll engine callback: pfnRandomLong [low=0, high=11, result=10, return=0x72A60999, context=after pfnRandomLong [low=0, high=6, result=2, return=0x72A60999, context=after pfnFreeFile [D:\Steam\steamapps\common\Half-Life\valve\sound\sentences.txt]]]
[2026-03-29 22:33:25.741] [info][general] Worldspawn trace: #492 map=c0a0 edict#0 classname=worldspawn pfnRandomLong [low=0, high=11, result=5, return=0x72A609A6, context=after pfnRandomLong [low=0, high=6, result=2, return=0x72A60999, context=after pfnFreeFile [D:\Steam\steamapps\common\Half-Life\valve\sound\sentences.txt]]]
[2026-03-29 22:33:25.741] [info][general] hl.dll engine callback: pfnRandomLong [low=0, high=11, result=5, return=0x72A609A6, context=after pfnRandomLong [low=0, high=6, result=2, return=0x72A60999, context=after pfnFreeFile [D:\Steam\steamapps\common\Half-Life\valve\sound\sentences.txt]]]
[2026-03-29 22:33:25.741] [info][general] Worldspawn trace: #493 map=c0a0 edict#0 classname=worldspawn pfnRandomLong [low=0, high=11, result=0, return=0x72A60999, context=after pfnRandomLong [low=0, high=6, result=2, return=0x72A60999, context=after pfnFreeFile [D:\Steam\steamapps\common\Half-Life\valve\sound\sentences.txt]]]
[2026-03-29 22:33:25.741] [info][general] hl.dll engine callback: pfnRandomLong [low=0, high=11, result=0, return=0x72A60999, context=after pfnRandomLong [low=0, high=6, result=2, return=0x72A60999, context=after pfnFreeFile [D:\Steam\steamapps\common\Half-Life\valve\sound\sentences.txt]]]
[2026-03-29 22:33:25.742] [info][general] Worldspawn trace: #494 map=c0a0 edict#0 classname=worldspawn pfnRandomLong [low=0, high=11, result=7, return=0x72A609A6, context=after pfnRandomLong [low=0, high=6, result=2, return=0x72A60999, context=after pfnFreeFile [D:\Steam\steamapps\common\Half-Life\valve\sound\sentences.txt]]]
[2026-03-29 22:33:25.742] [info][general] hl.dll engine callback: pfnRandomLong [low=0, high=11, result=7, return=0x72A609A6, context=after pfnRandomLong [low=0, high=6, result=2, return=0x72A60999, context=after pfnFreeFile [D:\Steam\steamapps\common\Half-Life\valve\sound\sentences.txt]]]
[2026-03-29 22:33:25.742] [info][general] Worldspawn trace: #495 map=c0a0 edict#0 classname=worldspawn pfnRandomLong [low=0, high=11, result=2, return=0x72A60999, context=after pfnRandomLong [low=0, high=6, result=2, return=0x72A60999, context=after pfnFreeFile [D:\Steam\steamapps\common\Half-Life\valve\sound\sentences.txt]]]
[2026-03-29 22:33:25.742] [info][general] hl.dll engine callback: pfnRandomLong [low=0, high=11, result=2, return=0x72A60999, context=after pfnRandomLong [low=0, high=6, result=2, return=0x72A60999, context=after pfnFreeFile [D:\Steam\steamapps\common\Half-Life\valve\sound\sentences.txt]]]
[2026-03-29 22:33:25.742] [info][general] Worldspawn trace: #496 map=c0a0 edict#0 classname=worldspawn pfnRandomLong [low=0, high=11, result=5, return=0x72A609A6, context=after pfnRandomLong [low=0, high=6, result=2, return=0x72A60999, context=after pfnFreeFile [D:\Steam\steamapps\common\Half-Life\valve\sound\sentences.txt]]]
[2026-03-29 22:33:25.743] [info][general] hl.dll engine callback: pfnRandomLong [low=0, high=11, result=5, return=0x72A609A6, context=after pfnRandomLong [low=0, high=6, result=2, return=0x72A60999, context=after pfnFreeFile [D:\Steam\steamapps\common\Half-Life\valve\sound\sentences.txt]]]
[2026-03-29 22:33:25.743] [info][general] Worldspawn trace: #497 map=c0a0 edict#0 classname=worldspawn pfnRandomLong [low=0, high=11, result=4, return=0x72A60999, context=after pfnRandomLong [low=0, high=6, result=2, return=0x72A60999, context=after pfnFreeFile [D:\Steam\steamapps\common\Half-Life\valve\sound\sentences.txt]]]
[2026-03-29 22:33:25.743] [info][general] hl.dll engine callback: pfnRandomLong [low=0, high=11, result=4, return=0x72A60999, context=after pfnRandomLong [low=0, high=6, result=2, return=0x72A60999, context=after pfnFreeFile [D:\Steam\steamapps\common\Half-Life\valve\sound\sentences.txt]]]
[2026-03-29 22:33:25.743] [info][general] Worldspawn trace: #498 map=c0a0 edict#0 classname=worldspawn pfnRandomLong [low=0, high=11, result=3, return=0x72A609A6, context=after pfnRandomLong [low=0, high=6, result=2, return=0x72A60999, context=after pfnFreeFile [D:\Steam\steamapps\common\Half-Life\valve\sound\sentences.txt]]]
[2026-03-29 22:33:25.743] [info][general] hl.dll engine callback: pfnRandomLong [low=0, high=11, result=3, return=0x72A609A6, context=after pfnRandomLong [low=0, high=6, result=2, return=0x72A60999, context=after pfnFreeFile [D:\Steam\steamapps\common\Half-Life\valve\sound\sentences.txt]]]
[2026-03-29 22:33:25.744] [info][general] Worldspawn trace: #499 map=c0a0 edict#0 classname=worldspawn pfnRandomLong [low=0, high=11, result=6, return=0x72A60999, context=after pfnRandomLong [low=0, high=6, result=2, return=0x72A60999, context=after pfnFreeFile [D:\Steam\steamapps\common\Half-Life\valve\sound\sentences.txt]]]
[2026-03-29 22:33:25.744] [info][general] hl.dll engine callback: pfnRandomLong [low=0, high=11, result=6, return=0x72A60999, context=after pfnRandomLong [low=0, high=6, result=2, return=0x72A60999, context=after pfnFreeFile [D:\Steam\steamapps\common\Half-Life\valve\sound\sentences.txt]]]
[2026-03-29 22:33:25.744] [info][general] Worldspawn trace: #500 map=c0a0 edict#0 classname=worldspawn pfnRandomLong [low=0, high=11, result=5, return=0x72A609A6, context=after pfnRandomLong [low=0, high=6, result=2, return=0x72A60999, context=after pfnFreeFile [D:\Steam\steamapps\common\Half-Life\valve\sound\sentences.txt]]]
[2026-03-29 22:33:25.744] [info][general] hl.dll engine callback: pfnRandomLong [low=0, high=11, result=5, return=0x72A609A6, context=after pfnRandomLong [low=0, high=6, result=2, return=0x72A60999, context=after pfnFreeFile [D:\Steam\steamapps\common\Half-Life\valve\sound\sentences.txt]]]
[2026-03-29 22:33:25.744] [info][general] Worldspawn trace: #501 map=c0a0 edict#0 classname=worldspawn pfnRandomLong [low=0, high=11, result=0, return=0x72A60999, context=after pfnRandomLong [low=0, high=6, result=2, return=0x72A60999, context=after pfnFreeFile [D:\Steam\steamapps\common\Half-Life\valve\sound\sentences.txt]]]
[2026-03-29 22:33:25.744] [info][general] hl.dll engine callback: pfnRandomLong [low=0, high=11, result=0, return=0x72A60999, context=after pfnRandomLong [low=0, high=6, result=2, return=0x72A60999, context=after pfnFreeFile [D:\Steam\steamapps\common\Half-Life\valve\sound\sentences.txt]]]
[2026-03-29 22:33:25.745] [info][general] Worldspawn trace: #502 map=c0a0 edict#0 classname=worldspawn pfnRandomLong [low=0, high=11, result=7, return=0x72A609A6, context=after pfnRandomLong [low=0, high=6, result=2, return=0x72A60999, context=after pfnFreeFile [D:\Steam\steamapps\common\Half-Life\valve\sound\sentences.txt]]]
[2026-03-29 22:33:25.745] [info][general] hl.dll engine callback: pfnRandomLong [low=0, high=11, result=7, return=0x72A609A6, context=after pfnRandomLong [low=0, high=6, result=2, return=0x72A60999, context=after pfnFreeFile [D:\Steam\steamapps\common\Half-Life\valve\sound\sentences.txt]]]
[2026-03-29 22:33:25.745] [info][general] Worldspawn trace: #503 map=c0a0 edict#0 classname=worldspawn pfnRandomLong [low=0, high=11, result=6, return=0x72A60999, context=after pfnRandomLong [low=0, high=6, result=2, return=0x72A60999, context=after pfnFreeFile [D:\Steam\steamapps\common\Half-Life\valve\sound\sentences.txt]]]
[2026-03-29 22:33:25.745] [info][general] hl.dll engine callback: pfnRandomLong [low=0, high=11, result=6, return=0x72A60999, context=after pfnRandomLong [low=0, high=6, result=2, return=0x72A60999, context=after pfnFreeFile [D:\Steam\steamapps\common\Half-Life\valve\sound\sentences.txt]]]
[2026-03-29 22:33:25.745] [info][general] Worldspawn trace: #504 map=c0a0 edict#0 classname=worldspawn pfnRandomLong [low=0, high=11, result=1, return=0x72A609A6, context=after pfnRandomLong [low=0, high=6, result=2, return=0x72A60999, context=after pfnFreeFile [D:\Steam\steamapps\common\Half-Life\valve\sound\sentences.txt]]]
[2026-03-29 22:33:25.745] [info][general] hl.dll engine callback: pfnRandomLong [low=0, high=11, result=1, return=0x72A609A6, context=after pfnRandomLong [low=0, high=6, result=2, return=0x72A60999, context=after pfnFreeFile [D:\Steam\steamapps\common\Half-Life\valve\sound\sentences.txt]]]
[2026-03-29 22:33:25.746] [info][general] Worldspawn trace: #505 map=c0a0 edict#0 classname=worldspawn pfnRandomLong [low=0, high=11, result=4, return=0x72A60999, context=after pfnRandomLong [low=0, high=6, result=2, return=0x72A60999, context=after pfnFreeFile [D:\Steam\steamapps\common\Half-Life\valve\sound\sentences.txt]]]
[2026-03-29 22:33:25.746] [info][general] hl.dll engine callback: pfnRandomLong [low=0, high=11, result=4, return=0x72A60999, context=after pfnRandomLong [low=0, high=6, result=2, return=0x72A60999, context=after pfnFreeFile [D:\Steam\steamapps\common\Half-Life\valve\sound\sentences.txt]]]
[2026-03-29 22:33:25.746] [info][general] Worldspawn trace: #506 map=c0a0 edict#0 classname=worldspawn pfnRandomLong [low=0, high=11, result=11, return=0x72A609A6, context=after pfnRandomLong [low=0, high=6, result=2, return=0x72A60999, context=after pfnFreeFile [D:\Steam\steamapps\common\Half-Life\valve\sound\sentences.txt]]]
[2026-03-29 22:33:25.746] [info][general] hl.dll engine callback: pfnRandomLong [low=0, high=11, result=11, return=0x72A609A6, context=after pfnRandomLong [low=0, high=6, result=2, return=0x72A60999, context=after pfnFreeFile [D:\Steam\steamapps\common\Half-Life\valve\sound\sentences.txt]]]
[2026-03-29 22:33:25.746] [info][general] Worldspawn trace: #507 map=c0a0 edict#0 classname=worldspawn pfnRandomLong [low=0, high=11, result=10, return=0x72A60999, context=after pfnRandomLong [low=0, high=6, result=2, return=0x72A60999, context=after pfnFreeFile [D:\Steam\steamapps\common\Half-Life\valve\sound\sentences.txt]]]
[2026-03-29 22:33:25.747] [info][general] hl.dll engine callback: pfnRandomLong [low=0, high=11, result=10, return=0x72A60999, context=after pfnRandomLong [low=0, high=6, result=2, return=0x72A60999, context=after pfnFreeFile [D:\Steam\steamapps\common\Half-Life\valve\sound\sentences.txt]]]
[2026-03-29 22:33:25.747] [info][general] Worldspawn trace: #508 map=c0a0 edict#0 classname=worldspawn pfnRandomLong [low=0, high=11, result=1, return=0x72A609A6, context=after pfnRandomLong [low=0, high=6, result=2, return=0x72A60999, context=after pfnFreeFile [D:\Steam\steamapps\common\Half-Life\valve\sound\sentences.txt]]]
[2026-03-29 22:33:25.747] [info][general] hl.dll engine callback: pfnRandomLong [low=0, high=11, result=1, return=0x72A609A6, context=after pfnRandomLong [low=0, high=6, result=2, return=0x72A60999, context=after pfnFreeFile [D:\Steam\steamapps\common\Half-Life\valve\sound\sentences.txt]]]
[2026-03-29 22:33:25.747] [info][general] Worldspawn trace: #509 map=c0a0 edict#0 classname=worldspawn pfnRandomLong [low=0, high=11, result=0, return=0x72A60999, context=after pfnRandomLong [low=0, high=6, result=2, return=0x72A60999, context=after pfnFreeFile [D:\Steam\steamapps\common\Half-Life\valve\sound\sentences.txt]]]
[2026-03-29 22:33:25.747] [info][general] hl.dll engine callback: pfnRandomLong [low=0, high=11, result=0, return=0x72A60999, context=after pfnRandomLong [low=0, high=6, result=2, return=0x72A60999, context=after pfnFreeFile [D:\Steam\steamapps\common\Half-Life\valve\sound\sentences.txt]]]
[2026-03-29 22:33:25.748] [info][general] Worldspawn trace: #510 map=c0a0 edict#0 classname=worldspawn pfnRandomLong [low=0, high=11, result=11, return=0x72A609A6, context=after pfnRandomLong [low=0, high=6, result=2, return=0x72A60999, context=after pfnFreeFile [D:\Steam\steamapps\common\Half-Life\valve\sound\sentences.txt]]]
[2026-03-29 22:33:25.748] [info][general] hl.dll engine callback: pfnRandomLong [low=0, high=11, result=11, return=0x72A609A6, context=after pfnRandomLong [low=0, high=6, result=2, return=0x72A60999, context=after pfnFreeFile [D:\Steam\steamapps\common\Half-Life\valve\sound\sentences.txt]]]
[2026-03-29 22:33:25.748] [info][general] Worldspawn trace: #511 map=c0a0 edict#0 classname=worldspawn pfnRandomLong [low=0, high=11, result=2, return=0x72A60999, context=after pfnRandomLong [low=0, high=6, result=2, return=0x72A60999, context=after pfnFreeFile [D:\Steam\steamapps\common\Half-Life\valve\sound\sentences.txt]]]
[2026-03-29 22:33:25.748] [info][general] hl.dll engine callback: pfnRandomLong [low=0, high=11, result=2, return=0x72A60999, context=after pfnRandomLong [low=0, high=6, result=2, return=0x72A60999, context=after pfnFreeFile [D:\Steam\steamapps\common\Half-Life\valve\sound\sentences.txt]]]
[2026-03-29 22:33:25.748] [info][general] Worldspawn trace: #512 map=c0a0 edict#0 classname=worldspawn pfnRandomLong [low=0, high=11, result=5, return=0x72A609A6, context=after pfnRandomLong [low=0, high=6, result=2, return=0x72A60999, context=after pfnFreeFile [D:\Steam\steamapps\common\Half-Life\valve\sound\sentences.txt]]]
[2026-03-29 22:33:25.749] [info][general] hl.dll engine callback: pfnRandomLong [low=0, high=11, result=5, return=0x72A609A6, context=after pfnRandomLong [low=0, high=6, result=2, return=0x72A60999, context=after pfnFreeFile [D:\Steam\steamapps\common\Half-Life\valve\sound\sentences.txt]]]
[2026-03-29 22:33:25.749] [info][general] Worldspawn trace: #513 map=c0a0 edict#0 classname=worldspawn pfnRandomLong [low=0, high=11, result=4, return=0x72A60999, context=after pfnRandomLong [low=0, high=6, result=2, return=0x72A60999, context=after pfnFreeFile [D:\Steam\steamapps\common\Half-Life\valve\sound\sentences.txt]]]
[2026-03-29 22:33:25.749] [info][general] hl.dll engine callback: pfnRandomLong [low=0, high=11, result=4, return=0x72A60999, context=after pfnRandomLong [low=0, high=6, result=2, return=0x72A60999, context=after pfnFreeFile [D:\Steam\steamapps\common\Half-Life\valve\sound\sentences.txt]]]
[2026-03-29 22:33:25.749] [info][general] Worldspawn trace: #514 map=c0a0 edict#0 classname=worldspawn pfnRandomLong [low=0, high=11, result=7, return=0x72A609A6, context=after pfnRandomLong [low=0, high=6, result=2, return=0x72A60999, context=after pfnFreeFile [D:\Steam\steamapps\common\Half-Life\valve\sound\sentences.txt]]]
[2026-03-29 22:33:25.749] [info][general] hl.dll engine callback: pfnRandomLong [low=0, high=11, result=7, return=0x72A609A6, context=after pfnRandomLong [low=0, high=6, result=2, return=0x72A60999, context=after pfnFreeFile [D:\Steam\steamapps\common\Half-Life\valve\sound\sentences.txt]]]
[2026-03-29 22:33:25.749] [info][general] Worldspawn trace: #515 map=c0a0 edict#0 classname=worldspawn pfnRandomLong [low=0, high=11, result=6, return=0x72A60999, context=after pfnRandomLong [low=0, high=6, result=2, return=0x72A60999, context=after pfnFreeFile [D:\Steam\steamapps\common\Half-Life\valve\sound\sentences.txt]]]
[2026-03-29 22:33:25.750] [info][general] hl.dll engine callback: pfnRandomLong [low=0, high=11, result=6, return=0x72A60999, context=after pfnRandomLong [low=0, high=6, result=2, return=0x72A60999, context=after pfnFreeFile [D:\Steam\steamapps\common\Half-Life\valve\sound\sentences.txt]]]
[2026-03-29 22:33:25.750] [info][general] Worldspawn trace: #516 map=c0a0 edict#0 classname=worldspawn pfnRandomLong [low=0, high=11, result=5, return=0x72A609A6, context=after pfnRandomLong [low=0, high=6, result=2, return=0x72A60999, context=after pfnFreeFile [D:\Steam\steamapps\common\Half-Life\valve\sound\sentences.txt]]]
[2026-03-29 22:33:25.750] [info][general] hl.dll engine callback: pfnRandomLong [low=0, high=11, result=5, return=0x72A609A6, context=after pfnRandomLong [low=0, high=6, result=2, return=0x72A60999, context=after pfnFreeFile [D:\Steam\steamapps\common\Half-Life\valve\sound\sentences.txt]]]
[2026-03-29 22:33:25.750] [info][general] Worldspawn trace: #517 map=c0a0 edict#0 classname=worldspawn pfnRandomLong [low=0, high=11, result=8, return=0x72A60999, context=after pfnRandomLong [low=0, high=6, result=2, return=0x72A60999, context=after pfnFreeFile [D:\Steam\steamapps\common\Half-Life\valve\sound\sentences.txt]]]
[2026-03-29 22:33:25.750] [info][general] hl.dll engine callback: pfnRandomLong [low=0, high=11, result=8, return=0x72A60999, context=after pfnRandomLong [low=0, high=6, result=2, return=0x72A60999, context=after pfnFreeFile [D:\Steam\steamapps\common\Half-Life\valve\sound\sentences.txt]]]
[2026-03-29 22:33:25.751] [info][general] Worldspawn trace: #518 map=c0a0 edict#0 classname=worldspawn pfnRandomLong [low=0, high=11, result=7, return=0x72A609A6, context=after pfnRandomLong [low=0, high=6, result=2, return=0x72A60999, context=after pfnFreeFile [D:\Steam\steamapps\common\Half-Life\valve\sound\sentences.txt]]]
[2026-03-29 22:33:25.751] [info][general] hl.dll engine callback: pfnRandomLong [low=0, high=11, result=7, return=0x72A609A6, context=after pfnRandomLong [low=0, high=6, result=2, return=0x72A60999, context=after pfnFreeFile [D:\Steam\steamapps\common\Half-Life\valve\sound\sentences.txt]]]
[2026-03-29 22:33:25.751] [info][general] Worldspawn trace: #519 map=c0a0 edict#0 classname=worldspawn pfnRandomLong [low=0, high=11, result=2, return=0x72A60999, context=after pfnRandomLong [low=0, high=6, result=2, return=0x72A60999, context=after pfnFreeFile [D:\Steam\steamapps\common\Half-Life\valve\sound\sentences.txt]]]
[2026-03-29 22:33:25.751] [info][general] hl.dll engine callback: pfnRandomLong [low=0, high=11, result=2, return=0x72A60999, context=after pfnRandomLong [low=0, high=6, result=2, return=0x72A60999, context=after pfnFreeFile [D:\Steam\steamapps\common\Half-Life\valve\sound\sentences.txt]]]
[2026-03-29 22:33:25.751] [info][general] Worldspawn trace: #520 map=c0a0 edict#0 classname=worldspawn pfnRandomLong [low=0, high=11, result=5, return=0x72A609A6, context=after pfnRandomLong [low=0, high=6, result=2, return=0x72A60999, context=after pfnFreeFile [D:\Steam\steamapps\common\Half-Life\valve\sound\sentences.txt]]]
[2026-03-29 22:33:25.752] [info][general] hl.dll engine callback: pfnRandomLong [low=0, high=11, result=5, return=0x72A609A6, context=after pfnRandomLong [low=0, high=6, result=2, return=0x72A60999, context=after pfnFreeFile [D:\Steam\steamapps\common\Half-Life\valve\sound\sentences.txt]]]
[2026-03-29 22:33:25.752] [info][general] Worldspawn trace: #521 map=c0a0 edict#0 classname=worldspawn pfnRandomLong [low=0, high=11, result=4, return=0x72A60999, context=after pfnRandomLong [low=0, high=6, result=2, return=0x72A60999, context=after pfnFreeFile [D:\Steam\steamapps\common\Half-Life\valve\sound\sentences.txt]]]
[2026-03-29 22:33:25.752] [info][general] hl.dll engine callback: pfnRandomLong [low=0, high=11, result=4, return=0x72A60999, context=after pfnRandomLong [low=0, high=6, result=2, return=0x72A60999, context=after pfnFreeFile [D:\Steam\steamapps\common\Half-Life\valve\sound\sentences.txt]]]
[2026-03-29 22:33:25.752] [info][general] Worldspawn trace: #522 map=c0a0 edict#0 classname=worldspawn pfnRandomLong [low=0, high=11, result=7, return=0x72A609A6, context=after pfnRandomLong [low=0, high=6, result=2, return=0x72A60999, context=after pfnFreeFile [D:\Steam\steamapps\common\Half-Life\valve\sound\sentences.txt]]]
[2026-03-29 22:33:25.752] [info][general] hl.dll engine callback: pfnRandomLong [low=0, high=11, result=7, return=0x72A609A6, context=after pfnRandomLong [low=0, high=6, result=2, return=0x72A60999, context=after pfnFreeFile [D:\Steam\steamapps\common\Half-Life\valve\sound\sentences.txt]]]
[2026-03-29 22:33:25.752] [info][general] Worldspawn trace: #523 map=c0a0 edict#0 classname=worldspawn pfnRandomLong [low=0, high=11, result=6, return=0x72A60999, context=after pfnRandomLong [low=0, high=6, result=2, return=0x72A60999, context=after pfnFreeFile [D:\Steam\steamapps\common\Half-Life\valve\sound\sentences.txt]]]
[2026-03-29 22:33:25.753] [info][general] hl.dll engine callback: pfnRandomLong [low=0, high=11, result=6, return=0x72A60999, context=after pfnRandomLong [low=0, high=6, result=2, return=0x72A60999, context=after pfnFreeFile [D:\Steam\steamapps\common\Half-Life\valve\sound\sentences.txt]]]
[2026-03-29 22:33:25.753] [info][general] Worldspawn trace: #524 map=c0a0 edict#0 classname=worldspawn pfnRandomLong [low=0, high=11, result=9, return=0x72A609A6, context=after pfnRandomLong [low=0, high=6, result=2, return=0x72A60999, context=after pfnFreeFile [D:\Steam\steamapps\common\Half-Life\valve\sound\sentences.txt]]]
[2026-03-29 22:33:25.753] [info][general] hl.dll engine callback: pfnRandomLong [low=0, high=11, result=9, return=0x72A609A6, context=after pfnRandomLong [low=0, high=6, result=2, return=0x72A60999, context=after pfnFreeFile [D:\Steam\steamapps\common\Half-Life\valve\sound\sentences.txt]]]
[2026-03-29 22:33:25.753] [info][general] Worldspawn trace: #525 map=c0a0 edict#0 classname=worldspawn pfnRandomLong [low=0, high=11, result=4, return=0x72A60999, context=after pfnRandomLong [low=0, high=6, result=2, return=0x72A60999, context=after pfnFreeFile [D:\Steam\steamapps\common\Half-Life\valve\sound\sentences.txt]]]
[2026-03-29 22:33:25.753] [info][general] hl.dll engine callback: pfnRandomLong [low=0, high=11, result=4, return=0x72A60999, context=after pfnRandomLong [low=0, high=6, result=2, return=0x72A60999, context=after pfnFreeFile [D:\Steam\steamapps\common\Half-Life\valve\sound\sentences.txt]]]
[2026-03-29 22:33:25.754] [info][general] Worldspawn trace: #526 map=c0a0 edict#0 classname=worldspawn pfnRandomLong [low=0, high=11, result=11, return=0x72A609A6, context=after pfnRandomLong [low=0, high=6, result=2, return=0x72A60999, context=after pfnFreeFile [D:\Steam\steamapps\common\Half-Life\valve\sound\sentences.txt]]]
[2026-03-29 22:33:25.754] [info][general] hl.dll engine callback: pfnRandomLong [low=0, high=11, result=11, return=0x72A609A6, context=after pfnRandomLong [low=0, high=6, result=2, return=0x72A60999, context=after pfnFreeFile [D:\Steam\steamapps\common\Half-Life\valve\sound\sentences.txt]]]
[2026-03-29 22:33:25.754] [info][general] Worldspawn trace: #527 map=c0a0 edict#0 classname=worldspawn pfnRandomLong [low=0, high=11, result=10, return=0x72A60999, context=after pfnRandomLong [low=0, high=6, result=2, return=0x72A60999, context=after pfnFreeFile [D:\Steam\steamapps\common\Half-Life\valve\sound\sentences.txt]]]
[2026-03-29 22:33:25.754] [info][general] hl.dll engine callback: pfnRandomLong [low=0, high=11, result=10, return=0x72A60999, context=after pfnRandomLong [low=0, high=6, result=2, return=0x72A60999, context=after pfnFreeFile [D:\Steam\steamapps\common\Half-Life\valve\sound\sentences.txt]]]
[2026-03-29 22:33:25.755] [info][general] Worldspawn trace: #528 map=c0a0 edict#0 classname=worldspawn pfnRandomLong [low=0, high=11, result=5, return=0x72A609A6, context=after pfnRandomLong [low=0, high=6, result=2, return=0x72A60999, context=after pfnFreeFile [D:\Steam\steamapps\common\Half-Life\valve\sound\sentences.txt]]]
[2026-03-29 22:33:25.755] [info][general] hl.dll engine callback: pfnRandomLong [low=0, high=11, result=5, return=0x72A609A6, context=after pfnRandomLong [low=0, high=6, result=2, return=0x72A60999, context=after pfnFreeFile [D:\Steam\steamapps\common\Half-Life\valve\sound\sentences.txt]]]
[2026-03-29 22:33:25.755] [info][general] Worldspawn trace: #529 map=c0a0 edict#0 classname=worldspawn pfnRandomLong [low=0, high=11, result=4, return=0x72A60999, context=after pfnRandomLong [low=0, high=6, result=2, return=0x72A60999, context=after pfnFreeFile [D:\Steam\steamapps\common\Half-Life\valve\sound\sentences.txt]]]
[2026-03-29 22:33:25.755] [info][general] hl.dll engine callback: pfnRandomLong [low=0, high=11, result=4, return=0x72A60999, context=after pfnRandomLong [low=0, high=6, result=2, return=0x72A60999, context=after pfnFreeFile [D:\Steam\steamapps\common\Half-Life\valve\sound\sentences.txt]]]
[2026-03-29 22:33:25.756] [info][general] Worldspawn trace: #530 map=c0a0 edict#0 classname=worldspawn pfnRandomLong [low=0, high=11, result=7, return=0x72A609A6, context=after pfnRandomLong [low=0, high=6, result=2, return=0x72A60999, context=after pfnFreeFile [D:\Steam\steamapps\common\Half-Life\valve\sound\sentences.txt]]]
[2026-03-29 22:33:25.756] [info][general] hl.dll engine callback: pfnRandomLong [low=0, high=11, result=7, return=0x72A609A6, context=after pfnRandomLong [low=0, high=6, result=2, return=0x72A60999, context=after pfnFreeFile [D:\Steam\steamapps\common\Half-Life\valve\sound\sentences.txt]]]
[2026-03-29 22:33:25.756] [info][general] Worldspawn trace: #531 map=c0a0 edict#0 classname=worldspawn pfnRandomLong [low=0, high=11, result=6, return=0x72A60999, context=after pfnRandomLong [low=0, high=6, result=2, return=0x72A60999, context=after pfnFreeFile [D:\Steam\steamapps\common\Half-Life\valve\sound\sentences.txt]]]
[2026-03-29 22:33:25.756] [info][general] hl.dll engine callback: pfnRandomLong [low=0, high=11, result=6, return=0x72A60999, context=after pfnRandomLong [low=0, high=6, result=2, return=0x72A60999, context=after pfnFreeFile [D:\Steam\steamapps\common\Half-Life\valve\sound\sentences.txt]]]
[2026-03-29 22:33:25.756] [info][general] Worldspawn trace: #532 map=c0a0 edict#0 classname=worldspawn pfnRandomLong [low=0, high=11, result=9, return=0x72A609A6, context=after pfnRandomLong [low=0, high=6, result=2, return=0x72A60999, context=after pfnFreeFile [D:\Steam\steamapps\common\Half-Life\valve\sound\sentences.txt]]]
[2026-03-29 22:33:25.757] [info][general] hl.dll engine callback: pfnRandomLong [low=0, high=11, result=9, return=0x72A609A6, context=after pfnRandomLong [low=0, high=6, result=2, return=0x72A60999, context=after pfnFreeFile [D:\Steam\steamapps\common\Half-Life\valve\sound\sentences.txt]]]
[2026-03-29 22:33:25.757] [info][general] Worldspawn trace: #533 map=c0a0 edict#0 classname=worldspawn pfnRandomLong [low=0, high=11, result=8, return=0x72A60999, context=after pfnRandomLong [low=0, high=6, result=2, return=0x72A60999, context=after pfnFreeFile [D:\Steam\steamapps\common\Half-Life\valve\sound\sentences.txt]]]
[2026-03-29 22:33:25.757] [info][general] hl.dll engine callback: pfnRandomLong [low=0, high=11, result=8, return=0x72A60999, context=after pfnRandomLong [low=0, high=6, result=2, return=0x72A60999, context=after pfnFreeFile [D:\Steam\steamapps\common\Half-Life\valve\sound\sentences.txt]]]
[2026-03-29 22:33:25.757] [info][general] Worldspawn trace: #534 map=c0a0 edict#0 classname=worldspawn pfnRandomLong [low=0, high=11, result=3, return=0x72A609A6, context=after pfnRandomLong [low=0, high=6, result=2, return=0x72A60999, context=after pfnFreeFile [D:\Steam\steamapps\common\Half-Life\valve\sound\sentences.txt]]]
[2026-03-29 22:33:25.758] [info][general] hl.dll engine callback: pfnRandomLong [low=0, high=11, result=3, return=0x72A609A6, context=after pfnRandomLong [low=0, high=6, result=2, return=0x72A60999, context=after pfnFreeFile [D:\Steam\steamapps\common\Half-Life\valve\sound\sentences.txt]]]
[2026-03-29 22:33:25.758] [info][general] Worldspawn trace: #535 map=c0a0 edict#0 classname=worldspawn pfnRandomLong [low=0, high=11, result=2, return=0x72A60999, context=after pfnRandomLong [low=0, high=6, result=2, return=0x72A60999, context=after pfnFreeFile [D:\Steam\steamapps\common\Half-Life\valve\sound\sentences.txt]]]
[2026-03-29 22:33:25.758] [info][general] hl.dll engine callback: pfnRandomLong [low=0, high=11, result=2, return=0x72A60999, context=after pfnRandomLong [low=0, high=6, result=2, return=0x72A60999, context=after pfnFreeFile [D:\Steam\steamapps\common\Half-Life\valve\sound\sentences.txt]]]
[2026-03-29 22:33:25.758] [info][general] Worldspawn trace: #536 map=c0a0 edict#0 classname=worldspawn pfnRandomLong [low=0, high=11, result=1, return=0x72A609A6, context=after pfnRandomLong [low=0, high=6, result=2, return=0x72A60999, context=after pfnFreeFile [D:\Steam\steamapps\common\Half-Life\valve\sound\sentences.txt]]]
[2026-03-29 22:33:25.758] [info][general] hl.dll engine callback: pfnRandomLong [low=0, high=11, result=1, return=0x72A609A6, context=after pfnRandomLong [low=0, high=6, result=2, return=0x72A60999, context=after pfnFreeFile [D:\Steam\steamapps\common\Half-Life\valve\sound\sentences.txt]]]
[2026-03-29 22:33:25.759] [info][general] Worldspawn trace: #537 map=c0a0 edict#0 classname=worldspawn pfnRandomLong [low=0, high=11, result=0, return=0x72A60999, context=after pfnRandomLong [low=0, high=6, result=2, return=0x72A60999, context=after pfnFreeFile [D:\Steam\steamapps\common\Half-Life\valve\sound\sentences.txt]]]
[2026-03-29 22:33:25.759] [info][general] hl.dll engine callback: pfnRandomLong [low=0, high=11, result=0, return=0x72A60999, context=after pfnRandomLong [low=0, high=6, result=2, return=0x72A60999, context=after pfnFreeFile [D:\Steam\steamapps\common\Half-Life\valve\sound\sentences.txt]]]
[2026-03-29 22:33:25.759] [info][general] Worldspawn trace: #538 map=c0a0 edict#0 classname=worldspawn pfnRandomLong [low=0, high=11, result=3, return=0x72A609A6, context=after pfnRandomLong [low=0, high=6, result=2, return=0x72A60999, context=after pfnFreeFile [D:\Steam\steamapps\common\Half-Life\valve\sound\sentences.txt]]]
[2026-03-29 22:33:25.759] [info][general] hl.dll engine callback: pfnRandomLong [low=0, high=11, result=3, return=0x72A609A6, context=after pfnRandomLong [low=0, high=6, result=2, return=0x72A60999, context=after pfnFreeFile [D:\Steam\steamapps\common\Half-Life\valve\sound\sentences.txt]]]
[2026-03-29 22:33:25.759] [info][general] Worldspawn trace: #539 map=c0a0 edict#0 classname=worldspawn pfnRandomLong [low=0, high=11, result=2, return=0x72A60999, context=after pfnRandomLong [low=0, high=6, result=2, return=0x72A60999, context=after pfnFreeFile [D:\Steam\steamapps\common\Half-Life\valve\sound\sentences.txt]]]
[2026-03-29 22:33:25.759] [info][general] hl.dll engine callback: pfnRandomLong [low=0, high=11, result=2, return=0x72A60999, context=after pfnRandomLong [low=0, high=6, result=2, return=0x72A60999, context=after pfnFreeFile [D:\Steam\steamapps\common\Half-Life\valve\sound\sentences.txt]]]
[2026-03-29 22:33:25.760] [info][general] Worldspawn trace: #540 map=c0a0 edict#0 classname=worldspawn pfnRandomLong [low=0, high=11, result=1, return=0x72A609A6, context=after pfnRandomLong [low=0, high=6, result=2, return=0x72A60999, context=after pfnFreeFile [D:\Steam\steamapps\common\Half-Life\valve\sound\sentences.txt]]]
[2026-03-29 22:33:25.760] [info][general] hl.dll engine callback: pfnRandomLong [low=0, high=11, result=1, return=0x72A609A6, context=after pfnRandomLong [low=0, high=6, result=2, return=0x72A60999, context=after pfnFreeFile [D:\Steam\steamapps\common\Half-Life\valve\sound\sentences.txt]]]
[2026-03-29 22:33:25.760] [info][general] Worldspawn trace: #541 map=c0a0 edict#0 classname=worldspawn pfnRandomLong [low=0, high=11, result=8, return=0x72A60999, context=after pfnRandomLong [low=0, high=6, result=2, return=0x72A60999, context=after pfnFreeFile [D:\Steam\steamapps\common\Half-Life\valve\sound\sentences.txt]]]
[2026-03-29 22:33:25.760] [info][general] hl.dll engine callback: pfnRandomLong [low=0, high=11, result=8, return=0x72A60999, context=after pfnRandomLong [low=0, high=6, result=2, return=0x72A60999, context=after pfnFreeFile [D:\Steam\steamapps\common\Half-Life\valve\sound\sentences.txt]]]
[2026-03-29 22:33:25.760] [info][general] Worldspawn trace: #542 map=c0a0 edict#0 classname=worldspawn pfnRandomLong [low=0, high=11, result=3, return=0x72A609A6, context=after pfnRandomLong [low=0, high=6, result=2, return=0x72A60999, context=after pfnFreeFile [D:\Steam\steamapps\common\Half-Life\valve\sound\sentences.txt]]]
[2026-03-29 22:33:25.761] [info][general] hl.dll engine callback: pfnRandomLong [low=0, high=11, result=3, return=0x72A609A6, context=after pfnRandomLong [low=0, high=6, result=2, return=0x72A60999, context=after pfnFreeFile [D:\Steam\steamapps\common\Half-Life\valve\sound\sentences.txt]]]
[2026-03-29 22:33:25.761] [info][general] Worldspawn trace: #543 map=c0a0 edict#0 classname=worldspawn pfnRandomLong [low=0, high=11, result=2, return=0x72A60999, context=after pfnRandomLong [low=0, high=6, result=2, return=0x72A60999, context=after pfnFreeFile [D:\Steam\steamapps\common\Half-Life\valve\sound\sentences.txt]]]
[2026-03-29 22:33:25.761] [info][general] hl.dll engine callback: pfnRandomLong [low=0, high=11, result=2, return=0x72A60999, context=after pfnRandomLong [low=0, high=6, result=2, return=0x72A60999, context=after pfnFreeFile [D:\Steam\steamapps\common\Half-Life\valve\sound\sentences.txt]]]
[2026-03-29 22:33:25.761] [info][general] Worldspawn trace: #544 map=c0a0 edict#0 classname=worldspawn pfnRandomLong [low=0, high=11, result=1, return=0x72A609A6, context=after pfnRandomLong [low=0, high=6, result=2, return=0x72A60999, context=after pfnFreeFile [D:\Steam\steamapps\common\Half-Life\valve\sound\sentences.txt]]]
[2026-03-29 22:33:25.761] [info][general] hl.dll engine callback: pfnRandomLong [low=0, high=11, result=1, return=0x72A609A6, context=after pfnRandomLong [low=0, high=6, result=2, return=0x72A60999, context=after pfnFreeFile [D:\Steam\steamapps\common\Half-Life\valve\sound\sentences.txt]]]
[2026-03-29 22:33:25.762] [info][general] Worldspawn trace: #545 map=c0a0 edict#0 classname=worldspawn pfnRandomLong [low=0, high=6, result=2, return=0x72A60999, context=after pfnRandomLong [low=0, high=6, result=2, return=0x72A60999, context=after pfnFreeFile [D:\Steam\steamapps\common\Half-Life\valve\sound\sentences.txt]]]
[2026-03-29 22:33:25.762] [info][general] hl.dll engine callback: pfnRandomLong [low=0, high=6, result=2, return=0x72A60999, context=after pfnRandomLong [low=0, high=6, result=2, return=0x72A60999, context=after pfnFreeFile [D:\Steam\steamapps\common\Half-Life\valve\sound\sentences.txt]]]
[2026-03-29 22:33:25.762] [info][general] Worldspawn trace: #546 map=c0a0 edict#0 classname=worldspawn pfnRandomLong [low=0, high=6, result=2, return=0x72A609A6, context=after pfnRandomLong [low=0, high=6, result=2, return=0x72A60999, context=after pfnFreeFile [D:\Steam\steamapps\common\Half-Life\valve\sound\sentences.txt]]]
[2026-03-29 22:33:25.762] [info][general] hl.dll engine callback: pfnRandomLong [low=0, high=6, result=2, return=0x72A609A6, context=after pfnRandomLong [low=0, high=6, result=2, return=0x72A60999, context=after pfnFreeFile [D:\Steam\steamapps\common\Half-Life\valve\sound\sentences.txt]]]
[2026-03-29 22:33:25.762] [info][general] Worldspawn trace: #547 map=c0a0 edict#0 classname=worldspawn pfnRandomLong [low=0, high=6, result=3, return=0x72A60999, context=after pfnRandomLong [low=0, high=6, result=2, return=0x72A60999, context=after pfnFreeFile [D:\Steam\steamapps\common\Half-Life\valve\sound\sentences.txt]]]
[2026-03-29 22:33:25.763] [info][general] hl.dll engine callback: pfnRandomLong [low=0, high=6, result=3, return=0x72A60999, context=after pfnRandomLong [low=0, high=6, result=2, return=0x72A60999, context=after pfnFreeFile [D:\Steam\steamapps\common\Half-Life\valve\sound\sentences.txt]]]
[2026-03-29 22:33:25.763] [info][general] Worldspawn trace: #548 map=c0a0 edict#0 classname=worldspawn pfnRandomLong [low=0, high=6, result=0, return=0x72A609A6, context=after pfnRandomLong [low=0, high=6, result=2, return=0x72A60999, context=after pfnFreeFile [D:\Steam\steamapps\common\Half-Life\valve\sound\sentences.txt]]]
[2026-03-29 22:33:25.763] [info][general] hl.dll engine callback: pfnRandomLong [low=0, high=6, result=0, return=0x72A609A6, context=after pfnRandomLong [low=0, high=6, result=2, return=0x72A60999, context=after pfnFreeFile [D:\Steam\steamapps\common\Half-Life\valve\sound\sentences.txt]]]
[2026-03-29 22:33:25.763] [info][general] Worldspawn trace: #549 map=c0a0 edict#0 classname=worldspawn pfnRandomLong [low=0, high=6, result=4, return=0x72A60999, context=after pfnRandomLong [low=0, high=6, result=2, return=0x72A60999, context=after pfnFreeFile [D:\Steam\steamapps\common\Half-Life\valve\sound\sentences.txt]]]
[2026-03-29 22:33:25.763] [info][general] hl.dll engine callback: pfnRandomLong [low=0, high=6, result=4, return=0x72A60999, context=after pfnRandomLong [low=0, high=6, result=2, return=0x72A60999, context=after pfnFreeFile [D:\Steam\steamapps\common\Half-Life\valve\sound\sentences.txt]]]
[2026-03-29 22:33:25.763] [info][general] Worldspawn trace: #550 map=c0a0 edict#0 classname=worldspawn pfnRandomLong [low=0, high=6, result=3, return=0x72A609A6, context=after pfnRandomLong [low=0, high=6, result=2, return=0x72A60999, context=after pfnFreeFile [D:\Steam\steamapps\common\Half-Life\valve\sound\sentences.txt]]]
[2026-03-29 22:33:25.764] [info][general] hl.dll engine callback: pfnRandomLong [low=0, high=6, result=3, return=0x72A609A6, context=after pfnRandomLong [low=0, high=6, result=2, return=0x72A60999, context=after pfnFreeFile [D:\Steam\steamapps\common\Half-Life\valve\sound\sentences.txt]]]
[2026-03-29 22:33:25.764] [info][general] Worldspawn trace: #551 map=c0a0 edict#0 classname=worldspawn pfnRandomLong [low=0, high=6, result=5, return=0x72A60999, context=after pfnRandomLong [low=0, high=6, result=2, return=0x72A60999, context=after pfnFreeFile [D:\Steam\steamapps\common\Half-Life\valve\sound\sentences.txt]]]
[2026-03-29 22:33:25.764] [info][general] hl.dll engine callback: pfnRandomLong [low=0, high=6, result=5, return=0x72A60999, context=after pfnRandomLong [low=0, high=6, result=2, return=0x72A60999, context=after pfnFreeFile [D:\Steam\steamapps\common\Half-Life\valve\sound\sentences.txt]]]
[2026-03-29 22:33:25.764] [info][general] Worldspawn trace: #552 map=c0a0 edict#0 classname=worldspawn pfnRandomLong [low=0, high=6, result=3, return=0x72A609A6, context=after pfnRandomLong [low=0, high=6, result=2, return=0x72A60999, context=after pfnFreeFile [D:\Steam\steamapps\common\Half-Life\valve\sound\sentences.txt]]]
[2026-03-29 22:33:25.764] [info][general] hl.dll engine callback: pfnRandomLong [low=0, high=6, result=3, return=0x72A609A6, context=after pfnRandomLong [low=0, high=6, result=2, return=0x72A60999, context=after pfnFreeFile [D:\Steam\steamapps\common\Half-Life\valve\sound\sentences.txt]]]
[2026-03-29 22:33:25.765] [info][general] Worldspawn trace: #553 map=c0a0 edict#0 classname=worldspawn pfnRandomLong [low=0, high=6, result=6, return=0x72A60999, context=after pfnRandomLong [low=0, high=6, result=2, return=0x72A60999, context=after pfnFreeFile [D:\Steam\steamapps\common\Half-Life\valve\sound\sentences.txt]]]
[2026-03-29 22:33:25.765] [info][general] hl.dll engine callback: pfnRandomLong [low=0, high=6, result=6, return=0x72A60999, context=after pfnRandomLong [low=0, high=6, result=2, return=0x72A60999, context=after pfnFreeFile [D:\Steam\steamapps\common\Half-Life\valve\sound\sentences.txt]]]
[2026-03-29 22:33:25.765] [info][general] Worldspawn trace: #554 map=c0a0 edict#0 classname=worldspawn pfnRandomLong [low=0, high=6, result=1, return=0x72A609A6, context=after pfnRandomLong [low=0, high=6, result=2, return=0x72A60999, context=after pfnFreeFile [D:\Steam\steamapps\common\Half-Life\valve\sound\sentences.txt]]]
[2026-03-29 22:33:25.765] [info][general] hl.dll engine callback: pfnRandomLong [low=0, high=6, result=1, return=0x72A609A6, context=after pfnRandomLong [low=0, high=6, result=2, return=0x72A60999, context=after pfnFreeFile [D:\Steam\steamapps\common\Half-Life\valve\sound\sentences.txt]]]
[2026-03-29 22:33:25.765] [info][general] Worldspawn trace: #555 map=c0a0 edict#0 classname=worldspawn pfnRandomLong [low=0, high=6, result=1, return=0x72A60999, context=after pfnRandomLong [low=0, high=6, result=2, return=0x72A60999, context=after pfnFreeFile [D:\Steam\steamapps\common\Half-Life\valve\sound\sentences.txt]]]
[2026-03-29 22:33:25.766] [info][general] hl.dll engine callback: pfnRandomLong [low=0, high=6, result=1, return=0x72A60999, context=after pfnRandomLong [low=0, high=6, result=2, return=0x72A60999, context=after pfnFreeFile [D:\Steam\steamapps\common\Half-Life\valve\sound\sentences.txt]]]
[2026-03-29 22:33:25.766] [info][general] Worldspawn trace: #556 map=c0a0 edict#0 classname=worldspawn pfnRandomLong [low=0, high=6, result=4, return=0x72A609A6, context=after pfnRandomLong [low=0, high=6, result=2, return=0x72A60999, context=after pfnFreeFile [D:\Steam\steamapps\common\Half-Life\valve\sound\sentences.txt]]]
[2026-03-29 22:33:25.766] [info][general] hl.dll engine callback: pfnRandomLong [low=0, high=6, result=4, return=0x72A609A6, context=after pfnRandomLong [low=0, high=6, result=2, return=0x72A60999, context=after pfnFreeFile [D:\Steam\steamapps\common\Half-Life\valve\sound\sentences.txt]]]
[2026-03-29 22:33:25.767] [info][general] Worldspawn trace: #557 map=c0a0 edict#0 classname=worldspawn pfnRandomLong [low=0, high=6, result=3, return=0x72A60999, context=after pfnRandomLong [low=0, high=6, result=2, return=0x72A60999, context=after pfnFreeFile [D:\Steam\steamapps\common\Half-Life\valve\sound\sentences.txt]]]
[2026-03-29 22:33:25.767] [info][general] hl.dll engine callback: pfnRandomLong [low=0, high=6, result=3, return=0x72A60999, context=after pfnRandomLong [low=0, high=6, result=2, return=0x72A60999, context=after pfnFreeFile [D:\Steam\steamapps\common\Half-Life\valve\sound\sentences.txt]]]
[2026-03-29 22:33:25.767] [info][general] Worldspawn trace: #558 map=c0a0 edict#0 classname=worldspawn pfnRandomLong [low=0, high=6, result=6, return=0x72A609A6, context=after pfnRandomLong [low=0, high=6, result=2, return=0x72A60999, context=after pfnFreeFile [D:\Steam\steamapps\common\Half-Life\valve\sound\sentences.txt]]]
[2026-03-29 22:33:25.767] [info][general] hl.dll engine callback: pfnRandomLong [low=0, high=6, result=6, return=0x72A609A6, context=after pfnRandomLong [low=0, high=6, result=2, return=0x72A60999, context=after pfnFreeFile [D:\Steam\steamapps\common\Half-Life\valve\sound\sentences.txt]]]
[2026-03-29 22:33:25.767] [info][general] Worldspawn trace: #559 map=c0a0 edict#0 classname=worldspawn pfnRandomLong [low=0, high=6, result=1, return=0x72A60999, context=after pfnRandomLong [low=0, high=6, result=2, return=0x72A60999, context=after pfnFreeFile [D:\Steam\steamapps\common\Half-Life\valve\sound\sentences.txt]]]
[2026-03-29 22:33:25.768] [info][general] hl.dll engine callback: pfnRandomLong [low=0, high=6, result=1, return=0x72A60999, context=after pfnRandomLong [low=0, high=6, result=2, return=0x72A60999, context=after pfnFreeFile [D:\Steam\steamapps\common\Half-Life\valve\sound\sentences.txt]]]
[2026-03-29 22:33:25.768] [info][general] Worldspawn trace: #560 map=c0a0 edict#0 classname=worldspawn pfnRandomLong [low=0, high=6, result=1, return=0x72A609A6, context=after pfnRandomLong [low=0, high=6, result=2, return=0x72A60999, context=after pfnFreeFile [D:\Steam\steamapps\common\Half-Life\valve\sound\sentences.txt]]]
[2026-03-29 22:33:25.768] [info][general] hl.dll engine callback: pfnRandomLong [low=0, high=6, result=1, return=0x72A609A6, context=after pfnRandomLong [low=0, high=6, result=2, return=0x72A60999, context=after pfnFreeFile [D:\Steam\steamapps\common\Half-Life\valve\sound\sentences.txt]]]
[2026-03-29 22:33:25.769] [info][general] Worldspawn trace: #561 map=c0a0 edict#0 classname=worldspawn pfnRandomLong [low=0, high=6, result=2, return=0x72A60999, context=after pfnRandomLong [low=0, high=6, result=2, return=0x72A60999, context=after pfnFreeFile [D:\Steam\steamapps\common\Half-Life\valve\sound\sentences.txt]]]
[2026-03-29 22:33:25.769] [info][general] hl.dll engine callback: pfnRandomLong [low=0, high=6, result=2, return=0x72A60999, context=after pfnRandomLong [low=0, high=6, result=2, return=0x72A60999, context=after pfnFreeFile [D:\Steam\steamapps\common\Half-Life\valve\sound\sentences.txt]]]
[2026-03-29 22:33:25.769] [info][general] Worldspawn trace: #562 map=c0a0 edict#0 classname=worldspawn pfnRandomLong [low=0, high=6, result=1, return=0x72A609A6, context=after pfnRandomLong [low=0, high=6, result=2, return=0x72A60999, context=after pfnFreeFile [D:\Steam\steamapps\common\Half-Life\valve\sound\sentences.txt]]]
[2026-03-29 22:33:25.769] [info][general] hl.dll engine callback: pfnRandomLong [low=0, high=6, result=1, return=0x72A609A6, context=after pfnRandomLong [low=0, high=6, result=2, return=0x72A60999, context=after pfnFreeFile [D:\Steam\steamapps\common\Half-Life\valve\sound\sentences.txt]]]
[2026-03-29 22:33:25.769] [info][general] Worldspawn trace: #563 map=c0a0 edict#0 classname=worldspawn pfnRandomLong [low=0, high=6, result=4, return=0x72A60999, context=after pfnRandomLong [low=0, high=6, result=2, return=0x72A60999, context=after pfnFreeFile [D:\Steam\steamapps\common\Half-Life\valve\sound\sentences.txt]]]
[2026-03-29 22:33:25.770] [info][general] hl.dll engine callback: pfnRandomLong [low=0, high=6, result=4, return=0x72A60999, context=after pfnRandomLong [low=0, high=6, result=2, return=0x72A60999, context=after pfnFreeFile [D:\Steam\steamapps\common\Half-Life\valve\sound\sentences.txt]]]
[2026-03-29 22:33:25.770] [info][general] Worldspawn trace: #564 map=c0a0 edict#0 classname=worldspawn pfnRandomLong [low=0, high=6, result=1, return=0x72A609A6, context=after pfnRandomLong [low=0, high=6, result=2, return=0x72A60999, context=after pfnFreeFile [D:\Steam\steamapps\common\Half-Life\valve\sound\sentences.txt]]]
[2026-03-29 22:33:25.770] [info][general] hl.dll engine callback: pfnRandomLong [low=0, high=6, result=1, return=0x72A609A6, context=after pfnRandomLong [low=0, high=6, result=2, return=0x72A60999, context=after pfnFreeFile [D:\Steam\steamapps\common\Half-Life\valve\sound\sentences.txt]]]
[2026-03-29 22:33:25.770] [info][general] Worldspawn trace: #565 map=c0a0 edict#0 classname=worldspawn pfnRandomLong [low=0, high=6, result=5, return=0x72A60999, context=after pfnRandomLong [low=0, high=6, result=2, return=0x72A60999, context=after pfnFreeFile [D:\Steam\steamapps\common\Half-Life\valve\sound\sentences.txt]]]
[2026-03-29 22:33:25.770] [info][general] hl.dll engine callback: pfnRandomLong [low=0, high=6, result=5, return=0x72A60999, context=after pfnRandomLong [low=0, high=6, result=2, return=0x72A60999, context=after pfnFreeFile [D:\Steam\steamapps\common\Half-Life\valve\sound\sentences.txt]]]
[2026-03-29 22:33:25.771] [info][general] Worldspawn trace: #566 map=c0a0 edict#0 classname=worldspawn pfnRandomLong [low=0, high=6, result=2, return=0x72A609A6, context=after pfnRandomLong [low=0, high=6, result=2, return=0x72A60999, context=after pfnFreeFile [D:\Steam\steamapps\common\Half-Life\valve\sound\sentences.txt]]]
[2026-03-29 22:33:25.771] [info][general] hl.dll engine callback: pfnRandomLong [low=0, high=6, result=2, return=0x72A609A6, context=after pfnRandomLong [low=0, high=6, result=2, return=0x72A60999, context=after pfnFreeFile [D:\Steam\steamapps\common\Half-Life\valve\sound\sentences.txt]]]
[2026-03-29 22:33:25.771] [info][general] Worldspawn trace: #567 map=c0a0 edict#0 classname=worldspawn pfnRandomLong [low=0, high=6, result=1, return=0x72A60999, context=after pfnRandomLong [low=0, high=6, result=2, return=0x72A60999, context=after pfnFreeFile [D:\Steam\steamapps\common\Half-Life\valve\sound\sentences.txt]]]
[2026-03-29 22:33:25.771] [info][general] hl.dll engine callback: pfnRandomLong [low=0, high=6, result=1, return=0x72A60999, context=after pfnRandomLong [low=0, high=6, result=2, return=0x72A60999, context=after pfnFreeFile [D:\Steam\steamapps\common\Half-Life\valve\sound\sentences.txt]]]
[2026-03-29 22:33:25.771] [info][general] Worldspawn trace: #568 map=c0a0 edict#0 classname=worldspawn pfnRandomLong [low=0, high=6, result=1, return=0x72A609A6, context=after pfnRandomLong [low=0, high=6, result=2, return=0x72A60999, context=after pfnFreeFile [D:\Steam\steamapps\common\Half-Life\valve\sound\sentences.txt]]]
[2026-03-29 22:33:25.771] [info][general] hl.dll engine callback: pfnRandomLong [low=0, high=6, result=1, return=0x72A609A6, context=after pfnRandomLong [low=0, high=6, result=2, return=0x72A60999, context=after pfnFreeFile [D:\Steam\steamapps\common\Half-Life\valve\sound\sentences.txt]]]
[2026-03-29 22:33:25.772] [info][general] Worldspawn trace: #569 map=c0a0 edict#0 classname=worldspawn pfnRandomLong [low=0, high=6, result=4, return=0x72A60999, context=after pfnRandomLong [low=0, high=6, result=2, return=0x72A60999, context=after pfnFreeFile [D:\Steam\steamapps\common\Half-Life\valve\sound\sentences.txt]]]
[2026-03-29 22:33:25.772] [info][general] hl.dll engine callback: pfnRandomLong [low=0, high=6, result=4, return=0x72A60999, context=after pfnRandomLong [low=0, high=6, result=2, return=0x72A60999, context=after pfnFreeFile [D:\Steam\steamapps\common\Half-Life\valve\sound\sentences.txt]]]
[2026-03-29 22:33:25.772] [info][general] Worldspawn trace: #570 map=c0a0 edict#0 classname=worldspawn pfnRandomLong [low=0, high=6, result=0, return=0x72A609A6, context=after pfnRandomLong [low=0, high=6, result=2, return=0x72A60999, context=after pfnFreeFile [D:\Steam\steamapps\common\Half-Life\valve\sound\sentences.txt]]]
[2026-03-29 22:33:25.772] [info][general] hl.dll engine callback: pfnRandomLong [low=0, high=6, result=0, return=0x72A609A6, context=after pfnRandomLong [low=0, high=6, result=2, return=0x72A60999, context=after pfnFreeFile [D:\Steam\steamapps\common\Half-Life\valve\sound\sentences.txt]]]
[2026-03-29 22:33:25.772] [info][general] Worldspawn trace: #571 map=c0a0 edict#0 classname=worldspawn pfnRandomLong [low=0, high=6, result=2, return=0x72A60999, context=after pfnRandomLong [low=0, high=6, result=2, return=0x72A60999, context=after pfnFreeFile [D:\Steam\steamapps\common\Half-Life\valve\sound\sentences.txt]]]
[2026-03-29 22:33:25.772] [info][general] hl.dll engine callback: pfnRandomLong [low=0, high=6, result=2, return=0x72A60999, context=after pfnRandomLong [low=0, high=6, result=2, return=0x72A60999, context=after pfnFreeFile [D:\Steam\steamapps\common\Half-Life\valve\sound\sentences.txt]]]
[2026-03-29 22:33:25.773] [info][general] Worldspawn trace: #572 map=c0a0 edict#0 classname=worldspawn pfnRandomLong [low=0, high=6, result=3, return=0x72A609A6, context=after pfnRandomLong [low=0, high=6, result=2, return=0x72A60999, context=after pfnFreeFile [D:\Steam\steamapps\common\Half-Life\valve\sound\sentences.txt]]]
[2026-03-29 22:33:25.773] [info][general] hl.dll engine callback: pfnRandomLong [low=0, high=6, result=3, return=0x72A609A6, context=after pfnRandomLong [low=0, high=6, result=2, return=0x72A60999, context=after pfnFreeFile [D:\Steam\steamapps\common\Half-Life\valve\sound\sentences.txt]]]
[2026-03-29 22:33:25.773] [info][general] Worldspawn trace: #573 map=c0a0 edict#0 classname=worldspawn pfnRandomLong [low=0, high=6, result=6, return=0x72A60999, context=after pfnRandomLong [low=0, high=6, result=2, return=0x72A60999, context=after pfnFreeFile [D:\Steam\steamapps\common\Half-Life\valve\sound\sentences.txt]]]
[2026-03-29 22:33:25.773] [info][general] hl.dll engine callback: pfnRandomLong [low=0, high=6, result=6, return=0x72A60999, context=after pfnRandomLong [low=0, high=6, result=2, return=0x72A60999, context=after pfnFreeFile [D:\Steam\steamapps\common\Half-Life\valve\sound\sentences.txt]]]
[2026-03-29 22:33:25.774] [info][general] Worldspawn trace: #574 map=c0a0 edict#0 classname=worldspawn pfnRandomLong [low=0, high=6, result=0, return=0x72A609A6, context=after pfnRandomLong [low=0, high=6, result=2, return=0x72A60999, context=after pfnFreeFile [D:\Steam\steamapps\common\Half-Life\valve\sound\sentences.txt]]]
[2026-03-29 22:33:25.774] [info][general] hl.dll engine callback: pfnRandomLong [low=0, high=6, result=0, return=0x72A609A6, context=after pfnRandomLong [low=0, high=6, result=2, return=0x72A60999, context=after pfnFreeFile [D:\Steam\steamapps\common\Half-Life\valve\sound\sentences.txt]]]
[2026-03-29 22:33:25.774] [info][general] Worldspawn trace: #575 map=c0a0 edict#0 classname=worldspawn pfnRandomLong [low=0, high=6, result=1, return=0x72A60999, context=after pfnRandomLong [low=0, high=6, result=2, return=0x72A60999, context=after pfnFreeFile [D:\Steam\steamapps\common\Half-Life\valve\sound\sentences.txt]]]
[2026-03-29 22:33:25.774] [info][general] hl.dll engine callback: pfnRandomLong [low=0, high=6, result=1, return=0x72A60999, context=after pfnRandomLong [low=0, high=6, result=2, return=0x72A60999, context=after pfnFreeFile [D:\Steam\steamapps\common\Half-Life\valve\sound\sentences.txt]]]
[2026-03-29 22:33:25.774] [info][general] Worldspawn trace: #576 map=c0a0 edict#0 classname=worldspawn pfnRandomLong [low=0, high=6, result=4, return=0x72A609A6, context=after pfnRandomLong [low=0, high=6, result=2, return=0x72A60999, context=after pfnFreeFile [D:\Steam\steamapps\common\Half-Life\valve\sound\sentences.txt]]]
[2026-03-29 22:33:25.774] [info][general] hl.dll engine callback: pfnRandomLong [low=0, high=6, result=4, return=0x72A609A6, context=after pfnRandomLong [low=0, high=6, result=2, return=0x72A60999, context=after pfnFreeFile [D:\Steam\steamapps\common\Half-Life\valve\sound\sentences.txt]]]
[2026-03-29 22:33:25.775] [info][general] Worldspawn trace: #577 map=c0a0 edict#0 classname=worldspawn pfnRandomLong [low=0, high=6, result=6, return=0x72A60999, context=after pfnRandomLong [low=0, high=6, result=2, return=0x72A60999, context=after pfnFreeFile [D:\Steam\steamapps\common\Half-Life\valve\sound\sentences.txt]]]
[2026-03-29 22:33:25.775] [info][general] hl.dll engine callback: pfnRandomLong [low=0, high=6, result=6, return=0x72A60999, context=after pfnRandomLong [low=0, high=6, result=2, return=0x72A60999, context=after pfnFreeFile [D:\Steam\steamapps\common\Half-Life\valve\sound\sentences.txt]]]
[2026-03-29 22:33:25.775] [info][general] Worldspawn trace: #578 map=c0a0 edict#0 classname=worldspawn pfnRandomLong [low=0, high=6, result=1, return=0x72A609A6, context=after pfnRandomLong [low=0, high=6, result=2, return=0x72A60999, context=after pfnFreeFile [D:\Steam\steamapps\common\Half-Life\valve\sound\sentences.txt]]]
[2026-03-29 22:33:25.775] [info][general] hl.dll engine callback: pfnRandomLong [low=0, high=6, result=1, return=0x72A609A6, context=after pfnRandomLong [low=0, high=6, result=2, return=0x72A60999, context=after pfnFreeFile [D:\Steam\steamapps\common\Half-Life\valve\sound\sentences.txt]]]
[2026-03-29 22:33:25.776] [info][general] Worldspawn trace: #579 map=c0a0 edict#0 classname=worldspawn pfnRandomLong [low=0, high=6, result=1, return=0x72A60999, context=after pfnRandomLong [low=0, high=6, result=2, return=0x72A60999, context=after pfnFreeFile [D:\Steam\steamapps\common\Half-Life\valve\sound\sentences.txt]]]
[2026-03-29 22:33:25.776] [info][general] hl.dll engine callback: pfnRandomLong [low=0, high=6, result=1, return=0x72A60999, context=after pfnRandomLong [low=0, high=6, result=2, return=0x72A60999, context=after pfnFreeFile [D:\Steam\steamapps\common\Half-Life\valve\sound\sentences.txt]]]
[2026-03-29 22:33:25.776] [info][general] Worldspawn trace: #580 map=c0a0 edict#0 classname=worldspawn pfnRandomLong [low=0, high=6, result=4, return=0x72A609A6, context=after pfnRandomLong [low=0, high=6, result=2, return=0x72A60999, context=after pfnFreeFile [D:\Steam\steamapps\common\Half-Life\valve\sound\sentences.txt]]]
[2026-03-29 22:33:25.776] [info][general] hl.dll engine callback: pfnRandomLong [low=0, high=6, result=4, return=0x72A609A6, context=after pfnRandomLong [low=0, high=6, result=2, return=0x72A60999, context=after pfnFreeFile [D:\Steam\steamapps\common\Half-Life\valve\sound\sentences.txt]]]
[2026-03-29 22:33:25.777] [info][general] Worldspawn trace: #581 map=c0a0 edict#0 classname=worldspawn pfnRandomLong [low=0, high=6, result=4, return=0x72A60999, context=after pfnRandomLong [low=0, high=6, result=2, return=0x72A60999, context=after pfnFreeFile [D:\Steam\steamapps\common\Half-Life\valve\sound\sentences.txt]]]
[2026-03-29 22:33:25.777] [info][general] hl.dll engine callback: pfnRandomLong [low=0, high=6, result=4, return=0x72A60999, context=after pfnRandomLong [low=0, high=6, result=2, return=0x72A60999, context=after pfnFreeFile [D:\Steam\steamapps\common\Half-Life\valve\sound\sentences.txt]]]
[2026-03-29 22:33:25.777] [info][general] Worldspawn trace: #582 map=c0a0 edict#0 classname=worldspawn pfnRandomLong [low=0, high=6, result=5, return=0x72A609A6, context=after pfnRandomLong [low=0, high=6, result=2, return=0x72A60999, context=after pfnFreeFile [D:\Steam\steamapps\common\Half-Life\valve\sound\sentences.txt]]]
[2026-03-29 22:33:25.777] [info][general] hl.dll engine callback: pfnRandomLong [low=0, high=6, result=5, return=0x72A609A6, context=after pfnRandomLong [low=0, high=6, result=2, return=0x72A60999, context=after pfnFreeFile [D:\Steam\steamapps\common\Half-Life\valve\sound\sentences.txt]]]
[2026-03-29 22:33:25.777] [info][general] Worldspawn trace: #583 map=c0a0 edict#0 classname=worldspawn pfnRandomLong [low=0, high=6, result=0, return=0x72A60999, context=after pfnRandomLong [low=0, high=6, result=2, return=0x72A60999, context=after pfnFreeFile [D:\Steam\steamapps\common\Half-Life\valve\sound\sentences.txt]]]
[2026-03-29 22:33:25.777] [info][general] hl.dll engine callback: pfnRandomLong [low=0, high=6, result=0, return=0x72A60999, context=after pfnRandomLong [low=0, high=6, result=2, return=0x72A60999, context=after pfnFreeFile [D:\Steam\steamapps\common\Half-Life\valve\sound\sentences.txt]]]
[2026-03-29 22:33:25.778] [info][general] Worldspawn trace: #584 map=c0a0 edict#0 classname=worldspawn pfnRandomLong [low=0, high=6, result=3, return=0x72A609A6, context=after pfnRandomLong [low=0, high=6, result=2, return=0x72A60999, context=after pfnFreeFile [D:\Steam\steamapps\common\Half-Life\valve\sound\sentences.txt]]]
[2026-03-29 22:33:25.778] [info][general] hl.dll engine callback: pfnRandomLong [low=0, high=6, result=3, return=0x72A609A6, context=after pfnRandomLong [low=0, high=6, result=2, return=0x72A60999, context=after pfnFreeFile [D:\Steam\steamapps\common\Half-Life\valve\sound\sentences.txt]]]
[2026-03-29 22:33:25.778] [info][general] Worldspawn trace: #585 map=c0a0 edict#0 classname=worldspawn pfnRandomLong [low=0, high=6, result=6, return=0x72A60999, context=after pfnRandomLong [low=0, high=6, result=2, return=0x72A60999, context=after pfnFreeFile [D:\Steam\steamapps\common\Half-Life\valve\sound\sentences.txt]]]
[2026-03-29 22:33:25.778] [info][general] hl.dll engine callback: pfnRandomLong [low=0, high=6, result=6, return=0x72A60999, context=after pfnRandomLong [low=0, high=6, result=2, return=0x72A60999, context=after pfnFreeFile [D:\Steam\steamapps\common\Half-Life\valve\sound\sentences.txt]]]
[2026-03-29 22:33:25.778] [info][general] Worldspawn trace: #586 map=c0a0 edict#0 classname=worldspawn pfnRandomLong [low=0, high=6, result=1, return=0x72A609A6, context=after pfnRandomLong [low=0, high=6, result=2, return=0x72A60999, context=after pfnFreeFile [D:\Steam\steamapps\common\Half-Life\valve\sound\sentences.txt]]]
[2026-03-29 22:33:25.778] [info][general] hl.dll engine callback: pfnRandomLong [low=0, high=6, result=1, return=0x72A609A6, context=after pfnRandomLong [low=0, high=6, result=2, return=0x72A60999, context=after pfnFreeFile [D:\Steam\steamapps\common\Half-Life\valve\sound\sentences.txt]]]
[2026-03-29 22:33:25.779] [info][general] Worldspawn trace: #587 map=c0a0 edict#0 classname=worldspawn pfnRandomLong [low=0, high=6, result=6, return=0x72A60999, context=after pfnRandomLong [low=0, high=6, result=2, return=0x72A60999, context=after pfnFreeFile [D:\Steam\steamapps\common\Half-Life\valve\sound\sentences.txt]]]
[2026-03-29 22:33:25.779] [info][general] hl.dll engine callback: pfnRandomLong [low=0, high=6, result=6, return=0x72A60999, context=after pfnRandomLong [low=0, high=6, result=2, return=0x72A60999, context=after pfnFreeFile [D:\Steam\steamapps\common\Half-Life\valve\sound\sentences.txt]]]
[2026-03-29 22:33:25.779] [info][general] Worldspawn trace: #588 map=c0a0 edict#0 classname=worldspawn pfnRandomLong [low=0, high=6, result=2, return=0x72A609A6, context=after pfnRandomLong [low=0, high=6, result=2, return=0x72A60999, context=after pfnFreeFile [D:\Steam\steamapps\common\Half-Life\valve\sound\sentences.txt]]]
[2026-03-29 22:33:25.779] [info][general] hl.dll engine callback: pfnRandomLong [low=0, high=6, result=2, return=0x72A609A6, context=after pfnRandomLong [low=0, high=6, result=2, return=0x72A60999, context=after pfnFreeFile [D:\Steam\steamapps\common\Half-Life\valve\sound\sentences.txt]]]
[2026-03-29 22:33:25.779] [info][general] Worldspawn trace: #589 map=c0a0 edict#0 classname=worldspawn pfnRandomLong [low=0, high=6, result=5, return=0x72A60999, context=after pfnRandomLong [low=0, high=6, result=2, return=0x72A60999, context=after pfnFreeFile [D:\Steam\steamapps\common\Half-Life\valve\sound\sentences.txt]]]
[2026-03-29 22:33:25.780] [info][general] hl.dll engine callback: pfnRandomLong [low=0, high=6, result=5, return=0x72A60999, context=after pfnRandomLong [low=0, high=6, result=2, return=0x72A60999, context=after pfnFreeFile [D:\Steam\steamapps\common\Half-Life\valve\sound\sentences.txt]]]
[2026-03-29 22:33:25.780] [info][general] Worldspawn trace: #590 map=c0a0 edict#0 classname=worldspawn pfnRandomLong [low=0, high=6, result=5, return=0x72A609A6, context=after pfnRandomLong [low=0, high=6, result=2, return=0x72A60999, context=after pfnFreeFile [D:\Steam\steamapps\common\Half-Life\valve\sound\sentences.txt]]]
[2026-03-29 22:33:25.780] [info][general] hl.dll engine callback: pfnRandomLong [low=0, high=6, result=5, return=0x72A609A6, context=after pfnRandomLong [low=0, high=6, result=2, return=0x72A60999, context=after pfnFreeFile [D:\Steam\steamapps\common\Half-Life\valve\sound\sentences.txt]]]
[2026-03-29 22:33:25.780] [info][general] Worldspawn trace: #591 map=c0a0 edict#0 classname=worldspawn pfnRandomLong [low=0, high=6, result=5, return=0x72A60999, context=after pfnRandomLong [low=0, high=6, result=2, return=0x72A60999, context=after pfnFreeFile [D:\Steam\steamapps\common\Half-Life\valve\sound\sentences.txt]]]
[2026-03-29 22:33:25.780] [info][general] hl.dll engine callback: pfnRandomLong [low=0, high=6, result=5, return=0x72A60999, context=after pfnRandomLong [low=0, high=6, result=2, return=0x72A60999, context=after pfnFreeFile [D:\Steam\steamapps\common\Half-Life\valve\sound\sentences.txt]]]
[2026-03-29 22:33:25.780] [info][general] Worldspawn trace: #592 map=c0a0 edict#0 classname=worldspawn pfnRandomLong [low=0, high=6, result=2, return=0x72A609A6, context=after pfnRandomLong [low=0, high=6, result=2, return=0x72A60999, context=after pfnFreeFile [D:\Steam\steamapps\common\Half-Life\valve\sound\sentences.txt]]]
[2026-03-29 22:33:25.781] [info][general] hl.dll engine callback: pfnRandomLong [low=0, high=6, result=2, return=0x72A609A6, context=after pfnRandomLong [low=0, high=6, result=2, return=0x72A60999, context=after pfnFreeFile [D:\Steam\steamapps\common\Half-Life\valve\sound\sentences.txt]]]
[2026-03-29 22:33:25.781] [info][general] Worldspawn trace: #593 map=c0a0 edict#0 classname=worldspawn pfnRandomLong [low=0, high=6, result=6, return=0x72A60999, context=after pfnRandomLong [low=0, high=6, result=2, return=0x72A60999, context=after pfnFreeFile [D:\Steam\steamapps\common\Half-Life\valve\sound\sentences.txt]]]
[2026-03-29 22:33:25.781] [info][general] hl.dll engine callback: pfnRandomLong [low=0, high=6, result=6, return=0x72A60999, context=after pfnRandomLong [low=0, high=6, result=2, return=0x72A60999, context=after pfnFreeFile [D:\Steam\steamapps\common\Half-Life\valve\sound\sentences.txt]]]
[2026-03-29 22:33:25.781] [info][general] Worldspawn trace: #594 map=c0a0 edict#0 classname=worldspawn pfnRandomLong [low=0, high=6, result=4, return=0x72A609A6, context=after pfnRandomLong [low=0, high=6, result=2, return=0x72A60999, context=after pfnFreeFile [D:\Steam\steamapps\common\Half-Life\valve\sound\sentences.txt]]]
[2026-03-29 22:33:25.782] [info][general] hl.dll engine callback: pfnRandomLong [low=0, high=6, result=4, return=0x72A609A6, context=after pfnRandomLong [low=0, high=6, result=2, return=0x72A60999, context=after pfnFreeFile [D:\Steam\steamapps\common\Half-Life\valve\sound\sentences.txt]]]
[2026-03-29 22:33:25.782] [info][general] Worldspawn trace: #595 map=c0a0 edict#0 classname=worldspawn pfnRandomLong [low=0, high=6, result=0, return=0x72A60999, context=after pfnRandomLong [low=0, high=6, result=2, return=0x72A60999, context=after pfnFreeFile [D:\Steam\steamapps\common\Half-Life\valve\sound\sentences.txt]]]
[2026-03-29 22:33:25.782] [info][general] hl.dll engine callback: pfnRandomLong [low=0, high=6, result=0, return=0x72A60999, context=after pfnRandomLong [low=0, high=6, result=2, return=0x72A60999, context=after pfnFreeFile [D:\Steam\steamapps\common\Half-Life\valve\sound\sentences.txt]]]
[2026-03-29 22:33:25.783] [info][general] Worldspawn trace: #596 map=c0a0 edict#0 classname=worldspawn pfnRandomLong [low=0, high=6, result=4, return=0x72A609A6, context=after pfnRandomLong [low=0, high=6, result=2, return=0x72A60999, context=after pfnFreeFile [D:\Steam\steamapps\common\Half-Life\valve\sound\sentences.txt]]]
[2026-03-29 22:33:25.783] [info][general] hl.dll engine callback: pfnRandomLong [low=0, high=6, result=4, return=0x72A609A6, context=after pfnRandomLong [low=0, high=6, result=2, return=0x72A60999, context=after pfnFreeFile [D:\Steam\steamapps\common\Half-Life\valve\sound\sentences.txt]]]
[2026-03-29 22:33:25.783] [info][general] Worldspawn trace: #597 map=c0a0 edict#0 classname=worldspawn pfnRandomLong [low=0, high=6, result=6, return=0x72A60999, context=after pfnRandomLong [low=0, high=6, result=2, return=0x72A60999, context=after pfnFreeFile [D:\Steam\steamapps\common\Half-Life\valve\sound\sentences.txt]]]
[2026-03-29 22:33:25.783] [info][general] hl.dll engine callback: pfnRandomLong [low=0, high=6, result=6, return=0x72A60999, context=after pfnRandomLong [low=0, high=6, result=2, return=0x72A60999, context=after pfnFreeFile [D:\Steam\steamapps\common\Half-Life\valve\sound\sentences.txt]]]
[2026-03-29 22:33:25.783] [info][general] Worldspawn trace: #598 map=c0a0 edict#0 classname=worldspawn pfnRandomLong [low=0, high=6, result=6, return=0x72A609A6, context=after pfnRandomLong [low=0, high=6, result=2, return=0x72A60999, context=after pfnFreeFile [D:\Steam\steamapps\common\Half-Life\valve\sound\sentences.txt]]]
[2026-03-29 22:33:25.783] [info][general] hl.dll engine callback: pfnRandomLong [low=0, high=6, result=6, return=0x72A609A6, context=after pfnRandomLong [low=0, high=6, result=2, return=0x72A60999, context=after pfnFreeFile [D:\Steam\steamapps\common\Half-Life\valve\sound\sentences.txt]]]
[2026-03-29 22:33:25.784] [info][general] Worldspawn trace: #599 map=c0a0 edict#0 classname=worldspawn pfnRandomLong [low=0, high=6, result=3, return=0x72A60999, context=after pfnRandomLong [low=0, high=6, result=2, return=0x72A60999, context=after pfnFreeFile [D:\Steam\steamapps\common\Half-Life\valve\sound\sentences.txt]]]
[2026-03-29 22:33:25.784] [info][general] hl.dll engine callback: pfnRandomLong [low=0, high=6, result=3, return=0x72A60999, context=after pfnRandomLong [low=0, high=6, result=2, return=0x72A60999, context=after pfnFreeFile [D:\Steam\steamapps\common\Half-Life\valve\sound\sentences.txt]]]
[2026-03-29 22:33:25.784] [info][general] Worldspawn trace: #600 map=c0a0 edict#0 classname=worldspawn pfnRandomLong [low=0, high=6, result=4, return=0x72A609A6, context=after pfnRandomLong [low=0, high=6, result=2, return=0x72A60999, context=after pfnFreeFile [D:\Steam\steamapps\common\Half-Life\valve\sound\sentences.txt]]]
[2026-03-29 22:33:25.784] [info][general] hl.dll engine callback: pfnRandomLong [low=0, high=6, result=4, return=0x72A609A6, context=after pfnRandomLong [low=0, high=6, result=2, return=0x72A60999, context=after pfnFreeFile [D:\Steam\steamapps\common\Half-Life\valve\sound\sentences.txt]]]
[2026-03-29 22:33:25.784] [info][general] Worldspawn trace: #601 map=c0a0 edict#0 classname=worldspawn pfnRandomLong [low=0, high=12, result=4, return=0x72A60999, context=after pfnRandomLong [low=0, high=6, result=2, return=0x72A60999, context=after pfnFreeFile [D:\Steam\steamapps\common\Half-Life\valve\sound\sentences.txt]]]
[2026-03-29 22:33:25.785] [info][general] hl.dll engine callback: pfnRandomLong [low=0, high=12, result=4, return=0x72A60999, context=after pfnRandomLong [low=0, high=6, result=2, return=0x72A60999, context=after pfnFreeFile [D:\Steam\steamapps\common\Half-Life\valve\sound\sentences.txt]]]
[2026-03-29 22:33:25.785] [info][general] Worldspawn trace: #602 map=c0a0 edict#0 classname=worldspawn pfnRandomLong [low=0, high=12, result=11, return=0x72A609A6, context=after pfnRandomLong [low=0, high=6, result=2, return=0x72A60999, context=after pfnFreeFile [D:\Steam\steamapps\common\Half-Life\valve\sound\sentences.txt]]]
[2026-03-29 22:33:25.785] [info][general] hl.dll engine callback: pfnRandomLong [low=0, high=12, result=11, return=0x72A609A6, context=after pfnRandomLong [low=0, high=6, result=2, return=0x72A60999, context=after pfnFreeFile [D:\Steam\steamapps\common\Half-Life\valve\sound\sentences.txt]]]
[2026-03-29 22:33:25.785] [info][general] Worldspawn trace: #603 map=c0a0 edict#0 classname=worldspawn pfnRandomLong [low=0, high=12, result=0, return=0x72A60999, context=after pfnRandomLong [low=0, high=6, result=2, return=0x72A60999, context=after pfnFreeFile [D:\Steam\steamapps\common\Half-Life\valve\sound\sentences.txt]]]
[2026-03-29 22:33:25.785] [info][general] hl.dll engine callback: pfnRandomLong [low=0, high=12, result=0, return=0x72A60999, context=after pfnRandomLong [low=0, high=6, result=2, return=0x72A60999, context=after pfnFreeFile [D:\Steam\steamapps\common\Half-Life\valve\sound\sentences.txt]]]
[2026-03-29 22:33:25.786] [info][general] Worldspawn trace: #604 map=c0a0 edict#0 classname=worldspawn pfnRandomLong [low=0, high=12, result=3, return=0x72A609A6, context=after pfnRandomLong [low=0, high=6, result=2, return=0x72A60999, context=after pfnFreeFile [D:\Steam\steamapps\common\Half-Life\valve\sound\sentences.txt]]]
[2026-03-29 22:33:25.786] [info][general] hl.dll engine callback: pfnRandomLong [low=0, high=12, result=3, return=0x72A609A6, context=after pfnRandomLong [low=0, high=6, result=2, return=0x72A60999, context=after pfnFreeFile [D:\Steam\steamapps\common\Half-Life\valve\sound\sentences.txt]]]
[2026-03-29 22:33:25.786] [info][general] Worldspawn trace: #605 map=c0a0 edict#0 classname=worldspawn pfnRandomLong [low=0, high=12, result=12, return=0x72A60999, context=after pfnRandomLong [low=0, high=6, result=2, return=0x72A60999, context=after pfnFreeFile [D:\Steam\steamapps\common\Half-Life\valve\sound\sentences.txt]]]
[2026-03-29 22:33:25.786] [info][general] hl.dll engine callback: pfnRandomLong [low=0, high=12, result=12, return=0x72A60999, context=after pfnRandomLong [low=0, high=6, result=2, return=0x72A60999, context=after pfnFreeFile [D:\Steam\steamapps\common\Half-Life\valve\sound\sentences.txt]]]
[2026-03-29 22:33:25.787] [info][general] Worldspawn trace: #606 map=c0a0 edict#0 classname=worldspawn pfnRandomLong [low=0, high=12, result=3, return=0x72A609A6, context=after pfnRandomLong [low=0, high=6, result=2, return=0x72A60999, context=after pfnFreeFile [D:\Steam\steamapps\common\Half-Life\valve\sound\sentences.txt]]]
[2026-03-29 22:33:25.787] [info][general] hl.dll engine callback: pfnRandomLong [low=0, high=12, result=3, return=0x72A609A6, context=after pfnRandomLong [low=0, high=6, result=2, return=0x72A60999, context=after pfnFreeFile [D:\Steam\steamapps\common\Half-Life\valve\sound\sentences.txt]]]
[2026-03-29 22:33:25.787] [info][general] Worldspawn trace: #607 map=c0a0 edict#0 classname=worldspawn pfnRandomLong [low=0, high=12, result=4, return=0x72A60999, context=after pfnRandomLong [low=0, high=6, result=2, return=0x72A60999, context=after pfnFreeFile [D:\Steam\steamapps\common\Half-Life\valve\sound\sentences.txt]]]
[2026-03-29 22:33:25.787] [info][general] hl.dll engine callback: pfnRandomLong [low=0, high=12, result=4, return=0x72A60999, context=after pfnRandomLong [low=0, high=6, result=2, return=0x72A60999, context=after pfnFreeFile [D:\Steam\steamapps\common\Half-Life\valve\sound\sentences.txt]]]
[2026-03-29 22:33:25.788] [info][general] Worldspawn trace: #608 map=c0a0 edict#0 classname=worldspawn pfnRandomLong [low=0, high=12, result=2, return=0x72A609A6, context=after pfnRandomLong [low=0, high=6, result=2, return=0x72A60999, context=after pfnFreeFile [D:\Steam\steamapps\common\Half-Life\valve\sound\sentences.txt]]]
[2026-03-29 22:33:25.788] [info][general] hl.dll engine callback: pfnRandomLong [low=0, high=12, result=2, return=0x72A609A6, context=after pfnRandomLong [low=0, high=6, result=2, return=0x72A60999, context=after pfnFreeFile [D:\Steam\steamapps\common\Half-Life\valve\sound\sentences.txt]]]
[2026-03-29 22:33:25.789] [info][general] Worldspawn trace: #609 map=c0a0 edict#0 classname=worldspawn pfnRandomLong [low=0, high=12, result=3, return=0x72A60999, context=after pfnRandomLong [low=0, high=6, result=2, return=0x72A60999, context=after pfnFreeFile [D:\Steam\steamapps\common\Half-Life\valve\sound\sentences.txt]]]
[2026-03-29 22:33:25.789] [info][general] hl.dll engine callback: pfnRandomLong [low=0, high=12, result=3, return=0x72A60999, context=after pfnRandomLong [low=0, high=6, result=2, return=0x72A60999, context=after pfnFreeFile [D:\Steam\steamapps\common\Half-Life\valve\sound\sentences.txt]]]
[2026-03-29 22:33:25.789] [info][general] Worldspawn trace: #610 map=c0a0 edict#0 classname=worldspawn pfnRandomLong [low=0, high=12, result=0, return=0x72A609A6, context=after pfnRandomLong [low=0, high=6, result=2, return=0x72A60999, context=after pfnFreeFile [D:\Steam\steamapps\common\Half-Life\valve\sound\sentences.txt]]]
[2026-03-29 22:33:25.789] [info][general] hl.dll engine callback: pfnRandomLong [low=0, high=12, result=0, return=0x72A609A6, context=after pfnRandomLong [low=0, high=6, result=2, return=0x72A60999, context=after pfnFreeFile [D:\Steam\steamapps\common\Half-Life\valve\sound\sentences.txt]]]
[2026-03-29 22:33:25.790] [info][general] Worldspawn trace: #611 map=c0a0 edict#0 classname=worldspawn pfnRandomLong [low=0, high=12, result=7, return=0x72A60999, context=after pfnRandomLong [low=0, high=6, result=2, return=0x72A60999, context=after pfnFreeFile [D:\Steam\steamapps\common\Half-Life\valve\sound\sentences.txt]]]
[2026-03-29 22:33:25.790] [info][general] hl.dll engine callback: pfnRandomLong [low=0, high=12, result=7, return=0x72A60999, context=after pfnRandomLong [low=0, high=6, result=2, return=0x72A60999, context=after pfnFreeFile [D:\Steam\steamapps\common\Half-Life\valve\sound\sentences.txt]]]
[2026-03-29 22:33:25.790] [info][general] Worldspawn trace: #612 map=c0a0 edict#0 classname=worldspawn pfnRandomLong [low=0, high=12, result=10, return=0x72A609A6, context=after pfnRandomLong [low=0, high=6, result=2, return=0x72A60999, context=after pfnFreeFile [D:\Steam\steamapps\common\Half-Life\valve\sound\sentences.txt]]]
[2026-03-29 22:33:25.790] [info][general] hl.dll engine callback: pfnRandomLong [low=0, high=12, result=10, return=0x72A609A6, context=after pfnRandomLong [low=0, high=6, result=2, return=0x72A60999, context=after pfnFreeFile [D:\Steam\steamapps\common\Half-Life\valve\sound\sentences.txt]]]
[2026-03-29 22:33:25.791] [info][general] Worldspawn trace: #613 map=c0a0 edict#0 classname=worldspawn pfnRandomLong [low=0, high=12, result=10, return=0x72A60999, context=after pfnRandomLong [low=0, high=6, result=2, return=0x72A60999, context=after pfnFreeFile [D:\Steam\steamapps\common\Half-Life\valve\sound\sentences.txt]]]
[2026-03-29 22:33:25.791] [info][general] hl.dll engine callback: pfnRandomLong [low=0, high=12, result=10, return=0x72A60999, context=after pfnRandomLong [low=0, high=6, result=2, return=0x72A60999, context=after pfnFreeFile [D:\Steam\steamapps\common\Half-Life\valve\sound\sentences.txt]]]
[2026-03-29 22:33:25.791] [info][general] Worldspawn trace: #614 map=c0a0 edict#0 classname=worldspawn pfnRandomLong [low=0, high=12, result=11, return=0x72A609A6, context=after pfnRandomLong [low=0, high=6, result=2, return=0x72A60999, context=after pfnFreeFile [D:\Steam\steamapps\common\Half-Life\valve\sound\sentences.txt]]]
[2026-03-29 22:33:25.791] [info][general] hl.dll engine callback: pfnRandomLong [low=0, high=12, result=11, return=0x72A609A6, context=after pfnRandomLong [low=0, high=6, result=2, return=0x72A60999, context=after pfnFreeFile [D:\Steam\steamapps\common\Half-Life\valve\sound\sentences.txt]]]
[2026-03-29 22:33:25.792] [info][general] Worldspawn trace: #615 map=c0a0 edict#0 classname=worldspawn pfnRandomLong [low=0, high=12, result=3, return=0x72A60999, context=after pfnRandomLong [low=0, high=6, result=2, return=0x72A60999, context=after pfnFreeFile [D:\Steam\steamapps\common\Half-Life\valve\sound\sentences.txt]]]
[2026-03-29 22:33:25.792] [info][general] hl.dll engine callback: pfnRandomLong [low=0, high=12, result=3, return=0x72A60999, context=after pfnRandomLong [low=0, high=6, result=2, return=0x72A60999, context=after pfnFreeFile [D:\Steam\steamapps\common\Half-Life\valve\sound\sentences.txt]]]
[2026-03-29 22:33:25.792] [info][general] Worldspawn trace: #616 map=c0a0 edict#0 classname=worldspawn pfnRandomLong [low=0, high=12, result=11, return=0x72A609A6, context=after pfnRandomLong [low=0, high=6, result=2, return=0x72A60999, context=after pfnFreeFile [D:\Steam\steamapps\common\Half-Life\valve\sound\sentences.txt]]]
[2026-03-29 22:33:25.792] [info][general] hl.dll engine callback: pfnRandomLong [low=0, high=12, result=11, return=0x72A609A6, context=after pfnRandomLong [low=0, high=6, result=2, return=0x72A60999, context=after pfnFreeFile [D:\Steam\steamapps\common\Half-Life\valve\sound\sentences.txt]]]
[2026-03-29 22:33:25.793] [info][general] Worldspawn trace: #617 map=c0a0 edict#0 classname=worldspawn pfnRandomLong [low=0, high=12, result=2, return=0x72A60999, context=after pfnRandomLong [low=0, high=6, result=2, return=0x72A60999, context=after pfnFreeFile [D:\Steam\steamapps\common\Half-Life\valve\sound\sentences.txt]]]
[2026-03-29 22:33:25.793] [info][general] hl.dll engine callback: pfnRandomLong [low=0, high=12, result=2, return=0x72A60999, context=after pfnRandomLong [low=0, high=6, result=2, return=0x72A60999, context=after pfnFreeFile [D:\Steam\steamapps\common\Half-Life\valve\sound\sentences.txt]]]
[2026-03-29 22:33:25.793] [info][general] Worldspawn trace: #618 map=c0a0 edict#0 classname=worldspawn pfnRandomLong [low=0, high=12, result=5, return=0x72A609A6, context=after pfnRandomLong [low=0, high=6, result=2, return=0x72A60999, context=after pfnFreeFile [D:\Steam\steamapps\common\Half-Life\valve\sound\sentences.txt]]]
[2026-03-29 22:33:25.793] [info][general] hl.dll engine callback: pfnRandomLong [low=0, high=12, result=5, return=0x72A609A6, context=after pfnRandomLong [low=0, high=6, result=2, return=0x72A60999, context=after pfnFreeFile [D:\Steam\steamapps\common\Half-Life\valve\sound\sentences.txt]]]
[2026-03-29 22:33:25.794] [info][general] Worldspawn trace: #619 map=c0a0 edict#0 classname=worldspawn pfnRandomLong [low=0, high=12, result=3, return=0x72A60999, context=after pfnRandomLong [low=0, high=6, result=2, return=0x72A60999, context=after pfnFreeFile [D:\Steam\steamapps\common\Half-Life\valve\sound\sentences.txt]]]
[2026-03-29 22:33:25.794] [info][general] hl.dll engine callback: pfnRandomLong [low=0, high=12, result=3, return=0x72A60999, context=after pfnRandomLong [low=0, high=6, result=2, return=0x72A60999, context=after pfnFreeFile [D:\Steam\steamapps\common\Half-Life\valve\sound\sentences.txt]]]
[2026-03-29 22:33:25.794] [info][general] Worldspawn trace: #620 map=c0a0 edict#0 classname=worldspawn pfnRandomLong [low=0, high=12, result=4, return=0x72A609A6, context=after pfnRandomLong [low=0, high=6, result=2, return=0x72A60999, context=after pfnFreeFile [D:\Steam\steamapps\common\Half-Life\valve\sound\sentences.txt]]]
[2026-03-29 22:33:25.794] [info][general] hl.dll engine callback: pfnRandomLong [low=0, high=12, result=4, return=0x72A609A6, context=after pfnRandomLong [low=0, high=6, result=2, return=0x72A60999, context=after pfnFreeFile [D:\Steam\steamapps\common\Half-Life\valve\sound\sentences.txt]]]
[2026-03-29 22:33:25.795] [info][general] Worldspawn trace: #621 map=c0a0 edict#0 classname=worldspawn pfnRandomLong [low=0, high=12, result=3, return=0x72A60999, context=after pfnRandomLong [low=0, high=6, result=2, return=0x72A60999, context=after pfnFreeFile [D:\Steam\steamapps\common\Half-Life\valve\sound\sentences.txt]]]
[2026-03-29 22:33:25.795] [info][general] hl.dll engine callback: pfnRandomLong [low=0, high=12, result=3, return=0x72A60999, context=after pfnRandomLong [low=0, high=6, result=2, return=0x72A60999, context=after pfnFreeFile [D:\Steam\steamapps\common\Half-Life\valve\sound\sentences.txt]]]
[2026-03-29 22:33:25.795] [info][general] Worldspawn trace: #622 map=c0a0 edict#0 classname=worldspawn pfnRandomLong [low=0, high=12, result=9, return=0x72A609A6, context=after pfnRandomLong [low=0, high=6, result=2, return=0x72A60999, context=after pfnFreeFile [D:\Steam\steamapps\common\Half-Life\valve\sound\sentences.txt]]]
[2026-03-29 22:33:25.795] [info][general] hl.dll engine callback: pfnRandomLong [low=0, high=12, result=9, return=0x72A609A6, context=after pfnRandomLong [low=0, high=6, result=2, return=0x72A60999, context=after pfnFreeFile [D:\Steam\steamapps\common\Half-Life\valve\sound\sentences.txt]]]
[2026-03-29 22:33:25.796] [info][general] Worldspawn trace: #623 map=c0a0 edict#0 classname=worldspawn pfnRandomLong [low=0, high=12, result=0, return=0x72A60999, context=after pfnRandomLong [low=0, high=6, result=2, return=0x72A60999, context=after pfnFreeFile [D:\Steam\steamapps\common\Half-Life\valve\sound\sentences.txt]]]
[2026-03-29 22:33:25.796] [info][general] hl.dll engine callback: pfnRandomLong [low=0, high=12, result=0, return=0x72A60999, context=after pfnRandomLong [low=0, high=6, result=2, return=0x72A60999, context=after pfnFreeFile [D:\Steam\steamapps\common\Half-Life\valve\sound\sentences.txt]]]
[2026-03-29 22:33:25.797] [info][general] Worldspawn trace: #624 map=c0a0 edict#0 classname=worldspawn pfnRandomLong [low=0, high=12, result=10, return=0x72A609A6, context=after pfnRandomLong [low=0, high=6, result=2, return=0x72A60999, context=after pfnFreeFile [D:\Steam\steamapps\common\Half-Life\valve\sound\sentences.txt]]]
[2026-03-29 22:33:25.797] [info][general] hl.dll engine callback: pfnRandomLong [low=0, high=12, result=10, return=0x72A609A6, context=after pfnRandomLong [low=0, high=6, result=2, return=0x72A60999, context=after pfnFreeFile [D:\Steam\steamapps\common\Half-Life\valve\sound\sentences.txt]]]
[2026-03-29 22:33:25.797] [info][general] Worldspawn trace: #625 map=c0a0 edict#0 classname=worldspawn pfnRandomLong [low=0, high=12, result=3, return=0x72A60999, context=after pfnRandomLong [low=0, high=6, result=2, return=0x72A60999, context=after pfnFreeFile [D:\Steam\steamapps\common\Half-Life\valve\sound\sentences.txt]]]
[2026-03-29 22:33:25.797] [info][general] hl.dll engine callback: pfnRandomLong [low=0, high=12, result=3, return=0x72A60999, context=after pfnRandomLong [low=0, high=6, result=2, return=0x72A60999, context=after pfnFreeFile [D:\Steam\steamapps\common\Half-Life\valve\sound\sentences.txt]]]
[2026-03-29 22:33:25.798] [info][general] Worldspawn trace: #626 map=c0a0 edict#0 classname=worldspawn pfnRandomLong [low=0, high=12, result=3, return=0x72A609A6, context=after pfnRandomLong [low=0, high=6, result=2, return=0x72A60999, context=after pfnFreeFile [D:\Steam\steamapps\common\Half-Life\valve\sound\sentences.txt]]]
[2026-03-29 22:33:25.798] [info][general] hl.dll engine callback: pfnRandomLong [low=0, high=12, result=3, return=0x72A609A6, context=after pfnRandomLong [low=0, high=6, result=2, return=0x72A60999, context=after pfnFreeFile [D:\Steam\steamapps\common\Half-Life\valve\sound\sentences.txt]]]
[2026-03-29 22:33:25.799] [info][general] Worldspawn trace: #627 map=c0a0 edict#0 classname=worldspawn pfnRandomLong [low=0, high=12, result=9, return=0x72A60999, context=after pfnRandomLong [low=0, high=6, result=2, return=0x72A60999, context=after pfnFreeFile [D:\Steam\steamapps\common\Half-Life\valve\sound\sentences.txt]]]
[2026-03-29 22:33:25.799] [info][general] hl.dll engine callback: pfnRandomLong [low=0, high=12, result=9, return=0x72A60999, context=after pfnRandomLong [low=0, high=6, result=2, return=0x72A60999, context=after pfnFreeFile [D:\Steam\steamapps\common\Half-Life\valve\sound\sentences.txt]]]
[2026-03-29 22:33:25.799] [info][general] Worldspawn trace: #628 map=c0a0 edict#0 classname=worldspawn pfnRandomLong [low=0, high=12, result=10, return=0x72A609A6, context=after pfnRandomLong [low=0, high=6, result=2, return=0x72A60999, context=after pfnFreeFile [D:\Steam\steamapps\common\Half-Life\valve\sound\sentences.txt]]]
[2026-03-29 22:33:25.800] [info][general] hl.dll engine callback: pfnRandomLong [low=0, high=12, result=10, return=0x72A609A6, context=after pfnRandomLong [low=0, high=6, result=2, return=0x72A60999, context=after pfnFreeFile [D:\Steam\steamapps\common\Half-Life\valve\sound\sentences.txt]]]
[2026-03-29 22:33:25.800] [info][general] Worldspawn trace: #629 map=c0a0 edict#0 classname=worldspawn pfnRandomLong [low=0, high=12, result=0, return=0x72A60999, context=after pfnRandomLong [low=0, high=6, result=2, return=0x72A60999, context=after pfnFreeFile [D:\Steam\steamapps\common\Half-Life\valve\sound\sentences.txt]]]
[2026-03-29 22:33:25.800] [info][general] hl.dll engine callback: pfnRandomLong [low=0, high=12, result=0, return=0x72A60999, context=after pfnRandomLong [low=0, high=6, result=2, return=0x72A60999, context=after pfnFreeFile [D:\Steam\steamapps\common\Half-Life\valve\sound\sentences.txt]]]
[2026-03-29 22:33:25.801] [info][general] Worldspawn trace: #630 map=c0a0 edict#0 classname=worldspawn pfnRandomLong [low=0, high=12, result=5, return=0x72A609A6, context=after pfnRandomLong [low=0, high=6, result=2, return=0x72A60999, context=after pfnFreeFile [D:\Steam\steamapps\common\Half-Life\valve\sound\sentences.txt]]]
[2026-03-29 22:33:25.801] [info][general] hl.dll engine callback: pfnRandomLong [low=0, high=12, result=5, return=0x72A609A6, context=after pfnRandomLong [low=0, high=6, result=2, return=0x72A60999, context=after pfnFreeFile [D:\Steam\steamapps\common\Half-Life\valve\sound\sentences.txt]]]
[2026-03-29 22:33:25.801] [info][general] Worldspawn trace: #631 map=c0a0 edict#0 classname=worldspawn pfnRandomLong [low=0, high=12, result=6, return=0x72A60999, context=after pfnRandomLong [low=0, high=6, result=2, return=0x72A60999, context=after pfnFreeFile [D:\Steam\steamapps\common\Half-Life\valve\sound\sentences.txt]]]
[2026-03-29 22:33:25.802] [info][general] hl.dll engine callback: pfnRandomLong [low=0, high=12, result=6, return=0x72A60999, context=after pfnRandomLong [low=0, high=6, result=2, return=0x72A60999, context=after pfnFreeFile [D:\Steam\steamapps\common\Half-Life\valve\sound\sentences.txt]]]
[2026-03-29 22:33:25.802] [info][general] Worldspawn trace: #632 map=c0a0 edict#0 classname=worldspawn pfnRandomLong [low=0, high=12, result=6, return=0x72A609A6, context=after pfnRandomLong [low=0, high=6, result=2, return=0x72A60999, context=after pfnFreeFile [D:\Steam\steamapps\common\Half-Life\valve\sound\sentences.txt]]]
[2026-03-29 22:33:25.802] [info][general] hl.dll engine callback: pfnRandomLong [low=0, high=12, result=6, return=0x72A609A6, context=after pfnRandomLong [low=0, high=6, result=2, return=0x72A60999, context=after pfnFreeFile [D:\Steam\steamapps\common\Half-Life\valve\sound\sentences.txt]]]
[2026-03-29 22:33:25.803] [info][general] Worldspawn trace: #633 map=c0a0 edict#0 classname=worldspawn pfnRandomLong [low=0, high=12, result=7, return=0x72A60999, context=after pfnRandomLong [low=0, high=6, result=2, return=0x72A60999, context=after pfnFreeFile [D:\Steam\steamapps\common\Half-Life\valve\sound\sentences.txt]]]
[2026-03-29 22:33:25.803] [info][general] hl.dll engine callback: pfnRandomLong [low=0, high=12, result=7, return=0x72A60999, context=after pfnRandomLong [low=0, high=6, result=2, return=0x72A60999, context=after pfnFreeFile [D:\Steam\steamapps\common\Half-Life\valve\sound\sentences.txt]]]
[2026-03-29 22:33:25.803] [info][general] Worldspawn trace: #634 map=c0a0 edict#0 classname=worldspawn pfnRandomLong [low=0, high=12, result=10, return=0x72A609A6, context=after pfnRandomLong [low=0, high=6, result=2, return=0x72A60999, context=after pfnFreeFile [D:\Steam\steamapps\common\Half-Life\valve\sound\sentences.txt]]]
[2026-03-29 22:33:25.804] [info][general] hl.dll engine callback: pfnRandomLong [low=0, high=12, result=10, return=0x72A609A6, context=after pfnRandomLong [low=0, high=6, result=2, return=0x72A60999, context=after pfnFreeFile [D:\Steam\steamapps\common\Half-Life\valve\sound\sentences.txt]]]
[2026-03-29 22:33:25.804] [info][general] Worldspawn trace: #635 map=c0a0 edict#0 classname=worldspawn pfnRandomLong [low=0, high=12, result=7, return=0x72A60999, context=after pfnRandomLong [low=0, high=6, result=2, return=0x72A60999, context=after pfnFreeFile [D:\Steam\steamapps\common\Half-Life\valve\sound\sentences.txt]]]
[2026-03-29 22:33:25.804] [info][general] hl.dll engine callback: pfnRandomLong [low=0, high=12, result=7, return=0x72A60999, context=after pfnRandomLong [low=0, high=6, result=2, return=0x72A60999, context=after pfnFreeFile [D:\Steam\steamapps\common\Half-Life\valve\sound\sentences.txt]]]
[2026-03-29 22:33:25.804] [info][general] Worldspawn trace: #636 map=c0a0 edict#0 classname=worldspawn pfnRandomLong [low=0, high=12, result=9, return=0x72A609A6, context=after pfnRandomLong [low=0, high=6, result=2, return=0x72A60999, context=after pfnFreeFile [D:\Steam\steamapps\common\Half-Life\valve\sound\sentences.txt]]]
[2026-03-29 22:33:25.805] [info][general] hl.dll engine callback: pfnRandomLong [low=0, high=12, result=9, return=0x72A609A6, context=after pfnRandomLong [low=0, high=6, result=2, return=0x72A60999, context=after pfnFreeFile [D:\Steam\steamapps\common\Half-Life\valve\sound\sentences.txt]]]
[2026-03-29 22:33:25.805] [info][general] Worldspawn trace: #637 map=c0a0 edict#0 classname=worldspawn pfnRandomLong [low=0, high=12, result=12, return=0x72A60999, context=after pfnRandomLong [low=0, high=6, result=2, return=0x72A60999, context=after pfnFreeFile [D:\Steam\steamapps\common\Half-Life\valve\sound\sentences.txt]]]
[2026-03-29 22:33:25.805] [info][general] hl.dll engine callback: pfnRandomLong [low=0, high=12, result=12, return=0x72A60999, context=after pfnRandomLong [low=0, high=6, result=2, return=0x72A60999, context=after pfnFreeFile [D:\Steam\steamapps\common\Half-Life\valve\sound\sentences.txt]]]
[2026-03-29 22:33:25.805] [info][general] Worldspawn trace: #638 map=c0a0 edict#0 classname=worldspawn pfnRandomLong [low=0, high=12, result=9, return=0x72A609A6, context=after pfnRandomLong [low=0, high=6, result=2, return=0x72A60999, context=after pfnFreeFile [D:\Steam\steamapps\common\Half-Life\valve\sound\sentences.txt]]]
[2026-03-29 22:33:25.806] [info][general] hl.dll engine callback: pfnRandomLong [low=0, high=12, result=9, return=0x72A609A6, context=after pfnRandomLong [low=0, high=6, result=2, return=0x72A60999, context=after pfnFreeFile [D:\Steam\steamapps\common\Half-Life\valve\sound\sentences.txt]]]
[2026-03-29 22:33:25.806] [info][general] Worldspawn trace: #639 map=c0a0 edict#0 classname=worldspawn pfnRandomLong [low=0, high=12, result=8, return=0x72A60999, context=after pfnRandomLong [low=0, high=6, result=2, return=0x72A60999, context=after pfnFreeFile [D:\Steam\steamapps\common\Half-Life\valve\sound\sentences.txt]]]
[2026-03-29 22:33:25.806] [info][general] hl.dll engine callback: pfnRandomLong [low=0, high=12, result=8, return=0x72A60999, context=after pfnRandomLong [low=0, high=6, result=2, return=0x72A60999, context=after pfnFreeFile [D:\Steam\steamapps\common\Half-Life\valve\sound\sentences.txt]]]
[2026-03-29 22:33:25.806] [info][general] Worldspawn trace: #640 map=c0a0 edict#0 classname=worldspawn pfnRandomLong [low=0, high=12, result=10, return=0x72A609A6, context=after pfnRandomLong [low=0, high=6, result=2, return=0x72A60999, context=after pfnFreeFile [D:\Steam\steamapps\common\Half-Life\valve\sound\sentences.txt]]]
[2026-03-29 22:33:25.807] [info][general] hl.dll engine callback: pfnRandomLong [low=0, high=12, result=10, return=0x72A609A6, context=after pfnRandomLong [low=0, high=6, result=2, return=0x72A60999, context=after pfnFreeFile [D:\Steam\steamapps\common\Half-Life\valve\sound\sentences.txt]]]
[2026-03-29 22:33:25.807] [info][general] Worldspawn trace: #641 map=c0a0 edict#0 classname=worldspawn pfnRandomLong [low=0, high=12, result=4, return=0x72A60999, context=after pfnRandomLong [low=0, high=6, result=2, return=0x72A60999, context=after pfnFreeFile [D:\Steam\steamapps\common\Half-Life\valve\sound\sentences.txt]]]
[2026-03-29 22:33:25.807] [info][general] hl.dll engine callback: pfnRandomLong [low=0, high=12, result=4, return=0x72A60999, context=after pfnRandomLong [low=0, high=6, result=2, return=0x72A60999, context=after pfnFreeFile [D:\Steam\steamapps\common\Half-Life\valve\sound\sentences.txt]]]
[2026-03-29 22:33:25.807] [info][general] Worldspawn trace: #642 map=c0a0 edict#0 classname=worldspawn pfnRandomLong [low=0, high=12, result=7, return=0x72A609A6, context=after pfnRandomLong [low=0, high=6, result=2, return=0x72A60999, context=after pfnFreeFile [D:\Steam\steamapps\common\Half-Life\valve\sound\sentences.txt]]]
[2026-03-29 22:33:25.808] [info][general] hl.dll engine callback: pfnRandomLong [low=0, high=12, result=7, return=0x72A609A6, context=after pfnRandomLong [low=0, high=6, result=2, return=0x72A60999, context=after pfnFreeFile [D:\Steam\steamapps\common\Half-Life\valve\sound\sentences.txt]]]
[2026-03-29 22:33:25.808] [info][general] Worldspawn trace: #643 map=c0a0 edict#0 classname=worldspawn pfnRandomLong [low=0, high=12, result=5, return=0x72A60999, context=after pfnRandomLong [low=0, high=6, result=2, return=0x72A60999, context=after pfnFreeFile [D:\Steam\steamapps\common\Half-Life\valve\sound\sentences.txt]]]
[2026-03-29 22:33:25.808] [info][general] hl.dll engine callback: pfnRandomLong [low=0, high=12, result=5, return=0x72A60999, context=after pfnRandomLong [low=0, high=6, result=2, return=0x72A60999, context=after pfnFreeFile [D:\Steam\steamapps\common\Half-Life\valve\sound\sentences.txt]]]
[2026-03-29 22:33:25.808] [info][general] Worldspawn trace: #644 map=c0a0 edict#0 classname=worldspawn pfnRandomLong [low=0, high=12, result=0, return=0x72A609A6, context=after pfnRandomLong [low=0, high=6, result=2, return=0x72A60999, context=after pfnFreeFile [D:\Steam\steamapps\common\Half-Life\valve\sound\sentences.txt]]]
[2026-03-29 22:33:25.809] [info][general] hl.dll engine callback: pfnRandomLong [low=0, high=12, result=0, return=0x72A609A6, context=after pfnRandomLong [low=0, high=6, result=2, return=0x72A60999, context=after pfnFreeFile [D:\Steam\steamapps\common\Half-Life\valve\sound\sentences.txt]]]
[2026-03-29 22:33:25.809] [info][general] Worldspawn trace: #645 map=c0a0 edict#0 classname=worldspawn pfnRandomLong [low=0, high=12, result=6, return=0x72A60999, context=after pfnRandomLong [low=0, high=6, result=2, return=0x72A60999, context=after pfnFreeFile [D:\Steam\steamapps\common\Half-Life\valve\sound\sentences.txt]]]
[2026-03-29 22:33:25.810] [info][general] hl.dll engine callback: pfnRandomLong [low=0, high=12, result=6, return=0x72A60999, context=after pfnRandomLong [low=0, high=6, result=2, return=0x72A60999, context=after pfnFreeFile [D:\Steam\steamapps\common\Half-Life\valve\sound\sentences.txt]]]
[2026-03-29 22:33:25.810] [info][general] Worldspawn trace: #646 map=c0a0 edict#0 classname=worldspawn pfnRandomLong [low=0, high=12, result=5, return=0x72A609A6, context=after pfnRandomLong [low=0, high=6, result=2, return=0x72A60999, context=after pfnFreeFile [D:\Steam\steamapps\common\Half-Life\valve\sound\sentences.txt]]]
[2026-03-29 22:33:25.810] [info][general] hl.dll engine callback: pfnRandomLong [low=0, high=12, result=5, return=0x72A609A6, context=after pfnRandomLong [low=0, high=6, result=2, return=0x72A60999, context=after pfnFreeFile [D:\Steam\steamapps\common\Half-Life\valve\sound\sentences.txt]]]
[2026-03-29 22:33:25.810] [info][general] Worldspawn trace: #647 map=c0a0 edict#0 classname=worldspawn pfnRandomLong [low=0, high=12, result=12, return=0x72A60999, context=after pfnRandomLong [low=0, high=6, result=2, return=0x72A60999, context=after pfnFreeFile [D:\Steam\steamapps\common\Half-Life\valve\sound\sentences.txt]]]
[2026-03-29 22:33:25.811] [info][general] hl.dll engine callback: pfnRandomLong [low=0, high=12, result=12, return=0x72A60999, context=after pfnRandomLong [low=0, high=6, result=2, return=0x72A60999, context=after pfnFreeFile [D:\Steam\steamapps\common\Half-Life\valve\sound\sentences.txt]]]
[2026-03-29 22:33:25.811] [info][general] Worldspawn trace: #648 map=c0a0 edict#0 classname=worldspawn pfnRandomLong [low=0, high=12, result=11, return=0x72A609A6, context=after pfnRandomLong [low=0, high=6, result=2, return=0x72A60999, context=after pfnFreeFile [D:\Steam\steamapps\common\Half-Life\valve\sound\sentences.txt]]]
[2026-03-29 22:33:25.811] [info][general] hl.dll engine callback: pfnRandomLong [low=0, high=12, result=11, return=0x72A609A6, context=after pfnRandomLong [low=0, high=6, result=2, return=0x72A60999, context=after pfnFreeFile [D:\Steam\steamapps\common\Half-Life\valve\sound\sentences.txt]]]
[2026-03-29 22:33:25.811] [info][general] Worldspawn trace: #649 map=c0a0 edict#0 classname=worldspawn pfnRandomLong [low=0, high=12, result=2, return=0x72A60999, context=after pfnRandomLong [low=0, high=6, result=2, return=0x72A60999, context=after pfnFreeFile [D:\Steam\steamapps\common\Half-Life\valve\sound\sentences.txt]]]
[2026-03-29 22:33:25.812] [info][general] hl.dll engine callback: pfnRandomLong [low=0, high=12, result=2, return=0x72A60999, context=after pfnRandomLong [low=0, high=6, result=2, return=0x72A60999, context=after pfnFreeFile [D:\Steam\steamapps\common\Half-Life\valve\sound\sentences.txt]]]
[2026-03-29 22:33:25.812] [info][general] Worldspawn trace: #650 map=c0a0 edict#0 classname=worldspawn pfnRandomLong [low=0, high=12, result=1, return=0x72A609A6, context=after pfnRandomLong [low=0, high=6, result=2, return=0x72A60999, context=after pfnFreeFile [D:\Steam\steamapps\common\Half-Life\valve\sound\sentences.txt]]]
[2026-03-29 22:33:25.812] [info][general] hl.dll engine callback: pfnRandomLong [low=0, high=12, result=1, return=0x72A609A6, context=after pfnRandomLong [low=0, high=6, result=2, return=0x72A60999, context=after pfnFreeFile [D:\Steam\steamapps\common\Half-Life\valve\sound\sentences.txt]]]
[2026-03-29 22:33:25.812] [info][general] Worldspawn trace: #651 map=c0a0 edict#0 classname=worldspawn pfnRandomLong [low=0, high=12, result=1, return=0x72A60999, context=after pfnRandomLong [low=0, high=6, result=2, return=0x72A60999, context=after pfnFreeFile [D:\Steam\steamapps\common\Half-Life\valve\sound\sentences.txt]]]
[2026-03-29 22:33:25.812] [info][general] hl.dll engine callback: pfnRandomLong [low=0, high=12, result=1, return=0x72A60999, context=after pfnRandomLong [low=0, high=6, result=2, return=0x72A60999, context=after pfnFreeFile [D:\Steam\steamapps\common\Half-Life\valve\sound\sentences.txt]]]
[2026-03-29 22:33:25.813] [info][general] Worldspawn trace: #652 map=c0a0 edict#0 classname=worldspawn pfnRandomLong [low=0, high=12, result=10, return=0x72A609A6, context=after pfnRandomLong [low=0, high=6, result=2, return=0x72A60999, context=after pfnFreeFile [D:\Steam\steamapps\common\Half-Life\valve\sound\sentences.txt]]]
[2026-03-29 22:33:25.813] [info][general] hl.dll engine callback: pfnRandomLong [low=0, high=12, result=10, return=0x72A609A6, context=after pfnRandomLong [low=0, high=6, result=2, return=0x72A60999, context=after pfnFreeFile [D:\Steam\steamapps\common\Half-Life\valve\sound\sentences.txt]]]
[2026-03-29 22:33:25.813] [info][general] Worldspawn trace: #653 map=c0a0 edict#0 classname=worldspawn pfnRandomLong [low=0, high=12, result=10, return=0x72A60999, context=after pfnRandomLong [low=0, high=6, result=2, return=0x72A60999, context=after pfnFreeFile [D:\Steam\steamapps\common\Half-Life\valve\sound\sentences.txt]]]
[2026-03-29 22:33:25.813] [info][general] hl.dll engine callback: pfnRandomLong [low=0, high=12, result=10, return=0x72A60999, context=after pfnRandomLong [low=0, high=6, result=2, return=0x72A60999, context=after pfnFreeFile [D:\Steam\steamapps\common\Half-Life\valve\sound\sentences.txt]]]
[2026-03-29 22:33:25.813] [info][general] Worldspawn trace: #654 map=c0a0 edict#0 classname=worldspawn pfnRandomLong [low=0, high=12, result=8, return=0x72A609A6, context=after pfnRandomLong [low=0, high=6, result=2, return=0x72A60999, context=after pfnFreeFile [D:\Steam\steamapps\common\Half-Life\valve\sound\sentences.txt]]]
[2026-03-29 22:33:25.815] [info][general] hl.dll engine callback: pfnRandomLong [low=0, high=12, result=8, return=0x72A609A6, context=after pfnRandomLong [low=0, high=6, result=2, return=0x72A60999, context=after pfnFreeFile [D:\Steam\steamapps\common\Half-Life\valve\sound\sentences.txt]]]
[2026-03-29 22:33:25.815] [info][general] Worldspawn trace: #655 map=c0a0 edict#0 classname=worldspawn pfnRandomLong [low=0, high=12, result=12, return=0x72A60999, context=after pfnRandomLong [low=0, high=6, result=2, return=0x72A60999, context=after pfnFreeFile [D:\Steam\steamapps\common\Half-Life\valve\sound\sentences.txt]]]
[2026-03-29 22:33:25.816] [info][general] hl.dll engine callback: pfnRandomLong [low=0, high=12, result=12, return=0x72A60999, context=after pfnRandomLong [low=0, high=6, result=2, return=0x72A60999, context=after pfnFreeFile [D:\Steam\steamapps\common\Half-Life\valve\sound\sentences.txt]]]
[2026-03-29 22:33:25.816] [info][general] Worldspawn trace: #656 map=c0a0 edict#0 classname=worldspawn pfnRandomLong [low=0, high=12, result=10, return=0x72A609A6, context=after pfnRandomLong [low=0, high=6, result=2, return=0x72A60999, context=after pfnFreeFile [D:\Steam\steamapps\common\Half-Life\valve\sound\sentences.txt]]]
[2026-03-29 22:33:25.817] [info][general] hl.dll engine callback: pfnRandomLong [low=0, high=12, result=10, return=0x72A609A6, context=after pfnRandomLong [low=0, high=6, result=2, return=0x72A60999, context=after pfnFreeFile [D:\Steam\steamapps\common\Half-Life\valve\sound\sentences.txt]]]
[2026-03-29 22:33:25.817] [info][general] Worldspawn trace: #657 map=c0a0 edict#0 classname=worldspawn pfnRandomLong [low=0, high=12, result=4, return=0x72A60999, context=after pfnRandomLong [low=0, high=6, result=2, return=0x72A60999, context=after pfnFreeFile [D:\Steam\steamapps\common\Half-Life\valve\sound\sentences.txt]]]
[2026-03-29 22:33:25.817] [info][general] hl.dll engine callback: pfnRandomLong [low=0, high=12, result=4, return=0x72A60999, context=after pfnRandomLong [low=0, high=6, result=2, return=0x72A60999, context=after pfnFreeFile [D:\Steam\steamapps\common\Half-Life\valve\sound\sentences.txt]]]
[2026-03-29 22:33:25.817] [info][general] Worldspawn trace: #658 map=c0a0 edict#0 classname=worldspawn pfnRandomLong [low=0, high=12, result=3, return=0x72A609A6, context=after pfnRandomLong [low=0, high=6, result=2, return=0x72A60999, context=after pfnFreeFile [D:\Steam\steamapps\common\Half-Life\valve\sound\sentences.txt]]]
[2026-03-29 22:33:25.818] [info][general] hl.dll engine callback: pfnRandomLong [low=0, high=12, result=3, return=0x72A609A6, context=after pfnRandomLong [low=0, high=6, result=2, return=0x72A60999, context=after pfnFreeFile [D:\Steam\steamapps\common\Half-Life\valve\sound\sentences.txt]]]
[2026-03-29 22:33:25.818] [info][general] Worldspawn trace: #659 map=c0a0 edict#0 classname=worldspawn pfnRandomLong [low=0, high=12, result=8, return=0x72A60999, context=after pfnRandomLong [low=0, high=6, result=2, return=0x72A60999, context=after pfnFreeFile [D:\Steam\steamapps\common\Half-Life\valve\sound\sentences.txt]]]
[2026-03-29 22:33:25.818] [info][general] hl.dll engine callback: pfnRandomLong [low=0, high=12, result=8, return=0x72A60999, context=after pfnRandomLong [low=0, high=6, result=2, return=0x72A60999, context=after pfnFreeFile [D:\Steam\steamapps\common\Half-Life\valve\sound\sentences.txt]]]
[2026-03-29 22:33:25.818] [info][general] Worldspawn trace: #660 map=c0a0 edict#0 classname=worldspawn pfnRandomLong [low=0, high=12, result=0, return=0x72A609A6, context=after pfnRandomLong [low=0, high=6, result=2, return=0x72A60999, context=after pfnFreeFile [D:\Steam\steamapps\common\Half-Life\valve\sound\sentences.txt]]]
[2026-03-29 22:33:25.818] [info][general] hl.dll engine callback: pfnRandomLong [low=0, high=12, result=0, return=0x72A609A6, context=after pfnRandomLong [low=0, high=6, result=2, return=0x72A60999, context=after pfnFreeFile [D:\Steam\steamapps\common\Half-Life\valve\sound\sentences.txt]]]
[2026-03-29 22:33:25.818] [info][general] Worldspawn trace: #661 map=c0a0 edict#0 classname=worldspawn pfnRandomLong [low=0, high=12, result=11, return=0x72A60999, context=after pfnRandomLong [low=0, high=6, result=2, return=0x72A60999, context=after pfnFreeFile [D:\Steam\steamapps\common\Half-Life\valve\sound\sentences.txt]]]
[2026-03-29 22:33:25.819] [info][general] hl.dll engine callback: pfnRandomLong [low=0, high=12, result=11, return=0x72A60999, context=after pfnRandomLong [low=0, high=6, result=2, return=0x72A60999, context=after pfnFreeFile [D:\Steam\steamapps\common\Half-Life\valve\sound\sentences.txt]]]
[2026-03-29 22:33:25.819] [info][general] Worldspawn trace: #662 map=c0a0 edict#0 classname=worldspawn pfnRandomLong [low=0, high=12, result=8, return=0x72A609A6, context=after pfnRandomLong [low=0, high=6, result=2, return=0x72A60999, context=after pfnFreeFile [D:\Steam\steamapps\common\Half-Life\valve\sound\sentences.txt]]]
[2026-03-29 22:33:25.819] [info][general] hl.dll engine callback: pfnRandomLong [low=0, high=12, result=8, return=0x72A609A6, context=after pfnRandomLong [low=0, high=6, result=2, return=0x72A60999, context=after pfnFreeFile [D:\Steam\steamapps\common\Half-Life\valve\sound\sentences.txt]]]
[2026-03-29 22:33:25.819] [info][general] Worldspawn trace: #663 map=c0a0 edict#0 classname=worldspawn pfnRandomLong [low=0, high=12, result=2, return=0x72A60999, context=after pfnRandomLong [low=0, high=6, result=2, return=0x72A60999, context=after pfnFreeFile [D:\Steam\steamapps\common\Half-Life\valve\sound\sentences.txt]]]
[2026-03-29 22:33:25.819] [info][general] hl.dll engine callback: pfnRandomLong [low=0, high=12, result=2, return=0x72A60999, context=after pfnRandomLong [low=0, high=6, result=2, return=0x72A60999, context=after pfnFreeFile [D:\Steam\steamapps\common\Half-Life\valve\sound\sentences.txt]]]
[2026-03-29 22:33:25.820] [info][general] Worldspawn trace: #664 map=c0a0 edict#0 classname=worldspawn pfnRandomLong [low=0, high=12, result=2, return=0x72A609A6, context=after pfnRandomLong [low=0, high=6, result=2, return=0x72A60999, context=after pfnFreeFile [D:\Steam\steamapps\common\Half-Life\valve\sound\sentences.txt]]]
[2026-03-29 22:33:25.820] [info][general] hl.dll engine callback: pfnRandomLong [low=0, high=12, result=2, return=0x72A609A6, context=after pfnRandomLong [low=0, high=6, result=2, return=0x72A60999, context=after pfnFreeFile [D:\Steam\steamapps\common\Half-Life\valve\sound\sentences.txt]]]
[2026-03-29 22:33:25.820] [info][general] Worldspawn trace: #665 map=c0a0 edict#0 classname=worldspawn pfnRandomLong [low=0, high=12, result=2, return=0x72A60999, context=after pfnRandomLong [low=0, high=6, result=2, return=0x72A60999, context=after pfnFreeFile [D:\Steam\steamapps\common\Half-Life\valve\sound\sentences.txt]]]
[2026-03-29 22:33:25.820] [info][general] hl.dll engine callback: pfnRandomLong [low=0, high=12, result=2, return=0x72A60999, context=after pfnRandomLong [low=0, high=6, result=2, return=0x72A60999, context=after pfnFreeFile [D:\Steam\steamapps\common\Half-Life\valve\sound\sentences.txt]]]
[2026-03-29 22:33:25.820] [info][general] Worldspawn trace: #666 map=c0a0 edict#0 classname=worldspawn pfnRandomLong [low=0, high=12, result=0, return=0x72A609A6, context=after pfnRandomLong [low=0, high=6, result=2, return=0x72A60999, context=after pfnFreeFile [D:\Steam\steamapps\common\Half-Life\valve\sound\sentences.txt]]]
[2026-03-29 22:33:25.820] [info][general] hl.dll engine callback: pfnRandomLong [low=0, high=12, result=0, return=0x72A609A6, context=after pfnRandomLong [low=0, high=6, result=2, return=0x72A60999, context=after pfnFreeFile [D:\Steam\steamapps\common\Half-Life\valve\sound\sentences.txt]]]
[2026-03-29 22:33:25.821] [info][general] Worldspawn trace: #667 map=c0a0 edict#0 classname=worldspawn pfnRandomLong [low=0, high=12, result=3, return=0x72A60999, context=after pfnRandomLong [low=0, high=6, result=2, return=0x72A60999, context=after pfnFreeFile [D:\Steam\steamapps\common\Half-Life\valve\sound\sentences.txt]]]
[2026-03-29 22:33:25.821] [info][general] hl.dll engine callback: pfnRandomLong [low=0, high=12, result=3, return=0x72A60999, context=after pfnRandomLong [low=0, high=6, result=2, return=0x72A60999, context=after pfnFreeFile [D:\Steam\steamapps\common\Half-Life\valve\sound\sentences.txt]]]
[2026-03-29 22:33:25.821] [info][general] Worldspawn trace: #668 map=c0a0 edict#0 classname=worldspawn pfnRandomLong [low=0, high=12, result=12, return=0x72A609A6, context=after pfnRandomLong [low=0, high=6, result=2, return=0x72A60999, context=after pfnFreeFile [D:\Steam\steamapps\common\Half-Life\valve\sound\sentences.txt]]]
[2026-03-29 22:33:25.821] [info][general] hl.dll engine callback: pfnRandomLong [low=0, high=12, result=12, return=0x72A609A6, context=after pfnRandomLong [low=0, high=6, result=2, return=0x72A60999, context=after pfnFreeFile [D:\Steam\steamapps\common\Half-Life\valve\sound\sentences.txt]]]
[2026-03-29 22:33:25.821] [info][general] Worldspawn trace: #669 map=c0a0 edict#0 classname=worldspawn pfnRandomLong [low=0, high=12, result=0, return=0x72A60999, context=after pfnRandomLong [low=0, high=6, result=2, return=0x72A60999, context=after pfnFreeFile [D:\Steam\steamapps\common\Half-Life\valve\sound\sentences.txt]]]
[2026-03-29 22:33:25.822] [info][general] hl.dll engine callback: pfnRandomLong [low=0, high=12, result=0, return=0x72A60999, context=after pfnRandomLong [low=0, high=6, result=2, return=0x72A60999, context=after pfnFreeFile [D:\Steam\steamapps\common\Half-Life\valve\sound\sentences.txt]]]
[2026-03-29 22:33:25.822] [info][general] Worldspawn trace: #670 map=c0a0 edict#0 classname=worldspawn pfnRandomLong [low=0, high=12, result=8, return=0x72A609A6, context=after pfnRandomLong [low=0, high=6, result=2, return=0x72A60999, context=after pfnFreeFile [D:\Steam\steamapps\common\Half-Life\valve\sound\sentences.txt]]]
[2026-03-29 22:33:25.822] [info][general] hl.dll engine callback: pfnRandomLong [low=0, high=12, result=8, return=0x72A609A6, context=after pfnRandomLong [low=0, high=6, result=2, return=0x72A60999, context=after pfnFreeFile [D:\Steam\steamapps\common\Half-Life\valve\sound\sentences.txt]]]
[2026-03-29 22:33:25.822] [info][general] Worldspawn trace: #671 map=c0a0 edict#0 classname=worldspawn pfnRandomLong [low=0, high=12, result=3, return=0x72A60999, context=after pfnRandomLong [low=0, high=6, result=2, return=0x72A60999, context=after pfnFreeFile [D:\Steam\steamapps\common\Half-Life\valve\sound\sentences.txt]]]
[2026-03-29 22:33:25.822] [info][general] hl.dll engine callback: pfnRandomLong [low=0, high=12, result=3, return=0x72A60999, context=after pfnRandomLong [low=0, high=6, result=2, return=0x72A60999, context=after pfnFreeFile [D:\Steam\steamapps\common\Half-Life\valve\sound\sentences.txt]]]
[2026-03-29 22:33:25.822] [info][general] Worldspawn trace: #672 map=c0a0 edict#0 classname=worldspawn pfnRandomLong [low=0, high=12, result=11, return=0x72A609A6, context=after pfnRandomLong [low=0, high=6, result=2, return=0x72A60999, context=after pfnFreeFile [D:\Steam\steamapps\common\Half-Life\valve\sound\sentences.txt]]]
[2026-03-29 22:33:25.823] [info][general] hl.dll engine callback: pfnRandomLong [low=0, high=12, result=11, return=0x72A609A6, context=after pfnRandomLong [low=0, high=6, result=2, return=0x72A60999, context=after pfnFreeFile [D:\Steam\steamapps\common\Half-Life\valve\sound\sentences.txt]]]
[2026-03-29 22:33:25.823] [info][general] Worldspawn trace: #673 map=c0a0 edict#0 classname=worldspawn pfnRandomLong [low=0, high=12, result=7, return=0x72A60999, context=after pfnRandomLong [low=0, high=6, result=2, return=0x72A60999, context=after pfnFreeFile [D:\Steam\steamapps\common\Half-Life\valve\sound\sentences.txt]]]
[2026-03-29 22:33:25.823] [info][general] hl.dll engine callback: pfnRandomLong [low=0, high=12, result=7, return=0x72A60999, context=after pfnRandomLong [low=0, high=6, result=2, return=0x72A60999, context=after pfnFreeFile [D:\Steam\steamapps\common\Half-Life\valve\sound\sentences.txt]]]
[2026-03-29 22:33:25.824] [info][general] Worldspawn trace: #674 map=c0a0 edict#0 classname=worldspawn pfnRandomLong [low=0, high=12, result=0, return=0x72A609A6, context=after pfnRandomLong [low=0, high=6, result=2, return=0x72A60999, context=after pfnFreeFile [D:\Steam\steamapps\common\Half-Life\valve\sound\sentences.txt]]]
[2026-03-29 22:33:25.824] [info][general] hl.dll engine callback: pfnRandomLong [low=0, high=12, result=0, return=0x72A609A6, context=after pfnRandomLong [low=0, high=6, result=2, return=0x72A60999, context=after pfnFreeFile [D:\Steam\steamapps\common\Half-Life\valve\sound\sentences.txt]]]
[2026-03-29 22:33:25.824] [info][general] Worldspawn trace: #675 map=c0a0 edict#0 classname=worldspawn pfnRandomLong [low=0, high=12, result=1, return=0x72A60999, context=after pfnRandomLong [low=0, high=6, result=2, return=0x72A60999, context=after pfnFreeFile [D:\Steam\steamapps\common\Half-Life\valve\sound\sentences.txt]]]
[2026-03-29 22:33:25.824] [info][general] hl.dll engine callback: pfnRandomLong [low=0, high=12, result=1, return=0x72A60999, context=after pfnRandomLong [low=0, high=6, result=2, return=0x72A60999, context=after pfnFreeFile [D:\Steam\steamapps\common\Half-Life\valve\sound\sentences.txt]]]
[2026-03-29 22:33:25.824] [info][general] Worldspawn trace: #676 map=c0a0 edict#0 classname=worldspawn pfnRandomLong [low=0, high=12, result=12, return=0x72A609A6, context=after pfnRandomLong [low=0, high=6, result=2, return=0x72A60999, context=after pfnFreeFile [D:\Steam\steamapps\common\Half-Life\valve\sound\sentences.txt]]]
[2026-03-29 22:33:25.824] [info][general] hl.dll engine callback: pfnRandomLong [low=0, high=12, result=12, return=0x72A609A6, context=after pfnRandomLong [low=0, high=6, result=2, return=0x72A60999, context=after pfnFreeFile [D:\Steam\steamapps\common\Half-Life\valve\sound\sentences.txt]]]
[2026-03-29 22:33:25.825] [info][general] Worldspawn trace: #677 map=c0a0 edict#0 classname=worldspawn pfnRandomLong [low=0, high=12, result=6, return=0x72A60999, context=after pfnRandomLong [low=0, high=6, result=2, return=0x72A60999, context=after pfnFreeFile [D:\Steam\steamapps\common\Half-Life\valve\sound\sentences.txt]]]
[2026-03-29 22:33:25.825] [info][general] hl.dll engine callback: pfnRandomLong [low=0, high=12, result=6, return=0x72A60999, context=after pfnRandomLong [low=0, high=6, result=2, return=0x72A60999, context=after pfnFreeFile [D:\Steam\steamapps\common\Half-Life\valve\sound\sentences.txt]]]
[2026-03-29 22:33:25.825] [info][general] Worldspawn trace: #678 map=c0a0 edict#0 classname=worldspawn pfnRandomLong [low=0, high=12, result=8, return=0x72A609A6, context=after pfnRandomLong [low=0, high=6, result=2, return=0x72A60999, context=after pfnFreeFile [D:\Steam\steamapps\common\Half-Life\valve\sound\sentences.txt]]]
[2026-03-29 22:33:25.825] [info][general] hl.dll engine callback: pfnRandomLong [low=0, high=12, result=8, return=0x72A609A6, context=after pfnRandomLong [low=0, high=6, result=2, return=0x72A60999, context=after pfnFreeFile [D:\Steam\steamapps\common\Half-Life\valve\sound\sentences.txt]]]
[2026-03-29 22:33:25.825] [info][general] Worldspawn trace: #679 map=c0a0 edict#0 classname=worldspawn pfnRandomLong [low=0, high=12, result=12, return=0x72A60999, context=after pfnRandomLong [low=0, high=6, result=2, return=0x72A60999, context=after pfnFreeFile [D:\Steam\steamapps\common\Half-Life\valve\sound\sentences.txt]]]
[2026-03-29 22:33:25.825] [info][general] hl.dll engine callback: pfnRandomLong [low=0, high=12, result=12, return=0x72A60999, context=after pfnRandomLong [low=0, high=6, result=2, return=0x72A60999, context=after pfnFreeFile [D:\Steam\steamapps\common\Half-Life\valve\sound\sentences.txt]]]
[2026-03-29 22:33:25.826] [info][general] Worldspawn trace: #680 map=c0a0 edict#0 classname=worldspawn pfnRandomLong [low=0, high=12, result=8, return=0x72A609A6, context=after pfnRandomLong [low=0, high=6, result=2, return=0x72A60999, context=after pfnFreeFile [D:\Steam\steamapps\common\Half-Life\valve\sound\sentences.txt]]]
[2026-03-29 22:33:25.826] [info][general] hl.dll engine callback: pfnRandomLong [low=0, high=12, result=8, return=0x72A609A6, context=after pfnRandomLong [low=0, high=6, result=2, return=0x72A60999, context=after pfnFreeFile [D:\Steam\steamapps\common\Half-Life\valve\sound\sentences.txt]]]
[2026-03-29 22:33:25.826] [info][general] Worldspawn trace: #681 map=c0a0 edict#0 classname=worldspawn pfnRandomLong [low=0, high=12, result=9, return=0x72A60999, context=after pfnRandomLong [low=0, high=6, result=2, return=0x72A60999, context=after pfnFreeFile [D:\Steam\steamapps\common\Half-Life\valve\sound\sentences.txt]]]
[2026-03-29 22:33:25.826] [info][general] hl.dll engine callback: pfnRandomLong [low=0, high=12, result=9, return=0x72A60999, context=after pfnRandomLong [low=0, high=6, result=2, return=0x72A60999, context=after pfnFreeFile [D:\Steam\steamapps\common\Half-Life\valve\sound\sentences.txt]]]
[2026-03-29 22:33:25.826] [info][general] Worldspawn trace: #682 map=c0a0 edict#0 classname=worldspawn pfnRandomLong [low=0, high=12, result=5, return=0x72A609A6, context=after pfnRandomLong [low=0, high=6, result=2, return=0x72A60999, context=after pfnFreeFile [D:\Steam\steamapps\common\Half-Life\valve\sound\sentences.txt]]]
[2026-03-29 22:33:25.827] [info][general] hl.dll engine callback: pfnRandomLong [low=0, high=12, result=5, return=0x72A609A6, context=after pfnRandomLong [low=0, high=6, result=2, return=0x72A60999, context=after pfnFreeFile [D:\Steam\steamapps\common\Half-Life\valve\sound\sentences.txt]]]
[2026-03-29 22:33:25.827] [info][general] Worldspawn trace: #683 map=c0a0 edict#0 classname=worldspawn pfnRandomLong [low=0, high=12, result=11, return=0x72A60999, context=after pfnRandomLong [low=0, high=6, result=2, return=0x72A60999, context=after pfnFreeFile [D:\Steam\steamapps\common\Half-Life\valve\sound\sentences.txt]]]
[2026-03-29 22:33:25.827] [info][general] hl.dll engine callback: pfnRandomLong [low=0, high=12, result=11, return=0x72A60999, context=after pfnRandomLong [low=0, high=6, result=2, return=0x72A60999, context=after pfnFreeFile [D:\Steam\steamapps\common\Half-Life\valve\sound\sentences.txt]]]
[2026-03-29 22:33:25.827] [info][general] Worldspawn trace: #684 map=c0a0 edict#0 classname=worldspawn pfnRandomLong [low=0, high=12, result=8, return=0x72A609A6, context=after pfnRandomLong [low=0, high=6, result=2, return=0x72A60999, context=after pfnFreeFile [D:\Steam\steamapps\common\Half-Life\valve\sound\sentences.txt]]]
[2026-03-29 22:33:25.827] [info][general] hl.dll engine callback: pfnRandomLong [low=0, high=12, result=8, return=0x72A609A6, context=after pfnRandomLong [low=0, high=6, result=2, return=0x72A60999, context=after pfnFreeFile [D:\Steam\steamapps\common\Half-Life\valve\sound\sentences.txt]]]
[2026-03-29 22:33:25.827] [info][general] Worldspawn trace: #685 map=c0a0 edict#0 classname=worldspawn pfnRandomLong [low=0, high=12, result=3, return=0x72A60999, context=after pfnRandomLong [low=0, high=6, result=2, return=0x72A60999, context=after pfnFreeFile [D:\Steam\steamapps\common\Half-Life\valve\sound\sentences.txt]]]
[2026-03-29 22:33:25.828] [info][general] hl.dll engine callback: pfnRandomLong [low=0, high=12, result=3, return=0x72A60999, context=after pfnRandomLong [low=0, high=6, result=2, return=0x72A60999, context=after pfnFreeFile [D:\Steam\steamapps\common\Half-Life\valve\sound\sentences.txt]]]
[2026-03-29 22:33:25.828] [info][general] Worldspawn trace: #686 map=c0a0 edict#0 classname=worldspawn pfnRandomLong [low=0, high=12, result=0, return=0x72A609A6, context=after pfnRandomLong [low=0, high=6, result=2, return=0x72A60999, context=after pfnFreeFile [D:\Steam\steamapps\common\Half-Life\valve\sound\sentences.txt]]]
[2026-03-29 22:33:25.828] [info][general] hl.dll engine callback: pfnRandomLong [low=0, high=12, result=0, return=0x72A609A6, context=after pfnRandomLong [low=0, high=6, result=2, return=0x72A60999, context=after pfnFreeFile [D:\Steam\steamapps\common\Half-Life\valve\sound\sentences.txt]]]
[2026-03-29 22:33:25.828] [info][general] Worldspawn trace: #687 map=c0a0 edict#0 classname=worldspawn pfnRandomLong [low=0, high=12, result=7, return=0x72A60999, context=after pfnRandomLong [low=0, high=6, result=2, return=0x72A60999, context=after pfnFreeFile [D:\Steam\steamapps\common\Half-Life\valve\sound\sentences.txt]]]
[2026-03-29 22:33:25.828] [info][general] hl.dll engine callback: pfnRandomLong [low=0, high=12, result=7, return=0x72A60999, context=after pfnRandomLong [low=0, high=6, result=2, return=0x72A60999, context=after pfnFreeFile [D:\Steam\steamapps\common\Half-Life\valve\sound\sentences.txt]]]
[2026-03-29 22:33:25.828] [info][general] Worldspawn trace: #688 map=c0a0 edict#0 classname=worldspawn pfnRandomLong [low=0, high=12, result=5, return=0x72A609A6, context=after pfnRandomLong [low=0, high=6, result=2, return=0x72A60999, context=after pfnFreeFile [D:\Steam\steamapps\common\Half-Life\valve\sound\sentences.txt]]]
[2026-03-29 22:33:25.829] [info][general] hl.dll engine callback: pfnRandomLong [low=0, high=12, result=5, return=0x72A609A6, context=after pfnRandomLong [low=0, high=6, result=2, return=0x72A60999, context=after pfnFreeFile [D:\Steam\steamapps\common\Half-Life\valve\sound\sentences.txt]]]
[2026-03-29 22:33:25.829] [info][general] Worldspawn trace: #689 map=c0a0 edict#0 classname=worldspawn pfnRandomLong [low=0, high=12, result=12, return=0x72A60999, context=after pfnRandomLong [low=0, high=6, result=2, return=0x72A60999, context=after pfnFreeFile [D:\Steam\steamapps\common\Half-Life\valve\sound\sentences.txt]]]
[2026-03-29 22:33:25.829] [info][general] hl.dll engine callback: pfnRandomLong [low=0, high=12, result=12, return=0x72A60999, context=after pfnRandomLong [low=0, high=6, result=2, return=0x72A60999, context=after pfnFreeFile [D:\Steam\steamapps\common\Half-Life\valve\sound\sentences.txt]]]
[2026-03-29 22:33:25.829] [info][general] Worldspawn trace: #690 map=c0a0 edict#0 classname=worldspawn pfnRandomLong [low=0, high=12, result=6, return=0x72A609A6, context=after pfnRandomLong [low=0, high=6, result=2, return=0x72A60999, context=after pfnFreeFile [D:\Steam\steamapps\common\Half-Life\valve\sound\sentences.txt]]]
[2026-03-29 22:33:25.829] [info][general] hl.dll engine callback: pfnRandomLong [low=0, high=12, result=6, return=0x72A609A6, context=after pfnRandomLong [low=0, high=6, result=2, return=0x72A60999, context=after pfnFreeFile [D:\Steam\steamapps\common\Half-Life\valve\sound\sentences.txt]]]
[2026-03-29 22:33:25.830] [info][general] Worldspawn trace: #691 map=c0a0 edict#0 classname=worldspawn pfnRandomLong [low=0, high=12, result=10, return=0x72A60999, context=after pfnRandomLong [low=0, high=6, result=2, return=0x72A60999, context=after pfnFreeFile [D:\Steam\steamapps\common\Half-Life\valve\sound\sentences.txt]]]
[2026-03-29 22:33:25.831] [info][general] hl.dll engine callback: pfnRandomLong [low=0, high=12, result=10, return=0x72A60999, context=after pfnRandomLong [low=0, high=6, result=2, return=0x72A60999, context=after pfnFreeFile [D:\Steam\steamapps\common\Half-Life\valve\sound\sentences.txt]]]
[2026-03-29 22:33:25.831] [info][general] Worldspawn trace: #692 map=c0a0 edict#0 classname=worldspawn pfnRandomLong [low=0, high=12, result=6, return=0x72A609A6, context=after pfnRandomLong [low=0, high=6, result=2, return=0x72A60999, context=after pfnFreeFile [D:\Steam\steamapps\common\Half-Life\valve\sound\sentences.txt]]]
[2026-03-29 22:33:25.831] [info][general] hl.dll engine callback: pfnRandomLong [low=0, high=12, result=6, return=0x72A609A6, context=after pfnRandomLong [low=0, high=6, result=2, return=0x72A60999, context=after pfnFreeFile [D:\Steam\steamapps\common\Half-Life\valve\sound\sentences.txt]]]
[2026-03-29 22:33:25.831] [info][general] Worldspawn trace: #693 map=c0a0 edict#0 classname=worldspawn pfnRandomLong [low=0, high=12, result=4, return=0x72A60999, context=after pfnRandomLong [low=0, high=6, result=2, return=0x72A60999, context=after pfnFreeFile [D:\Steam\steamapps\common\Half-Life\valve\sound\sentences.txt]]]
[2026-03-29 22:33:25.831] [info][general] hl.dll engine callback: pfnRandomLong [low=0, high=12, result=4, return=0x72A60999, context=after pfnRandomLong [low=0, high=6, result=2, return=0x72A60999, context=after pfnFreeFile [D:\Steam\steamapps\common\Half-Life\valve\sound\sentences.txt]]]
[2026-03-29 22:33:25.832] [info][general] Worldspawn trace: #694 map=c0a0 edict#0 classname=worldspawn pfnRandomLong [low=0, high=12, result=12, return=0x72A609A6, context=after pfnRandomLong [low=0, high=6, result=2, return=0x72A60999, context=after pfnFreeFile [D:\Steam\steamapps\common\Half-Life\valve\sound\sentences.txt]]]
[2026-03-29 22:33:25.832] [info][general] hl.dll engine callback: pfnRandomLong [low=0, high=12, result=12, return=0x72A609A6, context=after pfnRandomLong [low=0, high=6, result=2, return=0x72A60999, context=after pfnFreeFile [D:\Steam\steamapps\common\Half-Life\valve\sound\sentences.txt]]]
[2026-03-29 22:33:25.832] [info][general] Worldspawn trace: #695 map=c0a0 edict#0 classname=worldspawn pfnRandomLong [low=0, high=12, result=9, return=0x72A60999, context=after pfnRandomLong [low=0, high=6, result=2, return=0x72A60999, context=after pfnFreeFile [D:\Steam\steamapps\common\Half-Life\valve\sound\sentences.txt]]]
[2026-03-29 22:33:25.832] [info][general] hl.dll engine callback: pfnRandomLong [low=0, high=12, result=9, return=0x72A60999, context=after pfnRandomLong [low=0, high=6, result=2, return=0x72A60999, context=after pfnFreeFile [D:\Steam\steamapps\common\Half-Life\valve\sound\sentences.txt]]]
[2026-03-29 22:33:25.833] [info][general] Worldspawn trace: #696 map=c0a0 edict#0 classname=worldspawn pfnRandomLong [low=0, high=12, result=4, return=0x72A609A6, context=after pfnRandomLong [low=0, high=6, result=2, return=0x72A60999, context=after pfnFreeFile [D:\Steam\steamapps\common\Half-Life\valve\sound\sentences.txt]]]
[2026-03-29 22:33:25.833] [info][general] hl.dll engine callback: pfnRandomLong [low=0, high=12, result=4, return=0x72A609A6, context=after pfnRandomLong [low=0, high=6, result=2, return=0x72A60999, context=after pfnFreeFile [D:\Steam\steamapps\common\Half-Life\valve\sound\sentences.txt]]]
[2026-03-29 22:33:25.833] [info][general] Worldspawn trace: #697 map=c0a0 edict#0 classname=worldspawn pfnRandomLong [low=0, high=12, result=1, return=0x72A60999, context=after pfnRandomLong [low=0, high=6, result=2, return=0x72A60999, context=after pfnFreeFile [D:\Steam\steamapps\common\Half-Life\valve\sound\sentences.txt]]]
[2026-03-29 22:33:25.833] [info][general] hl.dll engine callback: pfnRandomLong [low=0, high=12, result=1, return=0x72A60999, context=after pfnRandomLong [low=0, high=6, result=2, return=0x72A60999, context=after pfnFreeFile [D:\Steam\steamapps\common\Half-Life\valve\sound\sentences.txt]]]
[2026-03-29 22:33:25.833] [info][general] Worldspawn trace: #698 map=c0a0 edict#0 classname=worldspawn pfnRandomLong [low=0, high=12, result=5, return=0x72A609A6, context=after pfnRandomLong [low=0, high=6, result=2, return=0x72A60999, context=after pfnFreeFile [D:\Steam\steamapps\common\Half-Life\valve\sound\sentences.txt]]]
[2026-03-29 22:33:25.833] [info][general] hl.dll engine callback: pfnRandomLong [low=0, high=12, result=5, return=0x72A609A6, context=after pfnRandomLong [low=0, high=6, result=2, return=0x72A60999, context=after pfnFreeFile [D:\Steam\steamapps\common\Half-Life\valve\sound\sentences.txt]]]
[2026-03-29 22:33:25.834] [info][general] Worldspawn trace: #699 map=c0a0 edict#0 classname=worldspawn pfnRandomLong [low=0, high=12, result=3, return=0x72A60999, context=after pfnRandomLong [low=0, high=6, result=2, return=0x72A60999, context=after pfnFreeFile [D:\Steam\steamapps\common\Half-Life\valve\sound\sentences.txt]]]
[2026-03-29 22:33:25.834] [info][general] hl.dll engine callback: pfnRandomLong [low=0, high=12, result=3, return=0x72A60999, context=after pfnRandomLong [low=0, high=6, result=2, return=0x72A60999, context=after pfnFreeFile [D:\Steam\steamapps\common\Half-Life\valve\sound\sentences.txt]]]
[2026-03-29 22:33:25.834] [info][general] Worldspawn trace: #700 map=c0a0 edict#0 classname=worldspawn pfnRandomLong [low=0, high=12, result=1, return=0x72A609A6, context=after pfnRandomLong [low=0, high=6, result=2, return=0x72A60999, context=after pfnFreeFile [D:\Steam\steamapps\common\Half-Life\valve\sound\sentences.txt]]]
[2026-03-29 22:33:25.834] [info][general] hl.dll engine callback: pfnRandomLong [low=0, high=12, result=1, return=0x72A609A6, context=after pfnRandomLong [low=0, high=6, result=2, return=0x72A60999, context=after pfnFreeFile [D:\Steam\steamapps\common\Half-Life\valve\sound\sentences.txt]]]
[2026-03-29 22:33:25.834] [info][general] Worldspawn trace: #701 map=c0a0 edict#0 classname=worldspawn pfnRandomLong [low=0, high=12, result=2, return=0x72A60999, context=after pfnRandomLong [low=0, high=6, result=2, return=0x72A60999, context=after pfnFreeFile [D:\Steam\steamapps\common\Half-Life\valve\sound\sentences.txt]]]
[2026-03-29 22:33:25.835] [info][general] hl.dll engine callback: pfnRandomLong [low=0, high=12, result=2, return=0x72A60999, context=after pfnRandomLong [low=0, high=6, result=2, return=0x72A60999, context=after pfnFreeFile [D:\Steam\steamapps\common\Half-Life\valve\sound\sentences.txt]]]
[2026-03-29 22:33:25.835] [info][general] Worldspawn trace: #702 map=c0a0 edict#0 classname=worldspawn pfnRandomLong [low=0, high=12, result=4, return=0x72A609A6, context=after pfnRandomLong [low=0, high=6, result=2, return=0x72A60999, context=after pfnFreeFile [D:\Steam\steamapps\common\Half-Life\valve\sound\sentences.txt]]]
[2026-03-29 22:33:25.835] [info][general] hl.dll engine callback: pfnRandomLong [low=0, high=12, result=4, return=0x72A609A6, context=after pfnRandomLong [low=0, high=6, result=2, return=0x72A60999, context=after pfnFreeFile [D:\Steam\steamapps\common\Half-Life\valve\sound\sentences.txt]]]
[2026-03-29 22:33:25.835] [info][general] Worldspawn trace: #703 map=c0a0 edict#0 classname=worldspawn pfnRandomLong [low=0, high=12, result=2, return=0x72A60999, context=after pfnRandomLong [low=0, high=6, result=2, return=0x72A60999, context=after pfnFreeFile [D:\Steam\steamapps\common\Half-Life\valve\sound\sentences.txt]]]
[2026-03-29 22:33:25.835] [info][general] hl.dll engine callback: pfnRandomLong [low=0, high=12, result=2, return=0x72A60999, context=after pfnRandomLong [low=0, high=6, result=2, return=0x72A60999, context=after pfnFreeFile [D:\Steam\steamapps\common\Half-Life\valve\sound\sentences.txt]]]
[2026-03-29 22:33:25.836] [info][general] Worldspawn trace: #704 map=c0a0 edict#0 classname=worldspawn pfnRandomLong [low=0, high=12, result=2, return=0x72A609A6, context=after pfnRandomLong [low=0, high=6, result=2, return=0x72A60999, context=after pfnFreeFile [D:\Steam\steamapps\common\Half-Life\valve\sound\sentences.txt]]]
[2026-03-29 22:33:25.836] [info][general] hl.dll engine callback: pfnRandomLong [low=0, high=12, result=2, return=0x72A609A6, context=after pfnRandomLong [low=0, high=6, result=2, return=0x72A60999, context=after pfnFreeFile [D:\Steam\steamapps\common\Half-Life\valve\sound\sentences.txt]]]
[2026-03-29 22:33:25.836] [info][general] Worldspawn trace: #705 map=c0a0 edict#0 classname=worldspawn pfnRandomLong [low=0, high=7, result=0, return=0x72A60999, context=after pfnRandomLong [low=0, high=6, result=2, return=0x72A60999, context=after pfnFreeFile [D:\Steam\steamapps\common\Half-Life\valve\sound\sentences.txt]]]
[2026-03-29 22:33:25.836] [info][general] hl.dll engine callback: pfnRandomLong [low=0, high=7, result=0, return=0x72A60999, context=after pfnRandomLong [low=0, high=6, result=2, return=0x72A60999, context=after pfnFreeFile [D:\Steam\steamapps\common\Half-Life\valve\sound\sentences.txt]]]
[2026-03-29 22:33:25.836] [info][general] Worldspawn trace: #706 map=c0a0 edict#0 classname=worldspawn pfnRandomLong [low=0, high=7, result=7, return=0x72A609A6, context=after pfnRandomLong [low=0, high=6, result=2, return=0x72A60999, context=after pfnFreeFile [D:\Steam\steamapps\common\Half-Life\valve\sound\sentences.txt]]]
[2026-03-29 22:33:25.836] [info][general] hl.dll engine callback: pfnRandomLong [low=0, high=7, result=7, return=0x72A609A6, context=after pfnRandomLong [low=0, high=6, result=2, return=0x72A60999, context=after pfnFreeFile [D:\Steam\steamapps\common\Half-Life\valve\sound\sentences.txt]]]
[2026-03-29 22:33:25.837] [info][general] Worldspawn trace: #707 map=c0a0 edict#0 classname=worldspawn pfnRandomLong [low=0, high=7, result=2, return=0x72A60999, context=after pfnRandomLong [low=0, high=6, result=2, return=0x72A60999, context=after pfnFreeFile [D:\Steam\steamapps\common\Half-Life\valve\sound\sentences.txt]]]
[2026-03-29 22:33:25.837] [info][general] hl.dll engine callback: pfnRandomLong [low=0, high=7, result=2, return=0x72A60999, context=after pfnRandomLong [low=0, high=6, result=2, return=0x72A60999, context=after pfnFreeFile [D:\Steam\steamapps\common\Half-Life\valve\sound\sentences.txt]]]
[2026-03-29 22:33:25.838] [info][general] Worldspawn trace: #708 map=c0a0 edict#0 classname=worldspawn pfnRandomLong [low=0, high=7, result=1, return=0x72A609A6, context=after pfnRandomLong [low=0, high=6, result=2, return=0x72A60999, context=after pfnFreeFile [D:\Steam\steamapps\common\Half-Life\valve\sound\sentences.txt]]]
[2026-03-29 22:33:25.838] [info][general] hl.dll engine callback: pfnRandomLong [low=0, high=7, result=1, return=0x72A609A6, context=after pfnRandomLong [low=0, high=6, result=2, return=0x72A60999, context=after pfnFreeFile [D:\Steam\steamapps\common\Half-Life\valve\sound\sentences.txt]]]
[2026-03-29 22:33:25.838] [info][general] Worldspawn trace: #709 map=c0a0 edict#0 classname=worldspawn pfnRandomLong [low=0, high=7, result=4, return=0x72A60999, context=after pfnRandomLong [low=0, high=6, result=2, return=0x72A60999, context=after pfnFreeFile [D:\Steam\steamapps\common\Half-Life\valve\sound\sentences.txt]]]
[2026-03-29 22:33:25.838] [info][general] hl.dll engine callback: pfnRandomLong [low=0, high=7, result=4, return=0x72A60999, context=after pfnRandomLong [low=0, high=6, result=2, return=0x72A60999, context=after pfnFreeFile [D:\Steam\steamapps\common\Half-Life\valve\sound\sentences.txt]]]
[2026-03-29 22:33:25.838] [info][general] Worldspawn trace: #710 map=c0a0 edict#0 classname=worldspawn pfnRandomLong [low=0, high=7, result=3, return=0x72A609A6, context=after pfnRandomLong [low=0, high=6, result=2, return=0x72A60999, context=after pfnFreeFile [D:\Steam\steamapps\common\Half-Life\valve\sound\sentences.txt]]]
[2026-03-29 22:33:25.839] [info][general] hl.dll engine callback: pfnRandomLong [low=0, high=7, result=3, return=0x72A609A6, context=after pfnRandomLong [low=0, high=6, result=2, return=0x72A60999, context=after pfnFreeFile [D:\Steam\steamapps\common\Half-Life\valve\sound\sentences.txt]]]
[2026-03-29 22:33:25.839] [info][general] Worldspawn trace: #711 map=c0a0 edict#0 classname=worldspawn pfnRandomLong [low=0, high=7, result=6, return=0x72A60999, context=after pfnRandomLong [low=0, high=6, result=2, return=0x72A60999, context=after pfnFreeFile [D:\Steam\steamapps\common\Half-Life\valve\sound\sentences.txt]]]
[2026-03-29 22:33:25.839] [info][general] hl.dll engine callback: pfnRandomLong [low=0, high=7, result=6, return=0x72A60999, context=after pfnRandomLong [low=0, high=6, result=2, return=0x72A60999, context=after pfnFreeFile [D:\Steam\steamapps\common\Half-Life\valve\sound\sentences.txt]]]
[2026-03-29 22:33:25.839] [info][general] Worldspawn trace: #712 map=c0a0 edict#0 classname=worldspawn pfnRandomLong [low=0, high=7, result=5, return=0x72A609A6, context=after pfnRandomLong [low=0, high=6, result=2, return=0x72A60999, context=after pfnFreeFile [D:\Steam\steamapps\common\Half-Life\valve\sound\sentences.txt]]]
[2026-03-29 22:33:25.839] [info][general] hl.dll engine callback: pfnRandomLong [low=0, high=7, result=5, return=0x72A609A6, context=after pfnRandomLong [low=0, high=6, result=2, return=0x72A60999, context=after pfnFreeFile [D:\Steam\steamapps\common\Half-Life\valve\sound\sentences.txt]]]
[2026-03-29 22:33:25.839] [info][general] Worldspawn trace: #713 map=c0a0 edict#0 classname=worldspawn pfnRandomLong [low=0, high=7, result=0, return=0x72A60999, context=after pfnRandomLong [low=0, high=6, result=2, return=0x72A60999, context=after pfnFreeFile [D:\Steam\steamapps\common\Half-Life\valve\sound\sentences.txt]]]
[2026-03-29 22:33:25.840] [info][general] hl.dll engine callback: pfnRandomLong [low=0, high=7, result=0, return=0x72A60999, context=after pfnRandomLong [low=0, high=6, result=2, return=0x72A60999, context=after pfnFreeFile [D:\Steam\steamapps\common\Half-Life\valve\sound\sentences.txt]]]
[2026-03-29 22:33:25.840] [info][general] Worldspawn trace: #714 map=c0a0 edict#0 classname=worldspawn pfnRandomLong [low=0, high=7, result=7, return=0x72A609A6, context=after pfnRandomLong [low=0, high=6, result=2, return=0x72A60999, context=after pfnFreeFile [D:\Steam\steamapps\common\Half-Life\valve\sound\sentences.txt]]]
[2026-03-29 22:33:25.840] [info][general] hl.dll engine callback: pfnRandomLong [low=0, high=7, result=7, return=0x72A609A6, context=after pfnRandomLong [low=0, high=6, result=2, return=0x72A60999, context=after pfnFreeFile [D:\Steam\steamapps\common\Half-Life\valve\sound\sentences.txt]]]
[2026-03-29 22:33:25.840] [info][general] Worldspawn trace: #715 map=c0a0 edict#0 classname=worldspawn pfnRandomLong [low=0, high=7, result=2, return=0x72A60999, context=after pfnRandomLong [low=0, high=6, result=2, return=0x72A60999, context=after pfnFreeFile [D:\Steam\steamapps\common\Half-Life\valve\sound\sentences.txt]]]
[2026-03-29 22:33:25.840] [info][general] hl.dll engine callback: pfnRandomLong [low=0, high=7, result=2, return=0x72A60999, context=after pfnRandomLong [low=0, high=6, result=2, return=0x72A60999, context=after pfnFreeFile [D:\Steam\steamapps\common\Half-Life\valve\sound\sentences.txt]]]
[2026-03-29 22:33:25.841] [info][general] Worldspawn trace: #716 map=c0a0 edict#0 classname=worldspawn pfnRandomLong [low=0, high=7, result=1, return=0x72A609A6, context=after pfnRandomLong [low=0, high=6, result=2, return=0x72A60999, context=after pfnFreeFile [D:\Steam\steamapps\common\Half-Life\valve\sound\sentences.txt]]]
[2026-03-29 22:33:25.841] [info][general] hl.dll engine callback: pfnRandomLong [low=0, high=7, result=1, return=0x72A609A6, context=after pfnRandomLong [low=0, high=6, result=2, return=0x72A60999, context=after pfnFreeFile [D:\Steam\steamapps\common\Half-Life\valve\sound\sentences.txt]]]
[2026-03-29 22:33:25.841] [info][general] Worldspawn trace: #717 map=c0a0 edict#0 classname=worldspawn pfnRandomLong [low=0, high=7, result=4, return=0x72A60999, context=after pfnRandomLong [low=0, high=6, result=2, return=0x72A60999, context=after pfnFreeFile [D:\Steam\steamapps\common\Half-Life\valve\sound\sentences.txt]]]
[2026-03-29 22:33:25.841] [info][general] hl.dll engine callback: pfnRandomLong [low=0, high=7, result=4, return=0x72A60999, context=after pfnRandomLong [low=0, high=6, result=2, return=0x72A60999, context=after pfnFreeFile [D:\Steam\steamapps\common\Half-Life\valve\sound\sentences.txt]]]
[2026-03-29 22:33:25.841] [info][general] Worldspawn trace: #718 map=c0a0 edict#0 classname=worldspawn pfnRandomLong [low=0, high=7, result=3, return=0x72A609A6, context=after pfnRandomLong [low=0, high=6, result=2, return=0x72A60999, context=after pfnFreeFile [D:\Steam\steamapps\common\Half-Life\valve\sound\sentences.txt]]]
[2026-03-29 22:33:25.842] [info][general] hl.dll engine callback: pfnRandomLong [low=0, high=7, result=3, return=0x72A609A6, context=after pfnRandomLong [low=0, high=6, result=2, return=0x72A60999, context=after pfnFreeFile [D:\Steam\steamapps\common\Half-Life\valve\sound\sentences.txt]]]
[2026-03-29 22:33:25.842] [info][general] Worldspawn trace: #719 map=c0a0 edict#0 classname=worldspawn pfnRandomLong [low=0, high=7, result=6, return=0x72A60999, context=after pfnRandomLong [low=0, high=6, result=2, return=0x72A60999, context=after pfnFreeFile [D:\Steam\steamapps\common\Half-Life\valve\sound\sentences.txt]]]
[2026-03-29 22:33:25.842] [info][general] hl.dll engine callback: pfnRandomLong [low=0, high=7, result=6, return=0x72A60999, context=after pfnRandomLong [low=0, high=6, result=2, return=0x72A60999, context=after pfnFreeFile [D:\Steam\steamapps\common\Half-Life\valve\sound\sentences.txt]]]
[2026-03-29 22:33:25.842] [info][general] Worldspawn trace: #720 map=c0a0 edict#0 classname=worldspawn pfnRandomLong [low=0, high=7, result=5, return=0x72A609A6, context=after pfnRandomLong [low=0, high=6, result=2, return=0x72A60999, context=after pfnFreeFile [D:\Steam\steamapps\common\Half-Life\valve\sound\sentences.txt]]]
[2026-03-29 22:33:25.842] [info][general] hl.dll engine callback: pfnRandomLong [low=0, high=7, result=5, return=0x72A609A6, context=after pfnRandomLong [low=0, high=6, result=2, return=0x72A60999, context=after pfnFreeFile [D:\Steam\steamapps\common\Half-Life\valve\sound\sentences.txt]]]
[2026-03-29 22:33:25.842] [info][general] Worldspawn trace: #721 map=c0a0 edict#0 classname=worldspawn pfnRandomLong [low=0, high=7, result=0, return=0x72A60999, context=after pfnRandomLong [low=0, high=6, result=2, return=0x72A60999, context=after pfnFreeFile [D:\Steam\steamapps\common\Half-Life\valve\sound\sentences.txt]]]
[2026-03-29 22:33:25.843] [info][general] hl.dll engine callback: pfnRandomLong [low=0, high=7, result=0, return=0x72A60999, context=after pfnRandomLong [low=0, high=6, result=2, return=0x72A60999, context=after pfnFreeFile [D:\Steam\steamapps\common\Half-Life\valve\sound\sentences.txt]]]
[2026-03-29 22:33:25.843] [info][general] Worldspawn trace: #722 map=c0a0 edict#0 classname=worldspawn pfnRandomLong [low=0, high=7, result=7, return=0x72A609A6, context=after pfnRandomLong [low=0, high=6, result=2, return=0x72A60999, context=after pfnFreeFile [D:\Steam\steamapps\common\Half-Life\valve\sound\sentences.txt]]]
[2026-03-29 22:33:25.843] [info][general] hl.dll engine callback: pfnRandomLong [low=0, high=7, result=7, return=0x72A609A6, context=after pfnRandomLong [low=0, high=6, result=2, return=0x72A60999, context=after pfnFreeFile [D:\Steam\steamapps\common\Half-Life\valve\sound\sentences.txt]]]
[2026-03-29 22:33:25.843] [info][general] Worldspawn trace: #723 map=c0a0 edict#0 classname=worldspawn pfnRandomLong [low=0, high=7, result=2, return=0x72A60999, context=after pfnRandomLong [low=0, high=6, result=2, return=0x72A60999, context=after pfnFreeFile [D:\Steam\steamapps\common\Half-Life\valve\sound\sentences.txt]]]
[2026-03-29 22:33:25.843] [info][general] hl.dll engine callback: pfnRandomLong [low=0, high=7, result=2, return=0x72A60999, context=after pfnRandomLong [low=0, high=6, result=2, return=0x72A60999, context=after pfnFreeFile [D:\Steam\steamapps\common\Half-Life\valve\sound\sentences.txt]]]
[2026-03-29 22:33:25.844] [info][general] Worldspawn trace: #724 map=c0a0 edict#0 classname=worldspawn pfnRandomLong [low=0, high=7, result=1, return=0x72A609A6, context=after pfnRandomLong [low=0, high=6, result=2, return=0x72A60999, context=after pfnFreeFile [D:\Steam\steamapps\common\Half-Life\valve\sound\sentences.txt]]]
[2026-03-29 22:33:25.844] [info][general] hl.dll engine callback: pfnRandomLong [low=0, high=7, result=1, return=0x72A609A6, context=after pfnRandomLong [low=0, high=6, result=2, return=0x72A60999, context=after pfnFreeFile [D:\Steam\steamapps\common\Half-Life\valve\sound\sentences.txt]]]
[2026-03-29 22:33:25.844] [info][general] Worldspawn trace: #725 map=c0a0 edict#0 classname=worldspawn pfnRandomLong [low=0, high=7, result=4, return=0x72A60999, context=after pfnRandomLong [low=0, high=6, result=2, return=0x72A60999, context=after pfnFreeFile [D:\Steam\steamapps\common\Half-Life\valve\sound\sentences.txt]]]
[2026-03-29 22:33:25.844] [info][general] hl.dll engine callback: pfnRandomLong [low=0, high=7, result=4, return=0x72A60999, context=after pfnRandomLong [low=0, high=6, result=2, return=0x72A60999, context=after pfnFreeFile [D:\Steam\steamapps\common\Half-Life\valve\sound\sentences.txt]]]
[2026-03-29 22:33:25.845] [info][general] Worldspawn trace: #726 map=c0a0 edict#0 classname=worldspawn pfnRandomLong [low=0, high=7, result=3, return=0x72A609A6, context=after pfnRandomLong [low=0, high=6, result=2, return=0x72A60999, context=after pfnFreeFile [D:\Steam\steamapps\common\Half-Life\valve\sound\sentences.txt]]]
[2026-03-29 22:33:25.845] [info][general] hl.dll engine callback: pfnRandomLong [low=0, high=7, result=3, return=0x72A609A6, context=after pfnRandomLong [low=0, high=6, result=2, return=0x72A60999, context=after pfnFreeFile [D:\Steam\steamapps\common\Half-Life\valve\sound\sentences.txt]]]
[2026-03-29 22:33:25.845] [info][general] Worldspawn trace: #727 map=c0a0 edict#0 classname=worldspawn pfnRandomLong [low=0, high=7, result=6, return=0x72A60999, context=after pfnRandomLong [low=0, high=6, result=2, return=0x72A60999, context=after pfnFreeFile [D:\Steam\steamapps\common\Half-Life\valve\sound\sentences.txt]]]
[2026-03-29 22:33:25.845] [info][general] hl.dll engine callback: pfnRandomLong [low=0, high=7, result=6, return=0x72A60999, context=after pfnRandomLong [low=0, high=6, result=2, return=0x72A60999, context=after pfnFreeFile [D:\Steam\steamapps\common\Half-Life\valve\sound\sentences.txt]]]
[2026-03-29 22:33:25.845] [info][general] Worldspawn trace: #728 map=c0a0 edict#0 classname=worldspawn pfnRandomLong [low=0, high=7, result=5, return=0x72A609A6, context=after pfnRandomLong [low=0, high=6, result=2, return=0x72A60999, context=after pfnFreeFile [D:\Steam\steamapps\common\Half-Life\valve\sound\sentences.txt]]]
[2026-03-29 22:33:25.846] [info][general] hl.dll engine callback: pfnRandomLong [low=0, high=7, result=5, return=0x72A609A6, context=after pfnRandomLong [low=0, high=6, result=2, return=0x72A60999, context=after pfnFreeFile [D:\Steam\steamapps\common\Half-Life\valve\sound\sentences.txt]]]
[2026-03-29 22:33:25.846] [info][general] Worldspawn trace: #729 map=c0a0 edict#0 classname=worldspawn pfnRandomLong [low=0, high=7, result=0, return=0x72A60999, context=after pfnRandomLong [low=0, high=6, result=2, return=0x72A60999, context=after pfnFreeFile [D:\Steam\steamapps\common\Half-Life\valve\sound\sentences.txt]]]
[2026-03-29 22:33:25.846] [info][general] hl.dll engine callback: pfnRandomLong [low=0, high=7, result=0, return=0x72A60999, context=after pfnRandomLong [low=0, high=6, result=2, return=0x72A60999, context=after pfnFreeFile [D:\Steam\steamapps\common\Half-Life\valve\sound\sentences.txt]]]
[2026-03-29 22:33:25.846] [info][general] Worldspawn trace: #730 map=c0a0 edict#0 classname=worldspawn pfnRandomLong [low=0, high=7, result=7, return=0x72A609A6, context=after pfnRandomLong [low=0, high=6, result=2, return=0x72A60999, context=after pfnFreeFile [D:\Steam\steamapps\common\Half-Life\valve\sound\sentences.txt]]]
[2026-03-29 22:33:25.846] [info][general] hl.dll engine callback: pfnRandomLong [low=0, high=7, result=7, return=0x72A609A6, context=after pfnRandomLong [low=0, high=6, result=2, return=0x72A60999, context=after pfnFreeFile [D:\Steam\steamapps\common\Half-Life\valve\sound\sentences.txt]]]
[2026-03-29 22:33:25.847] [info][general] Worldspawn trace: #731 map=c0a0 edict#0 classname=worldspawn pfnRandomLong [low=0, high=7, result=2, return=0x72A60999, context=after pfnRandomLong [low=0, high=6, result=2, return=0x72A60999, context=after pfnFreeFile [D:\Steam\steamapps\common\Half-Life\valve\sound\sentences.txt]]]
[2026-03-29 22:33:25.847] [info][general] hl.dll engine callback: pfnRandomLong [low=0, high=7, result=2, return=0x72A60999, context=after pfnRandomLong [low=0, high=6, result=2, return=0x72A60999, context=after pfnFreeFile [D:\Steam\steamapps\common\Half-Life\valve\sound\sentences.txt]]]
[2026-03-29 22:33:25.847] [info][general] Worldspawn trace: #732 map=c0a0 edict#0 classname=worldspawn pfnRandomLong [low=0, high=7, result=1, return=0x72A609A6, context=after pfnRandomLong [low=0, high=6, result=2, return=0x72A60999, context=after pfnFreeFile [D:\Steam\steamapps\common\Half-Life\valve\sound\sentences.txt]]]
[2026-03-29 22:33:25.847] [info][general] hl.dll engine callback: pfnRandomLong [low=0, high=7, result=1, return=0x72A609A6, context=after pfnRandomLong [low=0, high=6, result=2, return=0x72A60999, context=after pfnFreeFile [D:\Steam\steamapps\common\Half-Life\valve\sound\sentences.txt]]]
[2026-03-29 22:33:25.847] [info][general] Worldspawn trace: #733 map=c0a0 edict#0 classname=worldspawn pfnRandomLong [low=0, high=7, result=4, return=0x72A60999, context=after pfnRandomLong [low=0, high=6, result=2, return=0x72A60999, context=after pfnFreeFile [D:\Steam\steamapps\common\Half-Life\valve\sound\sentences.txt]]]
[2026-03-29 22:33:25.847] [info][general] hl.dll engine callback: pfnRandomLong [low=0, high=7, result=4, return=0x72A60999, context=after pfnRandomLong [low=0, high=6, result=2, return=0x72A60999, context=after pfnFreeFile [D:\Steam\steamapps\common\Half-Life\valve\sound\sentences.txt]]]
[2026-03-29 22:33:25.848] [info][general] Worldspawn trace: #734 map=c0a0 edict#0 classname=worldspawn pfnRandomLong [low=0, high=7, result=3, return=0x72A609A6, context=after pfnRandomLong [low=0, high=6, result=2, return=0x72A60999, context=after pfnFreeFile [D:\Steam\steamapps\common\Half-Life\valve\sound\sentences.txt]]]
[2026-03-29 22:33:25.848] [info][general] hl.dll engine callback: pfnRandomLong [low=0, high=7, result=3, return=0x72A609A6, context=after pfnRandomLong [low=0, high=6, result=2, return=0x72A60999, context=after pfnFreeFile [D:\Steam\steamapps\common\Half-Life\valve\sound\sentences.txt]]]
[2026-03-29 22:33:25.848] [info][general] Worldspawn trace: #735 map=c0a0 edict#0 classname=worldspawn pfnRandomLong [low=0, high=7, result=6, return=0x72A60999, context=after pfnRandomLong [low=0, high=6, result=2, return=0x72A60999, context=after pfnFreeFile [D:\Steam\steamapps\common\Half-Life\valve\sound\sentences.txt]]]
[2026-03-29 22:33:25.848] [info][general] hl.dll engine callback: pfnRandomLong [low=0, high=7, result=6, return=0x72A60999, context=after pfnRandomLong [low=0, high=6, result=2, return=0x72A60999, context=after pfnFreeFile [D:\Steam\steamapps\common\Half-Life\valve\sound\sentences.txt]]]
[2026-03-29 22:33:25.848] [info][general] Worldspawn trace: #736 map=c0a0 edict#0 classname=worldspawn pfnRandomLong [low=0, high=7, result=5, return=0x72A609A6, context=after pfnRandomLong [low=0, high=6, result=2, return=0x72A60999, context=after pfnFreeFile [D:\Steam\steamapps\common\Half-Life\valve\sound\sentences.txt]]]
[2026-03-29 22:33:25.849] [info][general] hl.dll engine callback: pfnRandomLong [low=0, high=7, result=5, return=0x72A609A6, context=after pfnRandomLong [low=0, high=6, result=2, return=0x72A60999, context=after pfnFreeFile [D:\Steam\steamapps\common\Half-Life\valve\sound\sentences.txt]]]
[2026-03-29 22:33:25.849] [info][general] Worldspawn trace: #737 map=c0a0 edict#0 classname=worldspawn pfnRandomLong [low=0, high=7, result=0, return=0x72A60999, context=after pfnRandomLong [low=0, high=6, result=2, return=0x72A60999, context=after pfnFreeFile [D:\Steam\steamapps\common\Half-Life\valve\sound\sentences.txt]]]
[2026-03-29 22:33:25.849] [info][general] hl.dll engine callback: pfnRandomLong [low=0, high=7, result=0, return=0x72A60999, context=after pfnRandomLong [low=0, high=6, result=2, return=0x72A60999, context=after pfnFreeFile [D:\Steam\steamapps\common\Half-Life\valve\sound\sentences.txt]]]
[2026-03-29 22:33:25.849] [info][general] Worldspawn trace: #738 map=c0a0 edict#0 classname=worldspawn pfnRandomLong [low=0, high=7, result=7, return=0x72A609A6, context=after pfnRandomLong [low=0, high=6, result=2, return=0x72A60999, context=after pfnFreeFile [D:\Steam\steamapps\common\Half-Life\valve\sound\sentences.txt]]]
[2026-03-29 22:33:25.849] [info][general] hl.dll engine callback: pfnRandomLong [low=0, high=7, result=7, return=0x72A609A6, context=after pfnRandomLong [low=0, high=6, result=2, return=0x72A60999, context=after pfnFreeFile [D:\Steam\steamapps\common\Half-Life\valve\sound\sentences.txt]]]
[2026-03-29 22:33:25.850] [info][general] Worldspawn trace: #739 map=c0a0 edict#0 classname=worldspawn pfnRandomLong [low=0, high=7, result=2, return=0x72A60999, context=after pfnRandomLong [low=0, high=6, result=2, return=0x72A60999, context=after pfnFreeFile [D:\Steam\steamapps\common\Half-Life\valve\sound\sentences.txt]]]
[2026-03-29 22:33:25.850] [info][general] hl.dll engine callback: pfnRandomLong [low=0, high=7, result=2, return=0x72A60999, context=after pfnRandomLong [low=0, high=6, result=2, return=0x72A60999, context=after pfnFreeFile [D:\Steam\steamapps\common\Half-Life\valve\sound\sentences.txt]]]
[2026-03-29 22:33:25.850] [info][general] Worldspawn trace: #740 map=c0a0 edict#0 classname=worldspawn pfnRandomLong [low=0, high=7, result=1, return=0x72A609A6, context=after pfnRandomLong [low=0, high=6, result=2, return=0x72A60999, context=after pfnFreeFile [D:\Steam\steamapps\common\Half-Life\valve\sound\sentences.txt]]]
[2026-03-29 22:33:25.850] [info][general] hl.dll engine callback: pfnRandomLong [low=0, high=7, result=1, return=0x72A609A6, context=after pfnRandomLong [low=0, high=6, result=2, return=0x72A60999, context=after pfnFreeFile [D:\Steam\steamapps\common\Half-Life\valve\sound\sentences.txt]]]
[2026-03-29 22:33:25.851] [info][general] Worldspawn trace: #741 map=c0a0 edict#0 classname=worldspawn pfnRandomLong [low=0, high=7, result=4, return=0x72A60999, context=after pfnRandomLong [low=0, high=6, result=2, return=0x72A60999, context=after pfnFreeFile [D:\Steam\steamapps\common\Half-Life\valve\sound\sentences.txt]]]
[2026-03-29 22:33:25.851] [info][general] hl.dll engine callback: pfnRandomLong [low=0, high=7, result=4, return=0x72A60999, context=after pfnRandomLong [low=0, high=6, result=2, return=0x72A60999, context=after pfnFreeFile [D:\Steam\steamapps\common\Half-Life\valve\sound\sentences.txt]]]
[2026-03-29 22:33:25.851] [info][general] Worldspawn trace: #742 map=c0a0 edict#0 classname=worldspawn pfnRandomLong [low=0, high=7, result=3, return=0x72A609A6, context=after pfnRandomLong [low=0, high=6, result=2, return=0x72A60999, context=after pfnFreeFile [D:\Steam\steamapps\common\Half-Life\valve\sound\sentences.txt]]]
[2026-03-29 22:33:25.851] [info][general] hl.dll engine callback: pfnRandomLong [low=0, high=7, result=3, return=0x72A609A6, context=after pfnRandomLong [low=0, high=6, result=2, return=0x72A60999, context=after pfnFreeFile [D:\Steam\steamapps\common\Half-Life\valve\sound\sentences.txt]]]
[2026-03-29 22:33:25.852] [info][general] Worldspawn trace: #743 map=c0a0 edict#0 classname=worldspawn pfnRandomLong [low=0, high=7, result=6, return=0x72A60999, context=after pfnRandomLong [low=0, high=6, result=2, return=0x72A60999, context=after pfnFreeFile [D:\Steam\steamapps\common\Half-Life\valve\sound\sentences.txt]]]
[2026-03-29 22:33:25.852] [info][general] hl.dll engine callback: pfnRandomLong [low=0, high=7, result=6, return=0x72A60999, context=after pfnRandomLong [low=0, high=6, result=2, return=0x72A60999, context=after pfnFreeFile [D:\Steam\steamapps\common\Half-Life\valve\sound\sentences.txt]]]
[2026-03-29 22:33:25.852] [info][general] Worldspawn trace: #744 map=c0a0 edict#0 classname=worldspawn pfnRandomLong [low=0, high=7, result=5, return=0x72A609A6, context=after pfnRandomLong [low=0, high=6, result=2, return=0x72A60999, context=after pfnFreeFile [D:\Steam\steamapps\common\Half-Life\valve\sound\sentences.txt]]]
[2026-03-29 22:33:25.852] [info][general] hl.dll engine callback: pfnRandomLong [low=0, high=7, result=5, return=0x72A609A6, context=after pfnRandomLong [low=0, high=6, result=2, return=0x72A60999, context=after pfnFreeFile [D:\Steam\steamapps\common\Half-Life\valve\sound\sentences.txt]]]
[2026-03-29 22:33:25.852] [info][general] Worldspawn trace: #745 map=c0a0 edict#0 classname=worldspawn pfnRandomLong [low=0, high=7, result=0, return=0x72A60999, context=after pfnRandomLong [low=0, high=6, result=2, return=0x72A60999, context=after pfnFreeFile [D:\Steam\steamapps\common\Half-Life\valve\sound\sentences.txt]]]
[2026-03-29 22:33:25.853] [info][general] hl.dll engine callback: pfnRandomLong [low=0, high=7, result=0, return=0x72A60999, context=after pfnRandomLong [low=0, high=6, result=2, return=0x72A60999, context=after pfnFreeFile [D:\Steam\steamapps\common\Half-Life\valve\sound\sentences.txt]]]
[2026-03-29 22:33:25.853] [info][general] Worldspawn trace: #746 map=c0a0 edict#0 classname=worldspawn pfnRandomLong [low=0, high=7, result=7, return=0x72A609A6, context=after pfnRandomLong [low=0, high=6, result=2, return=0x72A60999, context=after pfnFreeFile [D:\Steam\steamapps\common\Half-Life\valve\sound\sentences.txt]]]
[2026-03-29 22:33:25.853] [info][general] hl.dll engine callback: pfnRandomLong [low=0, high=7, result=7, return=0x72A609A6, context=after pfnRandomLong [low=0, high=6, result=2, return=0x72A60999, context=after pfnFreeFile [D:\Steam\steamapps\common\Half-Life\valve\sound\sentences.txt]]]
[2026-03-29 22:33:25.853] [info][general] Worldspawn trace: #747 map=c0a0 edict#0 classname=worldspawn pfnRandomLong [low=0, high=7, result=2, return=0x72A60999, context=after pfnRandomLong [low=0, high=6, result=2, return=0x72A60999, context=after pfnFreeFile [D:\Steam\steamapps\common\Half-Life\valve\sound\sentences.txt]]]
[2026-03-29 22:33:25.853] [info][general] hl.dll engine callback: pfnRandomLong [low=0, high=7, result=2, return=0x72A60999, context=after pfnRandomLong [low=0, high=6, result=2, return=0x72A60999, context=after pfnFreeFile [D:\Steam\steamapps\common\Half-Life\valve\sound\sentences.txt]]]
[2026-03-29 22:33:25.854] [info][general] Worldspawn trace: #748 map=c0a0 edict#0 classname=worldspawn pfnRandomLong [low=0, high=7, result=1, return=0x72A609A6, context=after pfnRandomLong [low=0, high=6, result=2, return=0x72A60999, context=after pfnFreeFile [D:\Steam\steamapps\common\Half-Life\valve\sound\sentences.txt]]]
[2026-03-29 22:33:25.854] [info][general] hl.dll engine callback: pfnRandomLong [low=0, high=7, result=1, return=0x72A609A6, context=after pfnRandomLong [low=0, high=6, result=2, return=0x72A60999, context=after pfnFreeFile [D:\Steam\steamapps\common\Half-Life\valve\sound\sentences.txt]]]
[2026-03-29 22:33:25.854] [info][general] Worldspawn trace: #749 map=c0a0 edict#0 classname=worldspawn pfnRandomLong [low=0, high=7, result=4, return=0x72A60999, context=after pfnRandomLong [low=0, high=6, result=2, return=0x72A60999, context=after pfnFreeFile [D:\Steam\steamapps\common\Half-Life\valve\sound\sentences.txt]]]
[2026-03-29 22:33:25.854] [info][general] hl.dll engine callback: pfnRandomLong [low=0, high=7, result=4, return=0x72A60999, context=after pfnRandomLong [low=0, high=6, result=2, return=0x72A60999, context=after pfnFreeFile [D:\Steam\steamapps\common\Half-Life\valve\sound\sentences.txt]]]
[2026-03-29 22:33:25.854] [info][general] Worldspawn trace: #750 map=c0a0 edict#0 classname=worldspawn pfnRandomLong [low=0, high=7, result=3, return=0x72A609A6, context=after pfnRandomLong [low=0, high=6, result=2, return=0x72A60999, context=after pfnFreeFile [D:\Steam\steamapps\common\Half-Life\valve\sound\sentences.txt]]]
[2026-03-29 22:33:25.855] [info][general] hl.dll engine callback: pfnRandomLong [low=0, high=7, result=3, return=0x72A609A6, context=after pfnRandomLong [low=0, high=6, result=2, return=0x72A60999, context=after pfnFreeFile [D:\Steam\steamapps\common\Half-Life\valve\sound\sentences.txt]]]
[2026-03-29 22:33:25.855] [info][general] Worldspawn trace: #751 map=c0a0 edict#0 classname=worldspawn pfnRandomLong [low=0, high=7, result=6, return=0x72A60999, context=after pfnRandomLong [low=0, high=6, result=2, return=0x72A60999, context=after pfnFreeFile [D:\Steam\steamapps\common\Half-Life\valve\sound\sentences.txt]]]
[2026-03-29 22:33:25.855] [info][general] hl.dll engine callback: pfnRandomLong [low=0, high=7, result=6, return=0x72A60999, context=after pfnRandomLong [low=0, high=6, result=2, return=0x72A60999, context=after pfnFreeFile [D:\Steam\steamapps\common\Half-Life\valve\sound\sentences.txt]]]
[2026-03-29 22:33:25.855] [info][general] Worldspawn trace: #752 map=c0a0 edict#0 classname=worldspawn pfnRandomLong [low=0, high=7, result=5, return=0x72A609A6, context=after pfnRandomLong [low=0, high=6, result=2, return=0x72A60999, context=after pfnFreeFile [D:\Steam\steamapps\common\Half-Life\valve\sound\sentences.txt]]]
[2026-03-29 22:33:25.855] [info][general] hl.dll engine callback: pfnRandomLong [low=0, high=7, result=5, return=0x72A609A6, context=after pfnRandomLong [low=0, high=6, result=2, return=0x72A60999, context=after pfnFreeFile [D:\Steam\steamapps\common\Half-Life\valve\sound\sentences.txt]]]
[2026-03-29 22:33:25.856] [info][general] Worldspawn trace: #753 map=c0a0 edict#0 classname=worldspawn pfnRandomLong [low=0, high=7, result=0, return=0x72A60999, context=after pfnRandomLong [low=0, high=6, result=2, return=0x72A60999, context=after pfnFreeFile [D:\Steam\steamapps\common\Half-Life\valve\sound\sentences.txt]]]
[2026-03-29 22:33:25.856] [info][general] hl.dll engine callback: pfnRandomLong [low=0, high=7, result=0, return=0x72A60999, context=after pfnRandomLong [low=0, high=6, result=2, return=0x72A60999, context=after pfnFreeFile [D:\Steam\steamapps\common\Half-Life\valve\sound\sentences.txt]]]
[2026-03-29 22:33:25.856] [info][general] Worldspawn trace: #754 map=c0a0 edict#0 classname=worldspawn pfnRandomLong [low=0, high=7, result=7, return=0x72A609A6, context=after pfnRandomLong [low=0, high=6, result=2, return=0x72A60999, context=after pfnFreeFile [D:\Steam\steamapps\common\Half-Life\valve\sound\sentences.txt]]]
[2026-03-29 22:33:25.856] [info][general] hl.dll engine callback: pfnRandomLong [low=0, high=7, result=7, return=0x72A609A6, context=after pfnRandomLong [low=0, high=6, result=2, return=0x72A60999, context=after pfnFreeFile [D:\Steam\steamapps\common\Half-Life\valve\sound\sentences.txt]]]
[2026-03-29 22:33:25.856] [info][general] Worldspawn trace: #755 map=c0a0 edict#0 classname=worldspawn pfnRandomLong [low=0, high=7, result=2, return=0x72A60999, context=after pfnRandomLong [low=0, high=6, result=2, return=0x72A60999, context=after pfnFreeFile [D:\Steam\steamapps\common\Half-Life\valve\sound\sentences.txt]]]
[2026-03-29 22:33:25.856] [info][general] hl.dll engine callback: pfnRandomLong [low=0, high=7, result=2, return=0x72A60999, context=after pfnRandomLong [low=0, high=6, result=2, return=0x72A60999, context=after pfnFreeFile [D:\Steam\steamapps\common\Half-Life\valve\sound\sentences.txt]]]
[2026-03-29 22:33:25.857] [info][general] Worldspawn trace: #756 map=c0a0 edict#0 classname=worldspawn pfnRandomLong [low=0, high=7, result=1, return=0x72A609A6, context=after pfnRandomLong [low=0, high=6, result=2, return=0x72A60999, context=after pfnFreeFile [D:\Steam\steamapps\common\Half-Life\valve\sound\sentences.txt]]]
[2026-03-29 22:33:25.857] [info][general] hl.dll engine callback: pfnRandomLong [low=0, high=7, result=1, return=0x72A609A6, context=after pfnRandomLong [low=0, high=6, result=2, return=0x72A60999, context=after pfnFreeFile [D:\Steam\steamapps\common\Half-Life\valve\sound\sentences.txt]]]
[2026-03-29 22:33:25.857] [info][general] Worldspawn trace: #757 map=c0a0 edict#0 classname=worldspawn pfnRandomLong [low=0, high=7, result=4, return=0x72A60999, context=after pfnRandomLong [low=0, high=6, result=2, return=0x72A60999, context=after pfnFreeFile [D:\Steam\steamapps\common\Half-Life\valve\sound\sentences.txt]]]
[2026-03-29 22:33:25.857] [info][general] hl.dll engine callback: pfnRandomLong [low=0, high=7, result=4, return=0x72A60999, context=after pfnRandomLong [low=0, high=6, result=2, return=0x72A60999, context=after pfnFreeFile [D:\Steam\steamapps\common\Half-Life\valve\sound\sentences.txt]]]
[2026-03-29 22:33:25.858] [info][general] Worldspawn trace: #758 map=c0a0 edict#0 classname=worldspawn pfnRandomLong [low=0, high=7, result=3, return=0x72A609A6, context=after pfnRandomLong [low=0, high=6, result=2, return=0x72A60999, context=after pfnFreeFile [D:\Steam\steamapps\common\Half-Life\valve\sound\sentences.txt]]]
[2026-03-29 22:33:25.858] [info][general] hl.dll engine callback: pfnRandomLong [low=0, high=7, result=3, return=0x72A609A6, context=after pfnRandomLong [low=0, high=6, result=2, return=0x72A60999, context=after pfnFreeFile [D:\Steam\steamapps\common\Half-Life\valve\sound\sentences.txt]]]
[2026-03-29 22:33:25.858] [info][general] Worldspawn trace: #759 map=c0a0 edict#0 classname=worldspawn pfnRandomLong [low=0, high=7, result=6, return=0x72A60999, context=after pfnRandomLong [low=0, high=6, result=2, return=0x72A60999, context=after pfnFreeFile [D:\Steam\steamapps\common\Half-Life\valve\sound\sentences.txt]]]
[2026-03-29 22:33:25.858] [info][general] hl.dll engine callback: pfnRandomLong [low=0, high=7, result=6, return=0x72A60999, context=after pfnRandomLong [low=0, high=6, result=2, return=0x72A60999, context=after pfnFreeFile [D:\Steam\steamapps\common\Half-Life\valve\sound\sentences.txt]]]
[2026-03-29 22:33:25.859] [info][general] Worldspawn trace: #760 map=c0a0 edict#0 classname=worldspawn pfnRandomLong [low=0, high=7, result=5, return=0x72A609A6, context=after pfnRandomLong [low=0, high=6, result=2, return=0x72A60999, context=after pfnFreeFile [D:\Steam\steamapps\common\Half-Life\valve\sound\sentences.txt]]]
[2026-03-29 22:33:25.859] [info][general] hl.dll engine callback: pfnRandomLong [low=0, high=7, result=5, return=0x72A609A6, context=after pfnRandomLong [low=0, high=6, result=2, return=0x72A60999, context=after pfnFreeFile [D:\Steam\steamapps\common\Half-Life\valve\sound\sentences.txt]]]
[2026-03-29 22:33:25.859] [info][general] Worldspawn trace: #761 map=c0a0 edict#0 classname=worldspawn pfnRandomLong [low=0, high=7, result=0, return=0x72A60999, context=after pfnRandomLong [low=0, high=6, result=2, return=0x72A60999, context=after pfnFreeFile [D:\Steam\steamapps\common\Half-Life\valve\sound\sentences.txt]]]
[2026-03-29 22:33:25.859] [info][general] hl.dll engine callback: pfnRandomLong [low=0, high=7, result=0, return=0x72A60999, context=after pfnRandomLong [low=0, high=6, result=2, return=0x72A60999, context=after pfnFreeFile [D:\Steam\steamapps\common\Half-Life\valve\sound\sentences.txt]]]
[2026-03-29 22:33:25.859] [info][general] Worldspawn trace: #762 map=c0a0 edict#0 classname=worldspawn pfnRandomLong [low=0, high=7, result=7, return=0x72A609A6, context=after pfnRandomLong [low=0, high=6, result=2, return=0x72A60999, context=after pfnFreeFile [D:\Steam\steamapps\common\Half-Life\valve\sound\sentences.txt]]]
[2026-03-29 22:33:25.860] [info][general] hl.dll engine callback: pfnRandomLong [low=0, high=7, result=7, return=0x72A609A6, context=after pfnRandomLong [low=0, high=6, result=2, return=0x72A60999, context=after pfnFreeFile [D:\Steam\steamapps\common\Half-Life\valve\sound\sentences.txt]]]
[2026-03-29 22:33:25.860] [info][general] Worldspawn trace: #763 map=c0a0 edict#0 classname=worldspawn pfnRandomLong [low=0, high=7, result=2, return=0x72A60999, context=after pfnRandomLong [low=0, high=6, result=2, return=0x72A60999, context=after pfnFreeFile [D:\Steam\steamapps\common\Half-Life\valve\sound\sentences.txt]]]
[2026-03-29 22:33:25.860] [info][general] hl.dll engine callback: pfnRandomLong [low=0, high=7, result=2, return=0x72A60999, context=after pfnRandomLong [low=0, high=6, result=2, return=0x72A60999, context=after pfnFreeFile [D:\Steam\steamapps\common\Half-Life\valve\sound\sentences.txt]]]
[2026-03-29 22:33:25.860] [info][general] Worldspawn trace: #764 map=c0a0 edict#0 classname=worldspawn pfnRandomLong [low=0, high=7, result=1, return=0x72A609A6, context=after pfnRandomLong [low=0, high=6, result=2, return=0x72A60999, context=after pfnFreeFile [D:\Steam\steamapps\common\Half-Life\valve\sound\sentences.txt]]]
[2026-03-29 22:33:25.860] [info][general] hl.dll engine callback: pfnRandomLong [low=0, high=7, result=1, return=0x72A609A6, context=after pfnRandomLong [low=0, high=6, result=2, return=0x72A60999, context=after pfnFreeFile [D:\Steam\steamapps\common\Half-Life\valve\sound\sentences.txt]]]
[2026-03-29 22:33:25.860] [info][general] Worldspawn trace: #765 map=c0a0 edict#0 classname=worldspawn pfnRandomLong [low=0, high=7, result=4, return=0x72A60999, context=after pfnRandomLong [low=0, high=6, result=2, return=0x72A60999, context=after pfnFreeFile [D:\Steam\steamapps\common\Half-Life\valve\sound\sentences.txt]]]
[2026-03-29 22:33:25.861] [info][general] hl.dll engine callback: pfnRandomLong [low=0, high=7, result=4, return=0x72A60999, context=after pfnRandomLong [low=0, high=6, result=2, return=0x72A60999, context=after pfnFreeFile [D:\Steam\steamapps\common\Half-Life\valve\sound\sentences.txt]]]
[2026-03-29 22:33:25.861] [info][general] Worldspawn trace: #766 map=c0a0 edict#0 classname=worldspawn pfnRandomLong [low=0, high=7, result=3, return=0x72A609A6, context=after pfnRandomLong [low=0, high=6, result=2, return=0x72A60999, context=after pfnFreeFile [D:\Steam\steamapps\common\Half-Life\valve\sound\sentences.txt]]]
[2026-03-29 22:33:25.861] [info][general] hl.dll engine callback: pfnRandomLong [low=0, high=7, result=3, return=0x72A609A6, context=after pfnRandomLong [low=0, high=6, result=2, return=0x72A60999, context=after pfnFreeFile [D:\Steam\steamapps\common\Half-Life\valve\sound\sentences.txt]]]
[2026-03-29 22:33:25.861] [info][general] Worldspawn trace: #767 map=c0a0 edict#0 classname=worldspawn pfnRandomLong [low=0, high=7, result=6, return=0x72A60999, context=after pfnRandomLong [low=0, high=6, result=2, return=0x72A60999, context=after pfnFreeFile [D:\Steam\steamapps\common\Half-Life\valve\sound\sentences.txt]]]
[2026-03-29 22:33:25.861] [info][general] hl.dll engine callback: pfnRandomLong [low=0, high=7, result=6, return=0x72A60999, context=after pfnRandomLong [low=0, high=6, result=2, return=0x72A60999, context=after pfnFreeFile [D:\Steam\steamapps\common\Half-Life\valve\sound\sentences.txt]]]
[2026-03-29 22:33:25.861] [info][general] Worldspawn trace: #768 map=c0a0 edict#0 classname=worldspawn pfnRandomLong [low=0, high=7, result=5, return=0x72A609A6, context=after pfnRandomLong [low=0, high=6, result=2, return=0x72A60999, context=after pfnFreeFile [D:\Steam\steamapps\common\Half-Life\valve\sound\sentences.txt]]]
[2026-03-29 22:33:25.862] [info][general] hl.dll engine callback: pfnRandomLong [low=0, high=7, result=5, return=0x72A609A6, context=after pfnRandomLong [low=0, high=6, result=2, return=0x72A60999, context=after pfnFreeFile [D:\Steam\steamapps\common\Half-Life\valve\sound\sentences.txt]]]
[2026-03-29 22:33:25.863] [info][general] Worldspawn trace: #769 map=c0a0 edict#0 classname=worldspawn pfnRandomLong [low=0, high=22, result=3, return=0x72A60999, context=after pfnRandomLong [low=0, high=6, result=2, return=0x72A60999, context=after pfnFreeFile [D:\Steam\steamapps\common\Half-Life\valve\sound\sentences.txt]]]
[2026-03-29 22:33:25.863] [info][general] hl.dll engine callback: pfnRandomLong [low=0, high=22, result=3, return=0x72A60999, context=after pfnRandomLong [low=0, high=6, result=2, return=0x72A60999, context=after pfnFreeFile [D:\Steam\steamapps\common\Half-Life\valve\sound\sentences.txt]]]
[2026-03-29 22:33:25.863] [info][general] Worldspawn trace: #770 map=c0a0 edict#0 classname=worldspawn pfnRandomLong [low=0, high=22, result=20, return=0x72A609A6, context=after pfnRandomLong [low=0, high=6, result=2, return=0x72A60999, context=after pfnFreeFile [D:\Steam\steamapps\common\Half-Life\valve\sound\sentences.txt]]]
[2026-03-29 22:33:25.863] [info][general] hl.dll engine callback: pfnRandomLong [low=0, high=22, result=20, return=0x72A609A6, context=after pfnRandomLong [low=0, high=6, result=2, return=0x72A60999, context=after pfnFreeFile [D:\Steam\steamapps\common\Half-Life\valve\sound\sentences.txt]]]
[2026-03-29 22:33:25.864] [info][general] Worldspawn trace: #771 map=c0a0 edict#0 classname=worldspawn pfnRandomLong [low=0, high=22, result=10, return=0x72A60999, context=after pfnRandomLong [low=0, high=6, result=2, return=0x72A60999, context=after pfnFreeFile [D:\Steam\steamapps\common\Half-Life\valve\sound\sentences.txt]]]
[2026-03-29 22:33:25.864] [info][general] hl.dll engine callback: pfnRandomLong [low=0, high=22, result=10, return=0x72A60999, context=after pfnRandomLong [low=0, high=6, result=2, return=0x72A60999, context=after pfnFreeFile [D:\Steam\steamapps\common\Half-Life\valve\sound\sentences.txt]]]
[2026-03-29 22:33:25.864] [info][general] Worldspawn trace: #772 map=c0a0 edict#0 classname=worldspawn pfnRandomLong [low=0, high=22, result=11, return=0x72A609A6, context=after pfnRandomLong [low=0, high=6, result=2, return=0x72A60999, context=after pfnFreeFile [D:\Steam\steamapps\common\Half-Life\valve\sound\sentences.txt]]]
[2026-03-29 22:33:25.864] [info][general] hl.dll engine callback: pfnRandomLong [low=0, high=22, result=11, return=0x72A609A6, context=after pfnRandomLong [low=0, high=6, result=2, return=0x72A60999, context=after pfnFreeFile [D:\Steam\steamapps\common\Half-Life\valve\sound\sentences.txt]]]
[2026-03-29 22:33:25.864] [info][general] Worldspawn trace: #773 map=c0a0 edict#0 classname=worldspawn pfnRandomLong [low=0, high=22, result=22, return=0x72A60999, context=after pfnRandomLong [low=0, high=6, result=2, return=0x72A60999, context=after pfnFreeFile [D:\Steam\steamapps\common\Half-Life\valve\sound\sentences.txt]]]
[2026-03-29 22:33:25.865] [info][general] hl.dll engine callback: pfnRandomLong [low=0, high=22, result=22, return=0x72A60999, context=after pfnRandomLong [low=0, high=6, result=2, return=0x72A60999, context=after pfnFreeFile [D:\Steam\steamapps\common\Half-Life\valve\sound\sentences.txt]]]
[2026-03-29 22:33:25.865] [info][general] Worldspawn trace: #774 map=c0a0 edict#0 classname=worldspawn pfnRandomLong [low=0, high=22, result=21, return=0x72A609A6, context=after pfnRandomLong [low=0, high=6, result=2, return=0x72A60999, context=after pfnFreeFile [D:\Steam\steamapps\common\Half-Life\valve\sound\sentences.txt]]]
[2026-03-29 22:33:25.865] [info][general] hl.dll engine callback: pfnRandomLong [low=0, high=22, result=21, return=0x72A609A6, context=after pfnRandomLong [low=0, high=6, result=2, return=0x72A60999, context=after pfnFreeFile [D:\Steam\steamapps\common\Half-Life\valve\sound\sentences.txt]]]
[2026-03-29 22:33:25.865] [info][general] Worldspawn trace: #775 map=c0a0 edict#0 classname=worldspawn pfnRandomLong [low=0, high=22, result=19, return=0x72A60999, context=after pfnRandomLong [low=0, high=6, result=2, return=0x72A60999, context=after pfnFreeFile [D:\Steam\steamapps\common\Half-Life\valve\sound\sentences.txt]]]
[2026-03-29 22:33:25.865] [info][general] hl.dll engine callback: pfnRandomLong [low=0, high=22, result=19, return=0x72A60999, context=after pfnRandomLong [low=0, high=6, result=2, return=0x72A60999, context=after pfnFreeFile [D:\Steam\steamapps\common\Half-Life\valve\sound\sentences.txt]]]
[2026-03-29 22:33:25.866] [info][general] Worldspawn trace: #776 map=c0a0 edict#0 classname=worldspawn pfnRandomLong [low=0, high=22, result=17, return=0x72A609A6, context=after pfnRandomLong [low=0, high=6, result=2, return=0x72A60999, context=after pfnFreeFile [D:\Steam\steamapps\common\Half-Life\valve\sound\sentences.txt]]]
[2026-03-29 22:33:25.866] [info][general] hl.dll engine callback: pfnRandomLong [low=0, high=22, result=17, return=0x72A609A6, context=after pfnRandomLong [low=0, high=6, result=2, return=0x72A60999, context=after pfnFreeFile [D:\Steam\steamapps\common\Half-Life\valve\sound\sentences.txt]]]
[2026-03-29 22:33:25.866] [info][general] Worldspawn trace: #777 map=c0a0 edict#0 classname=worldspawn pfnRandomLong [low=0, high=22, result=16, return=0x72A60999, context=after pfnRandomLong [low=0, high=6, result=2, return=0x72A60999, context=after pfnFreeFile [D:\Steam\steamapps\common\Half-Life\valve\sound\sentences.txt]]]
[2026-03-29 22:33:25.866] [info][general] hl.dll engine callback: pfnRandomLong [low=0, high=22, result=16, return=0x72A60999, context=after pfnRandomLong [low=0, high=6, result=2, return=0x72A60999, context=after pfnFreeFile [D:\Steam\steamapps\common\Half-Life\valve\sound\sentences.txt]]]
[2026-03-29 22:33:25.866] [info][general] Worldspawn trace: #778 map=c0a0 edict#0 classname=worldspawn pfnRandomLong [low=0, high=22, result=22, return=0x72A609A6, context=after pfnRandomLong [low=0, high=6, result=2, return=0x72A60999, context=after pfnFreeFile [D:\Steam\steamapps\common\Half-Life\valve\sound\sentences.txt]]]
[2026-03-29 22:33:25.867] [info][general] hl.dll engine callback: pfnRandomLong [low=0, high=22, result=22, return=0x72A609A6, context=after pfnRandomLong [low=0, high=6, result=2, return=0x72A60999, context=after pfnFreeFile [D:\Steam\steamapps\common\Half-Life\valve\sound\sentences.txt]]]
[2026-03-29 22:33:25.867] [info][general] Worldspawn trace: #779 map=c0a0 edict#0 classname=worldspawn pfnRandomLong [low=0, high=22, result=19, return=0x72A60999, context=after pfnRandomLong [low=0, high=6, result=2, return=0x72A60999, context=after pfnFreeFile [D:\Steam\steamapps\common\Half-Life\valve\sound\sentences.txt]]]
[2026-03-29 22:33:25.867] [info][general] hl.dll engine callback: pfnRandomLong [low=0, high=22, result=19, return=0x72A60999, context=after pfnRandomLong [low=0, high=6, result=2, return=0x72A60999, context=after pfnFreeFile [D:\Steam\steamapps\common\Half-Life\valve\sound\sentences.txt]]]
[2026-03-29 22:33:25.867] [info][general] Worldspawn trace: #780 map=c0a0 edict#0 classname=worldspawn pfnRandomLong [low=0, high=22, result=19, return=0x72A609A6, context=after pfnRandomLong [low=0, high=6, result=2, return=0x72A60999, context=after pfnFreeFile [D:\Steam\steamapps\common\Half-Life\valve\sound\sentences.txt]]]
[2026-03-29 22:33:25.868] [info][general] hl.dll engine callback: pfnRandomLong [low=0, high=22, result=19, return=0x72A609A6, context=after pfnRandomLong [low=0, high=6, result=2, return=0x72A60999, context=after pfnFreeFile [D:\Steam\steamapps\common\Half-Life\valve\sound\sentences.txt]]]
[2026-03-29 22:33:25.868] [info][general] Worldspawn trace: #781 map=c0a0 edict#0 classname=worldspawn pfnRandomLong [low=0, high=22, result=6, return=0x72A60999, context=after pfnRandomLong [low=0, high=6, result=2, return=0x72A60999, context=after pfnFreeFile [D:\Steam\steamapps\common\Half-Life\valve\sound\sentences.txt]]]
[2026-03-29 22:33:25.868] [info][general] hl.dll engine callback: pfnRandomLong [low=0, high=22, result=6, return=0x72A60999, context=after pfnRandomLong [low=0, high=6, result=2, return=0x72A60999, context=after pfnFreeFile [D:\Steam\steamapps\common\Half-Life\valve\sound\sentences.txt]]]
[2026-03-29 22:33:25.868] [info][general] Worldspawn trace: #782 map=c0a0 edict#0 classname=worldspawn pfnRandomLong [low=0, high=22, result=11, return=0x72A609A6, context=after pfnRandomLong [low=0, high=6, result=2, return=0x72A60999, context=after pfnFreeFile [D:\Steam\steamapps\common\Half-Life\valve\sound\sentences.txt]]]
[2026-03-29 22:33:25.868] [info][general] hl.dll engine callback: pfnRandomLong [low=0, high=22, result=11, return=0x72A609A6, context=after pfnRandomLong [low=0, high=6, result=2, return=0x72A60999, context=after pfnFreeFile [D:\Steam\steamapps\common\Half-Life\valve\sound\sentences.txt]]]
[2026-03-29 22:33:25.869] [info][general] Worldspawn trace: #783 map=c0a0 edict#0 classname=worldspawn pfnRandomLong [low=0, high=22, result=16, return=0x72A60999, context=after pfnRandomLong [low=0, high=6, result=2, return=0x72A60999, context=after pfnFreeFile [D:\Steam\steamapps\common\Half-Life\valve\sound\sentences.txt]]]
[2026-03-29 22:33:25.869] [info][general] hl.dll engine callback: pfnRandomLong [low=0, high=22, result=16, return=0x72A60999, context=after pfnRandomLong [low=0, high=6, result=2, return=0x72A60999, context=after pfnFreeFile [D:\Steam\steamapps\common\Half-Life\valve\sound\sentences.txt]]]
[2026-03-29 22:33:25.869] [info][general] Worldspawn trace: #784 map=c0a0 edict#0 classname=worldspawn pfnRandomLong [low=0, high=22, result=5, return=0x72A609A6, context=after pfnRandomLong [low=0, high=6, result=2, return=0x72A60999, context=after pfnFreeFile [D:\Steam\steamapps\common\Half-Life\valve\sound\sentences.txt]]]
[2026-03-29 22:33:25.869] [info][general] hl.dll engine callback: pfnRandomLong [low=0, high=22, result=5, return=0x72A609A6, context=after pfnRandomLong [low=0, high=6, result=2, return=0x72A60999, context=after pfnFreeFile [D:\Steam\steamapps\common\Half-Life\valve\sound\sentences.txt]]]
[2026-03-29 22:33:25.869] [info][general] Worldspawn trace: #785 map=c0a0 edict#0 classname=worldspawn pfnRandomLong [low=0, high=22, result=1, return=0x72A60999, context=after pfnRandomLong [low=0, high=6, result=2, return=0x72A60999, context=after pfnFreeFile [D:\Steam\steamapps\common\Half-Life\valve\sound\sentences.txt]]]
[2026-03-29 22:33:25.869] [info][general] hl.dll engine callback: pfnRandomLong [low=0, high=22, result=1, return=0x72A60999, context=after pfnRandomLong [low=0, high=6, result=2, return=0x72A60999, context=after pfnFreeFile [D:\Steam\steamapps\common\Half-Life\valve\sound\sentences.txt]]]
[2026-03-29 22:33:25.870] [info][general] Worldspawn trace: #786 map=c0a0 edict#0 classname=worldspawn pfnRandomLong [low=0, high=22, result=2, return=0x72A609A6, context=after pfnRandomLong [low=0, high=6, result=2, return=0x72A60999, context=after pfnFreeFile [D:\Steam\steamapps\common\Half-Life\valve\sound\sentences.txt]]]
[2026-03-29 22:33:25.870] [info][general] hl.dll engine callback: pfnRandomLong [low=0, high=22, result=2, return=0x72A609A6, context=after pfnRandomLong [low=0, high=6, result=2, return=0x72A60999, context=after pfnFreeFile [D:\Steam\steamapps\common\Half-Life\valve\sound\sentences.txt]]]
[2026-03-29 22:33:25.870] [info][general] Worldspawn trace: #787 map=c0a0 edict#0 classname=worldspawn pfnRandomLong [low=0, high=22, result=22, return=0x72A60999, context=after pfnRandomLong [low=0, high=6, result=2, return=0x72A60999, context=after pfnFreeFile [D:\Steam\steamapps\common\Half-Life\valve\sound\sentences.txt]]]
[2026-03-29 22:33:25.870] [info][general] hl.dll engine callback: pfnRandomLong [low=0, high=22, result=22, return=0x72A60999, context=after pfnRandomLong [low=0, high=6, result=2, return=0x72A60999, context=after pfnFreeFile [D:\Steam\steamapps\common\Half-Life\valve\sound\sentences.txt]]]
[2026-03-29 22:33:25.870] [info][general] Worldspawn trace: #788 map=c0a0 edict#0 classname=worldspawn pfnRandomLong [low=0, high=22, result=18, return=0x72A609A6, context=after pfnRandomLong [low=0, high=6, result=2, return=0x72A60999, context=after pfnFreeFile [D:\Steam\steamapps\common\Half-Life\valve\sound\sentences.txt]]]
[2026-03-29 22:33:25.870] [info][general] hl.dll engine callback: pfnRandomLong [low=0, high=22, result=18, return=0x72A609A6, context=after pfnRandomLong [low=0, high=6, result=2, return=0x72A60999, context=after pfnFreeFile [D:\Steam\steamapps\common\Half-Life\valve\sound\sentences.txt]]]
[2026-03-29 22:33:25.871] [info][general] Worldspawn trace: #789 map=c0a0 edict#0 classname=worldspawn pfnRandomLong [low=0, high=22, result=10, return=0x72A60999, context=after pfnRandomLong [low=0, high=6, result=2, return=0x72A60999, context=after pfnFreeFile [D:\Steam\steamapps\common\Half-Life\valve\sound\sentences.txt]]]
[2026-03-29 22:33:25.871] [info][general] hl.dll engine callback: pfnRandomLong [low=0, high=22, result=10, return=0x72A60999, context=after pfnRandomLong [low=0, high=6, result=2, return=0x72A60999, context=after pfnFreeFile [D:\Steam\steamapps\common\Half-Life\valve\sound\sentences.txt]]]
[2026-03-29 22:33:25.871] [info][general] Worldspawn trace: #790 map=c0a0 edict#0 classname=worldspawn pfnRandomLong [low=0, high=22, result=0, return=0x72A609A6, context=after pfnRandomLong [low=0, high=6, result=2, return=0x72A60999, context=after pfnFreeFile [D:\Steam\steamapps\common\Half-Life\valve\sound\sentences.txt]]]
[2026-03-29 22:33:25.872] [info][general] hl.dll engine callback: pfnRandomLong [low=0, high=22, result=0, return=0x72A609A6, context=after pfnRandomLong [low=0, high=6, result=2, return=0x72A60999, context=after pfnFreeFile [D:\Steam\steamapps\common\Half-Life\valve\sound\sentences.txt]]]
[2026-03-29 22:33:25.872] [info][general] Worldspawn trace: #791 map=c0a0 edict#0 classname=worldspawn pfnRandomLong [low=0, high=22, result=15, return=0x72A60999, context=after pfnRandomLong [low=0, high=6, result=2, return=0x72A60999, context=after pfnFreeFile [D:\Steam\steamapps\common\Half-Life\valve\sound\sentences.txt]]]
[2026-03-29 22:33:25.872] [info][general] hl.dll engine callback: pfnRandomLong [low=0, high=22, result=15, return=0x72A60999, context=after pfnRandomLong [low=0, high=6, result=2, return=0x72A60999, context=after pfnFreeFile [D:\Steam\steamapps\common\Half-Life\valve\sound\sentences.txt]]]
[2026-03-29 22:33:25.872] [info][general] Worldspawn trace: #792 map=c0a0 edict#0 classname=worldspawn pfnRandomLong [low=0, high=22, result=0, return=0x72A609A6, context=after pfnRandomLong [low=0, high=6, result=2, return=0x72A60999, context=after pfnFreeFile [D:\Steam\steamapps\common\Half-Life\valve\sound\sentences.txt]]]
[2026-03-29 22:33:25.873] [info][general] hl.dll engine callback: pfnRandomLong [low=0, high=22, result=0, return=0x72A609A6, context=after pfnRandomLong [low=0, high=6, result=2, return=0x72A60999, context=after pfnFreeFile [D:\Steam\steamapps\common\Half-Life\valve\sound\sentences.txt]]]
[2026-03-29 22:33:25.873] [info][general] Worldspawn trace: #793 map=c0a0 edict#0 classname=worldspawn pfnRandomLong [low=0, high=22, result=11, return=0x72A60999, context=after pfnRandomLong [low=0, high=6, result=2, return=0x72A60999, context=after pfnFreeFile [D:\Steam\steamapps\common\Half-Life\valve\sound\sentences.txt]]]
[2026-03-29 22:33:25.873] [info][general] hl.dll engine callback: pfnRandomLong [low=0, high=22, result=11, return=0x72A60999, context=after pfnRandomLong [low=0, high=6, result=2, return=0x72A60999, context=after pfnFreeFile [D:\Steam\steamapps\common\Half-Life\valve\sound\sentences.txt]]]
[2026-03-29 22:33:25.873] [info][general] Worldspawn trace: #794 map=c0a0 edict#0 classname=worldspawn pfnRandomLong [low=0, high=22, result=12, return=0x72A609A6, context=after pfnRandomLong [low=0, high=6, result=2, return=0x72A60999, context=after pfnFreeFile [D:\Steam\steamapps\common\Half-Life\valve\sound\sentences.txt]]]
[2026-03-29 22:33:25.873] [info][general] hl.dll engine callback: pfnRandomLong [low=0, high=22, result=12, return=0x72A609A6, context=after pfnRandomLong [low=0, high=6, result=2, return=0x72A60999, context=after pfnFreeFile [D:\Steam\steamapps\common\Half-Life\valve\sound\sentences.txt]]]
[2026-03-29 22:33:25.873] [info][general] Worldspawn trace: #795 map=c0a0 edict#0 classname=worldspawn pfnRandomLong [low=0, high=22, result=13, return=0x72A60999, context=after pfnRandomLong [low=0, high=6, result=2, return=0x72A60999, context=after pfnFreeFile [D:\Steam\steamapps\common\Half-Life\valve\sound\sentences.txt]]]
[2026-03-29 22:33:25.873] [info][general] hl.dll engine callback: pfnRandomLong [low=0, high=22, result=13, return=0x72A60999, context=after pfnRandomLong [low=0, high=6, result=2, return=0x72A60999, context=after pfnFreeFile [D:\Steam\steamapps\common\Half-Life\valve\sound\sentences.txt]]]
[2026-03-29 22:33:25.874] [info][general] Worldspawn trace: #796 map=c0a0 edict#0 classname=worldspawn pfnRandomLong [low=0, high=22, result=2, return=0x72A609A6, context=after pfnRandomLong [low=0, high=6, result=2, return=0x72A60999, context=after pfnFreeFile [D:\Steam\steamapps\common\Half-Life\valve\sound\sentences.txt]]]
[2026-03-29 22:33:25.874] [info][general] hl.dll engine callback: pfnRandomLong [low=0, high=22, result=2, return=0x72A609A6, context=after pfnRandomLong [low=0, high=6, result=2, return=0x72A60999, context=after pfnFreeFile [D:\Steam\steamapps\common\Half-Life\valve\sound\sentences.txt]]]
[2026-03-29 22:33:25.874] [info][general] Worldspawn trace: #797 map=c0a0 edict#0 classname=worldspawn pfnRandomLong [low=0, high=22, result=3, return=0x72A60999, context=after pfnRandomLong [low=0, high=6, result=2, return=0x72A60999, context=after pfnFreeFile [D:\Steam\steamapps\common\Half-Life\valve\sound\sentences.txt]]]
[2026-03-29 22:33:25.874] [info][general] hl.dll engine callback: pfnRandomLong [low=0, high=22, result=3, return=0x72A60999, context=after pfnRandomLong [low=0, high=6, result=2, return=0x72A60999, context=after pfnFreeFile [D:\Steam\steamapps\common\Half-Life\valve\sound\sentences.txt]]]
[2026-03-29 22:33:25.874] [info][general] Worldspawn trace: #798 map=c0a0 edict#0 classname=worldspawn pfnRandomLong [low=0, high=22, result=15, return=0x72A609A6, context=after pfnRandomLong [low=0, high=6, result=2, return=0x72A60999, context=after pfnFreeFile [D:\Steam\steamapps\common\Half-Life\valve\sound\sentences.txt]]]
[2026-03-29 22:33:25.875] [info][general] hl.dll engine callback: pfnRandomLong [low=0, high=22, result=15, return=0x72A609A6, context=after pfnRandomLong [low=0, high=6, result=2, return=0x72A60999, context=after pfnFreeFile [D:\Steam\steamapps\common\Half-Life\valve\sound\sentences.txt]]]
[2026-03-29 22:33:25.875] [info][general] Worldspawn trace: #799 map=c0a0 edict#0 classname=worldspawn pfnRandomLong [low=0, high=22, result=17, return=0x72A60999, context=after pfnRandomLong [low=0, high=6, result=2, return=0x72A60999, context=after pfnFreeFile [D:\Steam\steamapps\common\Half-Life\valve\sound\sentences.txt]]]
[2026-03-29 22:33:25.875] [info][general] hl.dll engine callback: pfnRandomLong [low=0, high=22, result=17, return=0x72A60999, context=after pfnRandomLong [low=0, high=6, result=2, return=0x72A60999, context=after pfnFreeFile [D:\Steam\steamapps\common\Half-Life\valve\sound\sentences.txt]]]
[2026-03-29 22:33:25.875] [info][general] Worldspawn trace: #800 map=c0a0 edict#0 classname=worldspawn pfnRandomLong [low=0, high=22, result=13, return=0x72A609A6, context=after pfnRandomLong [low=0, high=6, result=2, return=0x72A60999, context=after pfnFreeFile [D:\Steam\steamapps\common\Half-Life\valve\sound\sentences.txt]]]
[2026-03-29 22:33:25.875] [info][general] hl.dll engine callback: pfnRandomLong [low=0, high=22, result=13, return=0x72A609A6, context=after pfnRandomLong [low=0, high=6, result=2, return=0x72A60999, context=after pfnFreeFile [D:\Steam\steamapps\common\Half-Life\valve\sound\sentences.txt]]]
[2026-03-29 22:33:25.875] [info][general] Worldspawn trace: #801 map=c0a0 edict#0 classname=worldspawn pfnRandomLong [low=0, high=22, result=4, return=0x72A60999, context=after pfnRandomLong [low=0, high=6, result=2, return=0x72A60999, context=after pfnFreeFile [D:\Steam\steamapps\common\Half-Life\valve\sound\sentences.txt]]]
[2026-03-29 22:33:25.876] [info][general] hl.dll engine callback: pfnRandomLong [low=0, high=22, result=4, return=0x72A60999, context=after pfnRandomLong [low=0, high=6, result=2, return=0x72A60999, context=after pfnFreeFile [D:\Steam\steamapps\common\Half-Life\valve\sound\sentences.txt]]]
[2026-03-29 22:33:25.876] [info][general] Worldspawn trace: #802 map=c0a0 edict#0 classname=worldspawn pfnRandomLong [low=0, high=22, result=15, return=0x72A609A6, context=after pfnRandomLong [low=0, high=6, result=2, return=0x72A60999, context=after pfnFreeFile [D:\Steam\steamapps\common\Half-Life\valve\sound\sentences.txt]]]
[2026-03-29 22:33:25.876] [info][general] hl.dll engine callback: pfnRandomLong [low=0, high=22, result=15, return=0x72A609A6, context=after pfnRandomLong [low=0, high=6, result=2, return=0x72A60999, context=after pfnFreeFile [D:\Steam\steamapps\common\Half-Life\valve\sound\sentences.txt]]]
[2026-03-29 22:33:25.876] [info][general] Worldspawn trace: #803 map=c0a0 edict#0 classname=worldspawn pfnRandomLong [low=0, high=22, result=4, return=0x72A60999, context=after pfnRandomLong [low=0, high=6, result=2, return=0x72A60999, context=after pfnFreeFile [D:\Steam\steamapps\common\Half-Life\valve\sound\sentences.txt]]]
[2026-03-29 22:33:25.876] [info][general] hl.dll engine callback: pfnRandomLong [low=0, high=22, result=4, return=0x72A60999, context=after pfnRandomLong [low=0, high=6, result=2, return=0x72A60999, context=after pfnFreeFile [D:\Steam\steamapps\common\Half-Life\valve\sound\sentences.txt]]]
[2026-03-29 22:33:25.877] [info][general] Worldspawn trace: #804 map=c0a0 edict#0 classname=worldspawn pfnRandomLong [low=0, high=22, result=17, return=0x72A609A6, context=after pfnRandomLong [low=0, high=6, result=2, return=0x72A60999, context=after pfnFreeFile [D:\Steam\steamapps\common\Half-Life\valve\sound\sentences.txt]]]
[2026-03-29 22:33:25.877] [info][general] hl.dll engine callback: pfnRandomLong [low=0, high=22, result=17, return=0x72A609A6, context=after pfnRandomLong [low=0, high=6, result=2, return=0x72A60999, context=after pfnFreeFile [D:\Steam\steamapps\common\Half-Life\valve\sound\sentences.txt]]]
[2026-03-29 22:33:25.877] [info][general] Worldspawn trace: #805 map=c0a0 edict#0 classname=worldspawn pfnRandomLong [low=0, high=22, result=22, return=0x72A60999, context=after pfnRandomLong [low=0, high=6, result=2, return=0x72A60999, context=after pfnFreeFile [D:\Steam\steamapps\common\Half-Life\valve\sound\sentences.txt]]]
[2026-03-29 22:33:25.877] [info][general] hl.dll engine callback: pfnRandomLong [low=0, high=22, result=22, return=0x72A60999, context=after pfnRandomLong [low=0, high=6, result=2, return=0x72A60999, context=after pfnFreeFile [D:\Steam\steamapps\common\Half-Life\valve\sound\sentences.txt]]]
[2026-03-29 22:33:25.877] [info][general] Worldspawn trace: #806 map=c0a0 edict#0 classname=worldspawn pfnRandomLong [low=0, high=22, result=16, return=0x72A609A6, context=after pfnRandomLong [low=0, high=6, result=2, return=0x72A60999, context=after pfnFreeFile [D:\Steam\steamapps\common\Half-Life\valve\sound\sentences.txt]]]
[2026-03-29 22:33:25.877] [info][general] hl.dll engine callback: pfnRandomLong [low=0, high=22, result=16, return=0x72A609A6, context=after pfnRandomLong [low=0, high=6, result=2, return=0x72A60999, context=after pfnFreeFile [D:\Steam\steamapps\common\Half-Life\valve\sound\sentences.txt]]]
[2026-03-29 22:33:25.878] [info][general] Worldspawn trace: #807 map=c0a0 edict#0 classname=worldspawn pfnRandomLong [low=0, high=22, result=13, return=0x72A60999, context=after pfnRandomLong [low=0, high=6, result=2, return=0x72A60999, context=after pfnFreeFile [D:\Steam\steamapps\common\Half-Life\valve\sound\sentences.txt]]]
[2026-03-29 22:33:25.879] [info][general] hl.dll engine callback: pfnRandomLong [low=0, high=22, result=13, return=0x72A60999, context=after pfnRandomLong [low=0, high=6, result=2, return=0x72A60999, context=after pfnFreeFile [D:\Steam\steamapps\common\Half-Life\valve\sound\sentences.txt]]]
[2026-03-29 22:33:25.879] [info][general] Worldspawn trace: #808 map=c0a0 edict#0 classname=worldspawn pfnRandomLong [low=0, high=22, result=5, return=0x72A609A6, context=after pfnRandomLong [low=0, high=6, result=2, return=0x72A60999, context=after pfnFreeFile [D:\Steam\steamapps\common\Half-Life\valve\sound\sentences.txt]]]
[2026-03-29 22:33:25.879] [info][general] hl.dll engine callback: pfnRandomLong [low=0, high=22, result=5, return=0x72A609A6, context=after pfnRandomLong [low=0, high=6, result=2, return=0x72A60999, context=after pfnFreeFile [D:\Steam\steamapps\common\Half-Life\valve\sound\sentences.txt]]]
[2026-03-29 22:33:25.880] [info][general] Worldspawn trace: #809 map=c0a0 edict#0 classname=worldspawn pfnRandomLong [low=0, high=22, result=16, return=0x72A60999, context=after pfnRandomLong [low=0, high=6, result=2, return=0x72A60999, context=after pfnFreeFile [D:\Steam\steamapps\common\Half-Life\valve\sound\sentences.txt]]]
[2026-03-29 22:33:25.880] [info][general] hl.dll engine callback: pfnRandomLong [low=0, high=22, result=16, return=0x72A60999, context=after pfnRandomLong [low=0, high=6, result=2, return=0x72A60999, context=after pfnFreeFile [D:\Steam\steamapps\common\Half-Life\valve\sound\sentences.txt]]]
[2026-03-29 22:33:25.880] [info][general] Worldspawn trace: #810 map=c0a0 edict#0 classname=worldspawn pfnRandomLong [low=0, high=22, result=1, return=0x72A609A6, context=after pfnRandomLong [low=0, high=6, result=2, return=0x72A60999, context=after pfnFreeFile [D:\Steam\steamapps\common\Half-Life\valve\sound\sentences.txt]]]
[2026-03-29 22:33:25.880] [info][general] hl.dll engine callback: pfnRandomLong [low=0, high=22, result=1, return=0x72A609A6, context=after pfnRandomLong [low=0, high=6, result=2, return=0x72A60999, context=after pfnFreeFile [D:\Steam\steamapps\common\Half-Life\valve\sound\sentences.txt]]]
[2026-03-29 22:33:25.880] [info][general] Worldspawn trace: #811 map=c0a0 edict#0 classname=worldspawn pfnRandomLong [low=0, high=22, result=3, return=0x72A60999, context=after pfnRandomLong [low=0, high=6, result=2, return=0x72A60999, context=after pfnFreeFile [D:\Steam\steamapps\common\Half-Life\valve\sound\sentences.txt]]]
[2026-03-29 22:33:25.880] [info][general] hl.dll engine callback: pfnRandomLong [low=0, high=22, result=3, return=0x72A60999, context=after pfnRandomLong [low=0, high=6, result=2, return=0x72A60999, context=after pfnFreeFile [D:\Steam\steamapps\common\Half-Life\valve\sound\sentences.txt]]]
[2026-03-29 22:33:25.881] [info][general] Worldspawn trace: #812 map=c0a0 edict#0 classname=worldspawn pfnRandomLong [low=0, high=22, result=3, return=0x72A609A6, context=after pfnRandomLong [low=0, high=6, result=2, return=0x72A60999, context=after pfnFreeFile [D:\Steam\steamapps\common\Half-Life\valve\sound\sentences.txt]]]
[2026-03-29 22:33:25.881] [info][general] hl.dll engine callback: pfnRandomLong [low=0, high=22, result=3, return=0x72A609A6, context=after pfnRandomLong [low=0, high=6, result=2, return=0x72A60999, context=after pfnFreeFile [D:\Steam\steamapps\common\Half-Life\valve\sound\sentences.txt]]]
[2026-03-29 22:33:25.881] [info][general] Worldspawn trace: #813 map=c0a0 edict#0 classname=worldspawn pfnRandomLong [low=0, high=22, result=11, return=0x72A60999, context=after pfnRandomLong [low=0, high=6, result=2, return=0x72A60999, context=after pfnFreeFile [D:\Steam\steamapps\common\Half-Life\valve\sound\sentences.txt]]]
[2026-03-29 22:33:25.881] [info][general] hl.dll engine callback: pfnRandomLong [low=0, high=22, result=11, return=0x72A60999, context=after pfnRandomLong [low=0, high=6, result=2, return=0x72A60999, context=after pfnFreeFile [D:\Steam\steamapps\common\Half-Life\valve\sound\sentences.txt]]]
[2026-03-29 22:33:25.881] [info][general] Worldspawn trace: #814 map=c0a0 edict#0 classname=worldspawn pfnRandomLong [low=0, high=22, result=9, return=0x72A609A6, context=after pfnRandomLong [low=0, high=6, result=2, return=0x72A60999, context=after pfnFreeFile [D:\Steam\steamapps\common\Half-Life\valve\sound\sentences.txt]]]
[2026-03-29 22:33:25.881] [info][general] hl.dll engine callback: pfnRandomLong [low=0, high=22, result=9, return=0x72A609A6, context=after pfnRandomLong [low=0, high=6, result=2, return=0x72A60999, context=after pfnFreeFile [D:\Steam\steamapps\common\Half-Life\valve\sound\sentences.txt]]]
[2026-03-29 22:33:25.882] [info][general] Worldspawn trace: #815 map=c0a0 edict#0 classname=worldspawn pfnRandomLong [low=0, high=22, result=4, return=0x72A60999, context=after pfnRandomLong [low=0, high=6, result=2, return=0x72A60999, context=after pfnFreeFile [D:\Steam\steamapps\common\Half-Life\valve\sound\sentences.txt]]]
[2026-03-29 22:33:25.882] [info][general] hl.dll engine callback: pfnRandomLong [low=0, high=22, result=4, return=0x72A60999, context=after pfnRandomLong [low=0, high=6, result=2, return=0x72A60999, context=after pfnFreeFile [D:\Steam\steamapps\common\Half-Life\valve\sound\sentences.txt]]]
[2026-03-29 22:33:25.882] [info][general] Worldspawn trace: #816 map=c0a0 edict#0 classname=worldspawn pfnRandomLong [low=0, high=22, result=10, return=0x72A609A6, context=after pfnRandomLong [low=0, high=6, result=2, return=0x72A60999, context=after pfnFreeFile [D:\Steam\steamapps\common\Half-Life\valve\sound\sentences.txt]]]
[2026-03-29 22:33:25.882] [info][general] hl.dll engine callback: pfnRandomLong [low=0, high=22, result=10, return=0x72A609A6, context=after pfnRandomLong [low=0, high=6, result=2, return=0x72A60999, context=after pfnFreeFile [D:\Steam\steamapps\common\Half-Life\valve\sound\sentences.txt]]]
[2026-03-29 22:33:25.882] [info][general] Worldspawn trace: #817 map=c0a0 edict#0 classname=worldspawn pfnRandomLong [low=0, high=22, result=0, return=0x72A60999, context=after pfnRandomLong [low=0, high=6, result=2, return=0x72A60999, context=after pfnFreeFile [D:\Steam\steamapps\common\Half-Life\valve\sound\sentences.txt]]]
[2026-03-29 22:33:25.882] [info][general] hl.dll engine callback: pfnRandomLong [low=0, high=22, result=0, return=0x72A60999, context=after pfnRandomLong [low=0, high=6, result=2, return=0x72A60999, context=after pfnFreeFile [D:\Steam\steamapps\common\Half-Life\valve\sound\sentences.txt]]]
[2026-03-29 22:33:25.883] [info][general] Worldspawn trace: #818 map=c0a0 edict#0 classname=worldspawn pfnRandomLong [low=0, high=22, result=14, return=0x72A609A6, context=after pfnRandomLong [low=0, high=6, result=2, return=0x72A60999, context=after pfnFreeFile [D:\Steam\steamapps\common\Half-Life\valve\sound\sentences.txt]]]
[2026-03-29 22:33:25.883] [info][general] hl.dll engine callback: pfnRandomLong [low=0, high=22, result=14, return=0x72A609A6, context=after pfnRandomLong [low=0, high=6, result=2, return=0x72A60999, context=after pfnFreeFile [D:\Steam\steamapps\common\Half-Life\valve\sound\sentences.txt]]]
[2026-03-29 22:33:25.883] [info][general] Worldspawn trace: #819 map=c0a0 edict#0 classname=worldspawn pfnRandomLong [low=0, high=22, result=2, return=0x72A60999, context=after pfnRandomLong [low=0, high=6, result=2, return=0x72A60999, context=after pfnFreeFile [D:\Steam\steamapps\common\Half-Life\valve\sound\sentences.txt]]]
[2026-03-29 22:33:25.883] [info][general] hl.dll engine callback: pfnRandomLong [low=0, high=22, result=2, return=0x72A60999, context=after pfnRandomLong [low=0, high=6, result=2, return=0x72A60999, context=after pfnFreeFile [D:\Steam\steamapps\common\Half-Life\valve\sound\sentences.txt]]]
[2026-03-29 22:33:25.884] [info][general] Worldspawn trace: #820 map=c0a0 edict#0 classname=worldspawn pfnRandomLong [low=0, high=22, result=10, return=0x72A609A6, context=after pfnRandomLong [low=0, high=6, result=2, return=0x72A60999, context=after pfnFreeFile [D:\Steam\steamapps\common\Half-Life\valve\sound\sentences.txt]]]
[2026-03-29 22:33:25.884] [info][general] hl.dll engine callback: pfnRandomLong [low=0, high=22, result=10, return=0x72A609A6, context=after pfnRandomLong [low=0, high=6, result=2, return=0x72A60999, context=after pfnFreeFile [D:\Steam\steamapps\common\Half-Life\valve\sound\sentences.txt]]]
[2026-03-29 22:33:25.884] [info][general] Worldspawn trace: #821 map=c0a0 edict#0 classname=worldspawn pfnRandomLong [low=0, high=22, result=21, return=0x72A60999, context=after pfnRandomLong [low=0, high=6, result=2, return=0x72A60999, context=after pfnFreeFile [D:\Steam\steamapps\common\Half-Life\valve\sound\sentences.txt]]]
[2026-03-29 22:33:25.884] [info][general] hl.dll engine callback: pfnRandomLong [low=0, high=22, result=21, return=0x72A60999, context=after pfnRandomLong [low=0, high=6, result=2, return=0x72A60999, context=after pfnFreeFile [D:\Steam\steamapps\common\Half-Life\valve\sound\sentences.txt]]]
[2026-03-29 22:33:25.884] [info][general] Worldspawn trace: #822 map=c0a0 edict#0 classname=worldspawn pfnRandomLong [low=0, high=22, result=7, return=0x72A609A6, context=after pfnRandomLong [low=0, high=6, result=2, return=0x72A60999, context=after pfnFreeFile [D:\Steam\steamapps\common\Half-Life\valve\sound\sentences.txt]]]
[2026-03-29 22:33:25.884] [info][general] hl.dll engine callback: pfnRandomLong [low=0, high=22, result=7, return=0x72A609A6, context=after pfnRandomLong [low=0, high=6, result=2, return=0x72A60999, context=after pfnFreeFile [D:\Steam\steamapps\common\Half-Life\valve\sound\sentences.txt]]]
[2026-03-29 22:33:25.885] [info][general] Worldspawn trace: #823 map=c0a0 edict#0 classname=worldspawn pfnRandomLong [low=0, high=22, result=14, return=0x72A60999, context=after pfnRandomLong [low=0, high=6, result=2, return=0x72A60999, context=after pfnFreeFile [D:\Steam\steamapps\common\Half-Life\valve\sound\sentences.txt]]]
[2026-03-29 22:33:25.885] [info][general] hl.dll engine callback: pfnRandomLong [low=0, high=22, result=14, return=0x72A60999, context=after pfnRandomLong [low=0, high=6, result=2, return=0x72A60999, context=after pfnFreeFile [D:\Steam\steamapps\common\Half-Life\valve\sound\sentences.txt]]]
[2026-03-29 22:33:25.885] [info][general] Worldspawn trace: #824 map=c0a0 edict#0 classname=worldspawn pfnRandomLong [low=0, high=22, result=7, return=0x72A609A6, context=after pfnRandomLong [low=0, high=6, result=2, return=0x72A60999, context=after pfnFreeFile [D:\Steam\steamapps\common\Half-Life\valve\sound\sentences.txt]]]
[2026-03-29 22:33:25.885] [info][general] hl.dll engine callback: pfnRandomLong [low=0, high=22, result=7, return=0x72A609A6, context=after pfnRandomLong [low=0, high=6, result=2, return=0x72A60999, context=after pfnFreeFile [D:\Steam\steamapps\common\Half-Life\valve\sound\sentences.txt]]]
[2026-03-29 22:33:25.885] [info][general] Worldspawn trace: #825 map=c0a0 edict#0 classname=worldspawn pfnRandomLong [low=0, high=22, result=7, return=0x72A60999, context=after pfnRandomLong [low=0, high=6, result=2, return=0x72A60999, context=after pfnFreeFile [D:\Steam\steamapps\common\Half-Life\valve\sound\sentences.txt]]]
[2026-03-29 22:33:25.885] [info][general] hl.dll engine callback: pfnRandomLong [low=0, high=22, result=7, return=0x72A60999, context=after pfnRandomLong [low=0, high=6, result=2, return=0x72A60999, context=after pfnFreeFile [D:\Steam\steamapps\common\Half-Life\valve\sound\sentences.txt]]]
[2026-03-29 22:33:25.886] [info][general] Worldspawn trace: #826 map=c0a0 edict#0 classname=worldspawn pfnRandomLong [low=0, high=22, result=5, return=0x72A609A6, context=after pfnRandomLong [low=0, high=6, result=2, return=0x72A60999, context=after pfnFreeFile [D:\Steam\steamapps\common\Half-Life\valve\sound\sentences.txt]]]
[2026-03-29 22:33:25.886] [info][general] hl.dll engine callback: pfnRandomLong [low=0, high=22, result=5, return=0x72A609A6, context=after pfnRandomLong [low=0, high=6, result=2, return=0x72A60999, context=after pfnFreeFile [D:\Steam\steamapps\common\Half-Life\valve\sound\sentences.txt]]]
[2026-03-29 22:33:25.886] [info][general] Worldspawn trace: #827 map=c0a0 edict#0 classname=worldspawn pfnRandomLong [low=0, high=22, result=10, return=0x72A60999, context=after pfnRandomLong [low=0, high=6, result=2, return=0x72A60999, context=after pfnFreeFile [D:\Steam\steamapps\common\Half-Life\valve\sound\sentences.txt]]]
[2026-03-29 22:33:25.886] [info][general] hl.dll engine callback: pfnRandomLong [low=0, high=22, result=10, return=0x72A60999, context=after pfnRandomLong [low=0, high=6, result=2, return=0x72A60999, context=after pfnFreeFile [D:\Steam\steamapps\common\Half-Life\valve\sound\sentences.txt]]]
[2026-03-29 22:33:25.886] [info][general] Worldspawn trace: #828 map=c0a0 edict#0 classname=worldspawn pfnRandomLong [low=0, high=22, result=17, return=0x72A609A6, context=after pfnRandomLong [low=0, high=6, result=2, return=0x72A60999, context=after pfnFreeFile [D:\Steam\steamapps\common\Half-Life\valve\sound\sentences.txt]]]
[2026-03-29 22:33:25.887] [info][general] hl.dll engine callback: pfnRandomLong [low=0, high=22, result=17, return=0x72A609A6, context=after pfnRandomLong [low=0, high=6, result=2, return=0x72A60999, context=after pfnFreeFile [D:\Steam\steamapps\common\Half-Life\valve\sound\sentences.txt]]]
[2026-03-29 22:33:25.887] [info][general] Worldspawn trace: #829 map=c0a0 edict#0 classname=worldspawn pfnRandomLong [low=0, high=22, result=0, return=0x72A60999, context=after pfnRandomLong [low=0, high=6, result=2, return=0x72A60999, context=after pfnFreeFile [D:\Steam\steamapps\common\Half-Life\valve\sound\sentences.txt]]]
[2026-03-29 22:33:25.887] [info][general] hl.dll engine callback: pfnRandomLong [low=0, high=22, result=0, return=0x72A60999, context=after pfnRandomLong [low=0, high=6, result=2, return=0x72A60999, context=after pfnFreeFile [D:\Steam\steamapps\common\Half-Life\valve\sound\sentences.txt]]]
[2026-03-29 22:33:25.887] [info][general] Worldspawn trace: #830 map=c0a0 edict#0 classname=worldspawn pfnRandomLong [low=0, high=22, result=10, return=0x72A609A6, context=after pfnRandomLong [low=0, high=6, result=2, return=0x72A60999, context=after pfnFreeFile [D:\Steam\steamapps\common\Half-Life\valve\sound\sentences.txt]]]
[2026-03-29 22:33:25.887] [info][general] hl.dll engine callback: pfnRandomLong [low=0, high=22, result=10, return=0x72A609A6, context=after pfnRandomLong [low=0, high=6, result=2, return=0x72A60999, context=after pfnFreeFile [D:\Steam\steamapps\common\Half-Life\valve\sound\sentences.txt]]]
[2026-03-29 22:33:25.888] [info][general] Worldspawn trace: #831 map=c0a0 edict#0 classname=worldspawn pfnRandomLong [low=0, high=22, result=15, return=0x72A60999, context=after pfnRandomLong [low=0, high=6, result=2, return=0x72A60999, context=after pfnFreeFile [D:\Steam\steamapps\common\Half-Life\valve\sound\sentences.txt]]]
[2026-03-29 22:33:25.888] [info][general] hl.dll engine callback: pfnRandomLong [low=0, high=22, result=15, return=0x72A60999, context=after pfnRandomLong [low=0, high=6, result=2, return=0x72A60999, context=after pfnFreeFile [D:\Steam\steamapps\common\Half-Life\valve\sound\sentences.txt]]]
[2026-03-29 22:33:25.888] [info][general] Worldspawn trace: #832 map=c0a0 edict#0 classname=worldspawn pfnRandomLong [low=0, high=22, result=9, return=0x72A609A6, context=after pfnRandomLong [low=0, high=6, result=2, return=0x72A60999, context=after pfnFreeFile [D:\Steam\steamapps\common\Half-Life\valve\sound\sentences.txt]]]
[2026-03-29 22:33:25.888] [info][general] hl.dll engine callback: pfnRandomLong [low=0, high=22, result=9, return=0x72A609A6, context=after pfnRandomLong [low=0, high=6, result=2, return=0x72A60999, context=after pfnFreeFile [D:\Steam\steamapps\common\Half-Life\valve\sound\sentences.txt]]]
[2026-03-29 22:33:25.888] [info][general] Worldspawn trace: #833 map=c0a0 edict#0 classname=worldspawn pfnRandomLong [low=0, high=22, result=21, return=0x72A60999, context=after pfnRandomLong [low=0, high=6, result=2, return=0x72A60999, context=after pfnFreeFile [D:\Steam\steamapps\common\Half-Life\valve\sound\sentences.txt]]]
[2026-03-29 22:33:25.888] [info][general] hl.dll engine callback: pfnRandomLong [low=0, high=22, result=21, return=0x72A60999, context=after pfnRandomLong [low=0, high=6, result=2, return=0x72A60999, context=after pfnFreeFile [D:\Steam\steamapps\common\Half-Life\valve\sound\sentences.txt]]]
[2026-03-29 22:33:25.889] [info][general] Worldspawn trace: #834 map=c0a0 edict#0 classname=worldspawn pfnRandomLong [low=0, high=22, result=11, return=0x72A609A6, context=after pfnRandomLong [low=0, high=6, result=2, return=0x72A60999, context=after pfnFreeFile [D:\Steam\steamapps\common\Half-Life\valve\sound\sentences.txt]]]
[2026-03-29 22:33:25.889] [info][general] hl.dll engine callback: pfnRandomLong [low=0, high=22, result=11, return=0x72A609A6, context=after pfnRandomLong [low=0, high=6, result=2, return=0x72A60999, context=after pfnFreeFile [D:\Steam\steamapps\common\Half-Life\valve\sound\sentences.txt]]]
[2026-03-29 22:33:25.889] [info][general] Worldspawn trace: #835 map=c0a0 edict#0 classname=worldspawn pfnRandomLong [low=0, high=22, result=14, return=0x72A60999, context=after pfnRandomLong [low=0, high=6, result=2, return=0x72A60999, context=after pfnFreeFile [D:\Steam\steamapps\common\Half-Life\valve\sound\sentences.txt]]]
[2026-03-29 22:33:25.889] [info][general] hl.dll engine callback: pfnRandomLong [low=0, high=22, result=14, return=0x72A60999, context=after pfnRandomLong [low=0, high=6, result=2, return=0x72A60999, context=after pfnFreeFile [D:\Steam\steamapps\common\Half-Life\valve\sound\sentences.txt]]]
[2026-03-29 22:33:25.889] [info][general] Worldspawn trace: #836 map=c0a0 edict#0 classname=worldspawn pfnRandomLong [low=0, high=22, result=21, return=0x72A609A6, context=after pfnRandomLong [low=0, high=6, result=2, return=0x72A60999, context=after pfnFreeFile [D:\Steam\steamapps\common\Half-Life\valve\sound\sentences.txt]]]
[2026-03-29 22:33:25.889] [info][general] hl.dll engine callback: pfnRandomLong [low=0, high=22, result=21, return=0x72A609A6, context=after pfnRandomLong [low=0, high=6, result=2, return=0x72A60999, context=after pfnFreeFile [D:\Steam\steamapps\common\Half-Life\valve\sound\sentences.txt]]]
[2026-03-29 22:33:25.890] [info][general] Worldspawn trace: #837 map=c0a0 edict#0 classname=worldspawn pfnRandomLong [low=0, high=22, result=10, return=0x72A60999, context=after pfnRandomLong [low=0, high=6, result=2, return=0x72A60999, context=after pfnFreeFile [D:\Steam\steamapps\common\Half-Life\valve\sound\sentences.txt]]]
[2026-03-29 22:33:25.890] [info][general] hl.dll engine callback: pfnRandomLong [low=0, high=22, result=10, return=0x72A60999, context=after pfnRandomLong [low=0, high=6, result=2, return=0x72A60999, context=after pfnFreeFile [D:\Steam\steamapps\common\Half-Life\valve\sound\sentences.txt]]]
[2026-03-29 22:33:25.890] [info][general] Worldspawn trace: #838 map=c0a0 edict#0 classname=worldspawn pfnRandomLong [low=0, high=22, result=21, return=0x72A609A6, context=after pfnRandomLong [low=0, high=6, result=2, return=0x72A60999, context=after pfnFreeFile [D:\Steam\steamapps\common\Half-Life\valve\sound\sentences.txt]]]
[2026-03-29 22:33:25.890] [info][general] hl.dll engine callback: pfnRandomLong [low=0, high=22, result=21, return=0x72A609A6, context=after pfnRandomLong [low=0, high=6, result=2, return=0x72A60999, context=after pfnFreeFile [D:\Steam\steamapps\common\Half-Life\valve\sound\sentences.txt]]]
[2026-03-29 22:33:25.890] [info][general] Worldspawn trace: #839 map=c0a0 edict#0 classname=worldspawn pfnRandomLong [low=0, high=22, result=4, return=0x72A60999, context=after pfnRandomLong [low=0, high=6, result=2, return=0x72A60999, context=after pfnFreeFile [D:\Steam\steamapps\common\Half-Life\valve\sound\sentences.txt]]]
[2026-03-29 22:33:25.890] [info][general] hl.dll engine callback: pfnRandomLong [low=0, high=22, result=4, return=0x72A60999, context=after pfnRandomLong [low=0, high=6, result=2, return=0x72A60999, context=after pfnFreeFile [D:\Steam\steamapps\common\Half-Life\valve\sound\sentences.txt]]]
[2026-03-29 22:33:25.891] [info][general] Worldspawn trace: #840 map=c0a0 edict#0 classname=worldspawn pfnRandomLong [low=0, high=22, result=15, return=0x72A609A6, context=after pfnRandomLong [low=0, high=6, result=2, return=0x72A60999, context=after pfnFreeFile [D:\Steam\steamapps\common\Half-Life\valve\sound\sentences.txt]]]
[2026-03-29 22:33:25.891] [info][general] hl.dll engine callback: pfnRandomLong [low=0, high=22, result=15, return=0x72A609A6, context=after pfnRandomLong [low=0, high=6, result=2, return=0x72A60999, context=after pfnFreeFile [D:\Steam\steamapps\common\Half-Life\valve\sound\sentences.txt]]]
[2026-03-29 22:33:25.891] [info][general] Worldspawn trace: #841 map=c0a0 edict#0 classname=worldspawn pfnRandomLong [low=0, high=22, result=20, return=0x72A60999, context=after pfnRandomLong [low=0, high=6, result=2, return=0x72A60999, context=after pfnFreeFile [D:\Steam\steamapps\common\Half-Life\valve\sound\sentences.txt]]]
[2026-03-29 22:33:25.891] [info][general] hl.dll engine callback: pfnRandomLong [low=0, high=22, result=20, return=0x72A60999, context=after pfnRandomLong [low=0, high=6, result=2, return=0x72A60999, context=after pfnFreeFile [D:\Steam\steamapps\common\Half-Life\valve\sound\sentences.txt]]]
[2026-03-29 22:33:25.891] [info][general] Worldspawn trace: #842 map=c0a0 edict#0 classname=worldspawn pfnRandomLong [low=0, high=22, result=9, return=0x72A609A6, context=after pfnRandomLong [low=0, high=6, result=2, return=0x72A60999, context=after pfnFreeFile [D:\Steam\steamapps\common\Half-Life\valve\sound\sentences.txt]]]
[2026-03-29 22:33:25.891] [info][general] hl.dll engine callback: pfnRandomLong [low=0, high=22, result=9, return=0x72A609A6, context=after pfnRandomLong [low=0, high=6, result=2, return=0x72A60999, context=after pfnFreeFile [D:\Steam\steamapps\common\Half-Life\valve\sound\sentences.txt]]]
[2026-03-29 22:33:25.892] [info][general] Worldspawn trace: #843 map=c0a0 edict#0 classname=worldspawn pfnRandomLong [low=0, high=22, result=18, return=0x72A60999, context=after pfnRandomLong [low=0, high=6, result=2, return=0x72A60999, context=after pfnFreeFile [D:\Steam\steamapps\common\Half-Life\valve\sound\sentences.txt]]]
[2026-03-29 22:33:25.892] [info][general] hl.dll engine callback: pfnRandomLong [low=0, high=22, result=18, return=0x72A60999, context=after pfnRandomLong [low=0, high=6, result=2, return=0x72A60999, context=after pfnFreeFile [D:\Steam\steamapps\common\Half-Life\valve\sound\sentences.txt]]]
[2026-03-29 22:33:25.892] [info][general] Worldspawn trace: #844 map=c0a0 edict#0 classname=worldspawn pfnRandomLong [low=0, high=22, result=9, return=0x72A609A6, context=after pfnRandomLong [low=0, high=6, result=2, return=0x72A60999, context=after pfnFreeFile [D:\Steam\steamapps\common\Half-Life\valve\sound\sentences.txt]]]
[2026-03-29 22:33:25.892] [info][general] hl.dll engine callback: pfnRandomLong [low=0, high=22, result=9, return=0x72A609A6, context=after pfnRandomLong [low=0, high=6, result=2, return=0x72A60999, context=after pfnFreeFile [D:\Steam\steamapps\common\Half-Life\valve\sound\sentences.txt]]]
[2026-03-29 22:33:25.892] [info][general] Worldspawn trace: #845 map=c0a0 edict#0 classname=worldspawn pfnRandomLong [low=0, high=22, result=14, return=0x72A60999, context=after pfnRandomLong [low=0, high=6, result=2, return=0x72A60999, context=after pfnFreeFile [D:\Steam\steamapps\common\Half-Life\valve\sound\sentences.txt]]]
[2026-03-29 22:33:25.893] [info][general] hl.dll engine callback: pfnRandomLong [low=0, high=22, result=14, return=0x72A60999, context=after pfnRandomLong [low=0, high=6, result=2, return=0x72A60999, context=after pfnFreeFile [D:\Steam\steamapps\common\Half-Life\valve\sound\sentences.txt]]]
[2026-03-29 22:33:25.893] [info][general] Worldspawn trace: #846 map=c0a0 edict#0 classname=worldspawn pfnRandomLong [low=0, high=22, result=17, return=0x72A609A6, context=after pfnRandomLong [low=0, high=6, result=2, return=0x72A60999, context=after pfnFreeFile [D:\Steam\steamapps\common\Half-Life\valve\sound\sentences.txt]]]
[2026-03-29 22:33:25.893] [info][general] hl.dll engine callback: pfnRandomLong [low=0, high=22, result=17, return=0x72A609A6, context=after pfnRandomLong [low=0, high=6, result=2, return=0x72A60999, context=after pfnFreeFile [D:\Steam\steamapps\common\Half-Life\valve\sound\sentences.txt]]]
[2026-03-29 22:33:25.893] [info][general] Worldspawn trace: #847 map=c0a0 edict#0 classname=worldspawn pfnRandomLong [low=0, high=22, result=5, return=0x72A60999, context=after pfnRandomLong [low=0, high=6, result=2, return=0x72A60999, context=after pfnFreeFile [D:\Steam\steamapps\common\Half-Life\valve\sound\sentences.txt]]]
[2026-03-29 22:33:25.894] [info][general] hl.dll engine callback: pfnRandomLong [low=0, high=22, result=5, return=0x72A60999, context=after pfnRandomLong [low=0, high=6, result=2, return=0x72A60999, context=after pfnFreeFile [D:\Steam\steamapps\common\Half-Life\valve\sound\sentences.txt]]]
[2026-03-29 22:33:25.894] [info][general] Worldspawn trace: #848 map=c0a0 edict#0 classname=worldspawn pfnRandomLong [low=0, high=22, result=11, return=0x72A609A6, context=after pfnRandomLong [low=0, high=6, result=2, return=0x72A60999, context=after pfnFreeFile [D:\Steam\steamapps\common\Half-Life\valve\sound\sentences.txt]]]
[2026-03-29 22:33:25.894] [info][general] hl.dll engine callback: pfnRandomLong [low=0, high=22, result=11, return=0x72A609A6, context=after pfnRandomLong [low=0, high=6, result=2, return=0x72A60999, context=after pfnFreeFile [D:\Steam\steamapps\common\Half-Life\valve\sound\sentences.txt]]]
[2026-03-29 22:33:25.894] [info][general] Worldspawn trace: #849 map=c0a0 edict#0 classname=worldspawn pfnRandomLong [low=0, high=22, result=15, return=0x72A60999, context=after pfnRandomLong [low=0, high=6, result=2, return=0x72A60999, context=after pfnFreeFile [D:\Steam\steamapps\common\Half-Life\valve\sound\sentences.txt]]]
[2026-03-29 22:33:25.894] [info][general] hl.dll engine callback: pfnRandomLong [low=0, high=22, result=15, return=0x72A60999, context=after pfnRandomLong [low=0, high=6, result=2, return=0x72A60999, context=after pfnFreeFile [D:\Steam\steamapps\common\Half-Life\valve\sound\sentences.txt]]]
[2026-03-29 22:33:25.895] [info][general] Worldspawn trace: #850 map=c0a0 edict#0 classname=worldspawn pfnRandomLong [low=0, high=22, result=15, return=0x72A609A6, context=after pfnRandomLong [low=0, high=6, result=2, return=0x72A60999, context=after pfnFreeFile [D:\Steam\steamapps\common\Half-Life\valve\sound\sentences.txt]]]
[2026-03-29 22:33:25.895] [info][general] hl.dll engine callback: pfnRandomLong [low=0, high=22, result=15, return=0x72A609A6, context=after pfnRandomLong [low=0, high=6, result=2, return=0x72A60999, context=after pfnFreeFile [D:\Steam\steamapps\common\Half-Life\valve\sound\sentences.txt]]]
[2026-03-29 22:33:25.895] [info][general] Worldspawn trace: #851 map=c0a0 edict#0 classname=worldspawn pfnRandomLong [low=0, high=22, result=21, return=0x72A60999, context=after pfnRandomLong [low=0, high=6, result=2, return=0x72A60999, context=after pfnFreeFile [D:\Steam\steamapps\common\Half-Life\valve\sound\sentences.txt]]]
[2026-03-29 22:33:25.895] [info][general] hl.dll engine callback: pfnRandomLong [low=0, high=22, result=21, return=0x72A60999, context=after pfnRandomLong [low=0, high=6, result=2, return=0x72A60999, context=after pfnFreeFile [D:\Steam\steamapps\common\Half-Life\valve\sound\sentences.txt]]]
[2026-03-29 22:33:25.895] [info][general] Worldspawn trace: #852 map=c0a0 edict#0 classname=worldspawn pfnRandomLong [low=0, high=22, result=14, return=0x72A609A6, context=after pfnRandomLong [low=0, high=6, result=2, return=0x72A60999, context=after pfnFreeFile [D:\Steam\steamapps\common\Half-Life\valve\sound\sentences.txt]]]
[2026-03-29 22:33:25.896] [info][general] hl.dll engine callback: pfnRandomLong [low=0, high=22, result=14, return=0x72A609A6, context=after pfnRandomLong [low=0, high=6, result=2, return=0x72A60999, context=after pfnFreeFile [D:\Steam\steamapps\common\Half-Life\valve\sound\sentences.txt]]]
[2026-03-29 22:33:25.896] [info][general] Worldspawn trace: #853 map=c0a0 edict#0 classname=worldspawn pfnRandomLong [low=0, high=22, result=7, return=0x72A60999, context=after pfnRandomLong [low=0, high=6, result=2, return=0x72A60999, context=after pfnFreeFile [D:\Steam\steamapps\common\Half-Life\valve\sound\sentences.txt]]]
[2026-03-29 22:33:25.896] [info][general] hl.dll engine callback: pfnRandomLong [low=0, high=22, result=7, return=0x72A60999, context=after pfnRandomLong [low=0, high=6, result=2, return=0x72A60999, context=after pfnFreeFile [D:\Steam\steamapps\common\Half-Life\valve\sound\sentences.txt]]]
[2026-03-29 22:33:25.896] [info][general] Worldspawn trace: #854 map=c0a0 edict#0 classname=worldspawn pfnRandomLong [low=0, high=22, result=3, return=0x72A609A6, context=after pfnRandomLong [low=0, high=6, result=2, return=0x72A60999, context=after pfnFreeFile [D:\Steam\steamapps\common\Half-Life\valve\sound\sentences.txt]]]
[2026-03-29 22:33:25.896] [info][general] hl.dll engine callback: pfnRandomLong [low=0, high=22, result=3, return=0x72A609A6, context=after pfnRandomLong [low=0, high=6, result=2, return=0x72A60999, context=after pfnFreeFile [D:\Steam\steamapps\common\Half-Life\valve\sound\sentences.txt]]]
[2026-03-29 22:33:25.896] [info][general] Worldspawn trace: #855 map=c0a0 edict#0 classname=worldspawn pfnRandomLong [low=0, high=22, result=15, return=0x72A60999, context=after pfnRandomLong [low=0, high=6, result=2, return=0x72A60999, context=after pfnFreeFile [D:\Steam\steamapps\common\Half-Life\valve\sound\sentences.txt]]]
[2026-03-29 22:33:25.897] [info][general] hl.dll engine callback: pfnRandomLong [low=0, high=22, result=15, return=0x72A60999, context=after pfnRandomLong [low=0, high=6, result=2, return=0x72A60999, context=after pfnFreeFile [D:\Steam\steamapps\common\Half-Life\valve\sound\sentences.txt]]]
[2026-03-29 22:33:25.897] [info][general] Worldspawn trace: #856 map=c0a0 edict#0 classname=worldspawn pfnRandomLong [low=0, high=22, result=3, return=0x72A609A6, context=after pfnRandomLong [low=0, high=6, result=2, return=0x72A60999, context=after pfnFreeFile [D:\Steam\steamapps\common\Half-Life\valve\sound\sentences.txt]]]
[2026-03-29 22:33:25.897] [info][general] hl.dll engine callback: pfnRandomLong [low=0, high=22, result=3, return=0x72A609A6, context=after pfnRandomLong [low=0, high=6, result=2, return=0x72A60999, context=after pfnFreeFile [D:\Steam\steamapps\common\Half-Life\valve\sound\sentences.txt]]]
[2026-03-29 22:33:25.897] [info][general] Worldspawn trace: #857 map=c0a0 edict#0 classname=worldspawn pfnRandomLong [low=0, high=22, result=13, return=0x72A60999, context=after pfnRandomLong [low=0, high=6, result=2, return=0x72A60999, context=after pfnFreeFile [D:\Steam\steamapps\common\Half-Life\valve\sound\sentences.txt]]]
[2026-03-29 22:33:25.898] [info][general] hl.dll engine callback: pfnRandomLong [low=0, high=22, result=13, return=0x72A60999, context=after pfnRandomLong [low=0, high=6, result=2, return=0x72A60999, context=after pfnFreeFile [D:\Steam\steamapps\common\Half-Life\valve\sound\sentences.txt]]]
[2026-03-29 22:33:25.898] [info][general] Worldspawn trace: #858 map=c0a0 edict#0 classname=worldspawn pfnRandomLong [low=0, high=22, result=9, return=0x72A609A6, context=after pfnRandomLong [low=0, high=6, result=2, return=0x72A60999, context=after pfnFreeFile [D:\Steam\steamapps\common\Half-Life\valve\sound\sentences.txt]]]
[2026-03-29 22:33:25.898] [info][general] hl.dll engine callback: pfnRandomLong [low=0, high=22, result=9, return=0x72A609A6, context=after pfnRandomLong [low=0, high=6, result=2, return=0x72A60999, context=after pfnFreeFile [D:\Steam\steamapps\common\Half-Life\valve\sound\sentences.txt]]]
[2026-03-29 22:33:25.898] [info][general] Worldspawn trace: #859 map=c0a0 edict#0 classname=worldspawn pfnRandomLong [low=0, high=22, result=9, return=0x72A60999, context=after pfnRandomLong [low=0, high=6, result=2, return=0x72A60999, context=after pfnFreeFile [D:\Steam\steamapps\common\Half-Life\valve\sound\sentences.txt]]]
[2026-03-29 22:33:25.898] [info][general] hl.dll engine callback: pfnRandomLong [low=0, high=22, result=9, return=0x72A60999, context=after pfnRandomLong [low=0, high=6, result=2, return=0x72A60999, context=after pfnFreeFile [D:\Steam\steamapps\common\Half-Life\valve\sound\sentences.txt]]]
[2026-03-29 22:33:25.898] [info][general] Worldspawn trace: #860 map=c0a0 edict#0 classname=worldspawn pfnRandomLong [low=0, high=22, result=6, return=0x72A609A6, context=after pfnRandomLong [low=0, high=6, result=2, return=0x72A60999, context=after pfnFreeFile [D:\Steam\steamapps\common\Half-Life\valve\sound\sentences.txt]]]
[2026-03-29 22:33:25.899] [info][general] hl.dll engine callback: pfnRandomLong [low=0, high=22, result=6, return=0x72A609A6, context=after pfnRandomLong [low=0, high=6, result=2, return=0x72A60999, context=after pfnFreeFile [D:\Steam\steamapps\common\Half-Life\valve\sound\sentences.txt]]]
[2026-03-29 22:33:25.899] [info][general] Worldspawn trace: #861 map=c0a0 edict#0 classname=worldspawn pfnRandomLong [low=0, high=22, result=18, return=0x72A60999, context=after pfnRandomLong [low=0, high=6, result=2, return=0x72A60999, context=after pfnFreeFile [D:\Steam\steamapps\common\Half-Life\valve\sound\sentences.txt]]]
[2026-03-29 22:33:25.900] [info][general] hl.dll engine callback: pfnRandomLong [low=0, high=22, result=18, return=0x72A60999, context=after pfnRandomLong [low=0, high=6, result=2, return=0x72A60999, context=after pfnFreeFile [D:\Steam\steamapps\common\Half-Life\valve\sound\sentences.txt]]]
[2026-03-29 22:33:25.900] [info][general] Worldspawn trace: #862 map=c0a0 edict#0 classname=worldspawn pfnRandomLong [low=0, high=22, result=16, return=0x72A609A6, context=after pfnRandomLong [low=0, high=6, result=2, return=0x72A60999, context=after pfnFreeFile [D:\Steam\steamapps\common\Half-Life\valve\sound\sentences.txt]]]
[2026-03-29 22:33:25.900] [info][general] hl.dll engine callback: pfnRandomLong [low=0, high=22, result=16, return=0x72A609A6, context=after pfnRandomLong [low=0, high=6, result=2, return=0x72A60999, context=after pfnFreeFile [D:\Steam\steamapps\common\Half-Life\valve\sound\sentences.txt]]]
[2026-03-29 22:33:25.900] [info][general] Worldspawn trace: #863 map=c0a0 edict#0 classname=worldspawn pfnRandomLong [low=0, high=22, result=12, return=0x72A60999, context=after pfnRandomLong [low=0, high=6, result=2, return=0x72A60999, context=after pfnFreeFile [D:\Steam\steamapps\common\Half-Life\valve\sound\sentences.txt]]]
[2026-03-29 22:33:25.900] [info][general] hl.dll engine callback: pfnRandomLong [low=0, high=22, result=12, return=0x72A60999, context=after pfnRandomLong [low=0, high=6, result=2, return=0x72A60999, context=after pfnFreeFile [D:\Steam\steamapps\common\Half-Life\valve\sound\sentences.txt]]]
[2026-03-29 22:33:25.901] [info][general] Worldspawn trace: #864 map=c0a0 edict#0 classname=worldspawn pfnRandomLong [low=0, high=22, result=18, return=0x72A609A6, context=after pfnRandomLong [low=0, high=6, result=2, return=0x72A60999, context=after pfnFreeFile [D:\Steam\steamapps\common\Half-Life\valve\sound\sentences.txt]]]
[2026-03-29 22:33:25.901] [info][general] hl.dll engine callback: pfnRandomLong [low=0, high=22, result=18, return=0x72A609A6, context=after pfnRandomLong [low=0, high=6, result=2, return=0x72A60999, context=after pfnFreeFile [D:\Steam\steamapps\common\Half-Life\valve\sound\sentences.txt]]]
[2026-03-29 22:33:25.901] [info][general] Worldspawn trace: #865 map=c0a0 edict#0 classname=worldspawn pfnRandomLong [low=0, high=22, result=17, return=0x72A60999, context=after pfnRandomLong [low=0, high=6, result=2, return=0x72A60999, context=after pfnFreeFile [D:\Steam\steamapps\common\Half-Life\valve\sound\sentences.txt]]]
[2026-03-29 22:33:25.901] [info][general] hl.dll engine callback: pfnRandomLong [low=0, high=22, result=17, return=0x72A60999, context=after pfnRandomLong [low=0, high=6, result=2, return=0x72A60999, context=after pfnFreeFile [D:\Steam\steamapps\common\Half-Life\valve\sound\sentences.txt]]]
[2026-03-29 22:33:25.901] [info][general] Worldspawn trace: #866 map=c0a0 edict#0 classname=worldspawn pfnRandomLong [low=0, high=22, result=13, return=0x72A609A6, context=after pfnRandomLong [low=0, high=6, result=2, return=0x72A60999, context=after pfnFreeFile [D:\Steam\steamapps\common\Half-Life\valve\sound\sentences.txt]]]
[2026-03-29 22:33:25.901] [info][general] hl.dll engine callback: pfnRandomLong [low=0, high=22, result=13, return=0x72A609A6, context=after pfnRandomLong [low=0, high=6, result=2, return=0x72A60999, context=after pfnFreeFile [D:\Steam\steamapps\common\Half-Life\valve\sound\sentences.txt]]]
[2026-03-29 22:33:25.902] [info][general] Worldspawn trace: #867 map=c0a0 edict#0 classname=worldspawn pfnRandomLong [low=0, high=22, result=21, return=0x72A60999, context=after pfnRandomLong [low=0, high=6, result=2, return=0x72A60999, context=after pfnFreeFile [D:\Steam\steamapps\common\Half-Life\valve\sound\sentences.txt]]]
[2026-03-29 22:33:25.902] [info][general] hl.dll engine callback: pfnRandomLong [low=0, high=22, result=21, return=0x72A60999, context=after pfnRandomLong [low=0, high=6, result=2, return=0x72A60999, context=after pfnFreeFile [D:\Steam\steamapps\common\Half-Life\valve\sound\sentences.txt]]]
[2026-03-29 22:33:25.902] [info][general] Worldspawn trace: #868 map=c0a0 edict#0 classname=worldspawn pfnRandomLong [low=0, high=22, result=20, return=0x72A609A6, context=after pfnRandomLong [low=0, high=6, result=2, return=0x72A60999, context=after pfnFreeFile [D:\Steam\steamapps\common\Half-Life\valve\sound\sentences.txt]]]
[2026-03-29 22:33:25.902] [info][general] hl.dll engine callback: pfnRandomLong [low=0, high=22, result=20, return=0x72A609A6, context=after pfnRandomLong [low=0, high=6, result=2, return=0x72A60999, context=after pfnFreeFile [D:\Steam\steamapps\common\Half-Life\valve\sound\sentences.txt]]]
[2026-03-29 22:33:25.902] [info][general] Worldspawn trace: #869 map=c0a0 edict#0 classname=worldspawn pfnRandomLong [low=0, high=22, result=19, return=0x72A60999, context=after pfnRandomLong [low=0, high=6, result=2, return=0x72A60999, context=after pfnFreeFile [D:\Steam\steamapps\common\Half-Life\valve\sound\sentences.txt]]]
[2026-03-29 22:33:25.902] [info][general] hl.dll engine callback: pfnRandomLong [low=0, high=22, result=19, return=0x72A60999, context=after pfnRandomLong [low=0, high=6, result=2, return=0x72A60999, context=after pfnFreeFile [D:\Steam\steamapps\common\Half-Life\valve\sound\sentences.txt]]]
[2026-03-29 22:33:25.903] [info][general] Worldspawn trace: #870 map=c0a0 edict#0 classname=worldspawn pfnRandomLong [low=0, high=22, result=10, return=0x72A609A6, context=after pfnRandomLong [low=0, high=6, result=2, return=0x72A60999, context=after pfnFreeFile [D:\Steam\steamapps\common\Half-Life\valve\sound\sentences.txt]]]
[2026-03-29 22:33:25.903] [info][general] hl.dll engine callback: pfnRandomLong [low=0, high=22, result=10, return=0x72A609A6, context=after pfnRandomLong [low=0, high=6, result=2, return=0x72A60999, context=after pfnFreeFile [D:\Steam\steamapps\common\Half-Life\valve\sound\sentences.txt]]]
[2026-03-29 22:33:25.903] [info][general] Worldspawn trace: #871 map=c0a0 edict#0 classname=worldspawn pfnRandomLong [low=0, high=22, result=2, return=0x72A60999, context=after pfnRandomLong [low=0, high=6, result=2, return=0x72A60999, context=after pfnFreeFile [D:\Steam\steamapps\common\Half-Life\valve\sound\sentences.txt]]]
[2026-03-29 22:33:25.903] [info][general] hl.dll engine callback: pfnRandomLong [low=0, high=22, result=2, return=0x72A60999, context=after pfnRandomLong [low=0, high=6, result=2, return=0x72A60999, context=after pfnFreeFile [D:\Steam\steamapps\common\Half-Life\valve\sound\sentences.txt]]]
[2026-03-29 22:33:25.903] [info][general] Worldspawn trace: #872 map=c0a0 edict#0 classname=worldspawn pfnRandomLong [low=0, high=22, result=14, return=0x72A609A6, context=after pfnRandomLong [low=0, high=6, result=2, return=0x72A60999, context=after pfnFreeFile [D:\Steam\steamapps\common\Half-Life\valve\sound\sentences.txt]]]
[2026-03-29 22:33:25.903] [info][general] hl.dll engine callback: pfnRandomLong [low=0, high=22, result=14, return=0x72A609A6, context=after pfnRandomLong [low=0, high=6, result=2, return=0x72A60999, context=after pfnFreeFile [D:\Steam\steamapps\common\Half-Life\valve\sound\sentences.txt]]]
[2026-03-29 22:33:25.904] [info][general] Worldspawn trace: #873 map=c0a0 edict#0 classname=worldspawn pfnRandomLong [low=0, high=22, result=10, return=0x72A60999, context=after pfnRandomLong [low=0, high=6, result=2, return=0x72A60999, context=after pfnFreeFile [D:\Steam\steamapps\common\Half-Life\valve\sound\sentences.txt]]]
[2026-03-29 22:33:25.904] [info][general] hl.dll engine callback: pfnRandomLong [low=0, high=22, result=10, return=0x72A60999, context=after pfnRandomLong [low=0, high=6, result=2, return=0x72A60999, context=after pfnFreeFile [D:\Steam\steamapps\common\Half-Life\valve\sound\sentences.txt]]]
[2026-03-29 22:33:25.904] [info][general] Worldspawn trace: #874 map=c0a0 edict#0 classname=worldspawn pfnRandomLong [low=0, high=22, result=17, return=0x72A609A6, context=after pfnRandomLong [low=0, high=6, result=2, return=0x72A60999, context=after pfnFreeFile [D:\Steam\steamapps\common\Half-Life\valve\sound\sentences.txt]]]
[2026-03-29 22:33:25.904] [info][general] hl.dll engine callback: pfnRandomLong [low=0, high=22, result=17, return=0x72A609A6, context=after pfnRandomLong [low=0, high=6, result=2, return=0x72A60999, context=after pfnFreeFile [D:\Steam\steamapps\common\Half-Life\valve\sound\sentences.txt]]]
[2026-03-29 22:33:25.904] [info][general] Worldspawn trace: #875 map=c0a0 edict#0 classname=worldspawn pfnRandomLong [low=0, high=22, result=17, return=0x72A60999, context=after pfnRandomLong [low=0, high=6, result=2, return=0x72A60999, context=after pfnFreeFile [D:\Steam\steamapps\common\Half-Life\valve\sound\sentences.txt]]]
[2026-03-29 22:33:25.904] [info][general] hl.dll engine callback: pfnRandomLong [low=0, high=22, result=17, return=0x72A60999, context=after pfnRandomLong [low=0, high=6, result=2, return=0x72A60999, context=after pfnFreeFile [D:\Steam\steamapps\common\Half-Life\valve\sound\sentences.txt]]]
[2026-03-29 22:33:25.905] [info][general] Worldspawn trace: #876 map=c0a0 edict#0 classname=worldspawn pfnRandomLong [low=0, high=22, result=15, return=0x72A609A6, context=after pfnRandomLong [low=0, high=6, result=2, return=0x72A60999, context=after pfnFreeFile [D:\Steam\steamapps\common\Half-Life\valve\sound\sentences.txt]]]
[2026-03-29 22:33:25.905] [info][general] hl.dll engine callback: pfnRandomLong [low=0, high=22, result=15, return=0x72A609A6, context=after pfnRandomLong [low=0, high=6, result=2, return=0x72A60999, context=after pfnFreeFile [D:\Steam\steamapps\common\Half-Life\valve\sound\sentences.txt]]]
[2026-03-29 22:33:25.905] [info][general] Worldspawn trace: #877 map=c0a0 edict#0 classname=worldspawn pfnRandomLong [low=0, high=22, result=1, return=0x72A60999, context=after pfnRandomLong [low=0, high=6, result=2, return=0x72A60999, context=after pfnFreeFile [D:\Steam\steamapps\common\Half-Life\valve\sound\sentences.txt]]]
[2026-03-29 22:33:25.905] [info][general] hl.dll engine callback: pfnRandomLong [low=0, high=22, result=1, return=0x72A60999, context=after pfnRandomLong [low=0, high=6, result=2, return=0x72A60999, context=after pfnFreeFile [D:\Steam\steamapps\common\Half-Life\valve\sound\sentences.txt]]]
[2026-03-29 22:33:25.905] [info][general] Worldspawn trace: #878 map=c0a0 edict#0 classname=worldspawn pfnRandomLong [low=0, high=22, result=10, return=0x72A609A6, context=after pfnRandomLong [low=0, high=6, result=2, return=0x72A60999, context=after pfnFreeFile [D:\Steam\steamapps\common\Half-Life\valve\sound\sentences.txt]]]
[2026-03-29 22:33:25.906] [info][general] hl.dll engine callback: pfnRandomLong [low=0, high=22, result=10, return=0x72A609A6, context=after pfnRandomLong [low=0, high=6, result=2, return=0x72A60999, context=after pfnFreeFile [D:\Steam\steamapps\common\Half-Life\valve\sound\sentences.txt]]]
[2026-03-29 22:33:25.906] [info][general] Worldspawn trace: #879 map=c0a0 edict#0 classname=worldspawn pfnRandomLong [low=0, high=22, result=22, return=0x72A60999, context=after pfnRandomLong [low=0, high=6, result=2, return=0x72A60999, context=after pfnFreeFile [D:\Steam\steamapps\common\Half-Life\valve\sound\sentences.txt]]]
[2026-03-29 22:33:25.907] [info][general] hl.dll engine callback: pfnRandomLong [low=0, high=22, result=22, return=0x72A60999, context=after pfnRandomLong [low=0, high=6, result=2, return=0x72A60999, context=after pfnFreeFile [D:\Steam\steamapps\common\Half-Life\valve\sound\sentences.txt]]]
[2026-03-29 22:33:25.907] [info][general] Worldspawn trace: #880 map=c0a0 edict#0 classname=worldspawn pfnRandomLong [low=0, high=22, result=20, return=0x72A609A6, context=after pfnRandomLong [low=0, high=6, result=2, return=0x72A60999, context=after pfnFreeFile [D:\Steam\steamapps\common\Half-Life\valve\sound\sentences.txt]]]
[2026-03-29 22:33:25.907] [info][general] hl.dll engine callback: pfnRandomLong [low=0, high=22, result=20, return=0x72A609A6, context=after pfnRandomLong [low=0, high=6, result=2, return=0x72A60999, context=after pfnFreeFile [D:\Steam\steamapps\common\Half-Life\valve\sound\sentences.txt]]]
[2026-03-29 22:33:25.907] [info][general] Worldspawn trace: #881 map=c0a0 edict#0 classname=worldspawn pfnRandomLong [low=0, high=22, result=7, return=0x72A60999, context=after pfnRandomLong [low=0, high=6, result=2, return=0x72A60999, context=after pfnFreeFile [D:\Steam\steamapps\common\Half-Life\valve\sound\sentences.txt]]]
[2026-03-29 22:33:25.907] [info][general] hl.dll engine callback: pfnRandomLong [low=0, high=22, result=7, return=0x72A60999, context=after pfnRandomLong [low=0, high=6, result=2, return=0x72A60999, context=after pfnFreeFile [D:\Steam\steamapps\common\Half-Life\valve\sound\sentences.txt]]]
[2026-03-29 22:33:25.908] [info][general] Worldspawn trace: #882 map=c0a0 edict#0 classname=worldspawn pfnRandomLong [low=0, high=22, result=12, return=0x72A609A6, context=after pfnRandomLong [low=0, high=6, result=2, return=0x72A60999, context=after pfnFreeFile [D:\Steam\steamapps\common\Half-Life\valve\sound\sentences.txt]]]
[2026-03-29 22:33:25.908] [info][general] hl.dll engine callback: pfnRandomLong [low=0, high=22, result=12, return=0x72A609A6, context=after pfnRandomLong [low=0, high=6, result=2, return=0x72A60999, context=after pfnFreeFile [D:\Steam\steamapps\common\Half-Life\valve\sound\sentences.txt]]]
[2026-03-29 22:33:25.908] [info][general] Worldspawn trace: #883 map=c0a0 edict#0 classname=worldspawn pfnRandomLong [low=0, high=22, result=1, return=0x72A60999, context=after pfnRandomLong [low=0, high=6, result=2, return=0x72A60999, context=after pfnFreeFile [D:\Steam\steamapps\common\Half-Life\valve\sound\sentences.txt]]]
[2026-03-29 22:33:25.908] [info][general] hl.dll engine callback: pfnRandomLong [low=0, high=22, result=1, return=0x72A60999, context=after pfnRandomLong [low=0, high=6, result=2, return=0x72A60999, context=after pfnFreeFile [D:\Steam\steamapps\common\Half-Life\valve\sound\sentences.txt]]]
[2026-03-29 22:33:25.908] [info][general] Worldspawn trace: #884 map=c0a0 edict#0 classname=worldspawn pfnRandomLong [low=0, high=22, result=13, return=0x72A609A6, context=after pfnRandomLong [low=0, high=6, result=2, return=0x72A60999, context=after pfnFreeFile [D:\Steam\steamapps\common\Half-Life\valve\sound\sentences.txt]]]
[2026-03-29 22:33:25.909] [info][general] hl.dll engine callback: pfnRandomLong [low=0, high=22, result=13, return=0x72A609A6, context=after pfnRandomLong [low=0, high=6, result=2, return=0x72A60999, context=after pfnFreeFile [D:\Steam\steamapps\common\Half-Life\valve\sound\sentences.txt]]]
[2026-03-29 22:33:25.909] [info][general] Worldspawn trace: #885 map=c0a0 edict#0 classname=worldspawn pfnRandomLong [low=0, high=22, result=18, return=0x72A60999, context=after pfnRandomLong [low=0, high=6, result=2, return=0x72A60999, context=after pfnFreeFile [D:\Steam\steamapps\common\Half-Life\valve\sound\sentences.txt]]]
[2026-03-29 22:33:25.909] [info][general] hl.dll engine callback: pfnRandomLong [low=0, high=22, result=18, return=0x72A60999, context=after pfnRandomLong [low=0, high=6, result=2, return=0x72A60999, context=after pfnFreeFile [D:\Steam\steamapps\common\Half-Life\valve\sound\sentences.txt]]]
[2026-03-29 22:33:25.910] [info][general] Worldspawn trace: #886 map=c0a0 edict#0 classname=worldspawn pfnRandomLong [low=0, high=22, result=10, return=0x72A609A6, context=after pfnRandomLong [low=0, high=6, result=2, return=0x72A60999, context=after pfnFreeFile [D:\Steam\steamapps\common\Half-Life\valve\sound\sentences.txt]]]
[2026-03-29 22:33:25.924] [info][general] hl.dll engine callback: pfnRandomLong [low=0, high=22, result=10, return=0x72A609A6, context=after pfnRandomLong [low=0, high=6, result=2, return=0x72A60999, context=after pfnFreeFile [D:\Steam\steamapps\common\Half-Life\valve\sound\sentences.txt]]]
[2026-03-29 22:33:25.925] [info][general] Worldspawn trace: #887 map=c0a0 edict#0 classname=worldspawn pfnRandomLong [low=0, high=22, result=21, return=0x72A60999, context=after pfnRandomLong [low=0, high=6, result=2, return=0x72A60999, context=after pfnFreeFile [D:\Steam\steamapps\common\Half-Life\valve\sound\sentences.txt]]]
[2026-03-29 22:33:25.925] [info][general] hl.dll engine callback: pfnRandomLong [low=0, high=22, result=21, return=0x72A60999, context=after pfnRandomLong [low=0, high=6, result=2, return=0x72A60999, context=after pfnFreeFile [D:\Steam\steamapps\common\Half-Life\valve\sound\sentences.txt]]]
[2026-03-29 22:33:25.926] [info][general] Worldspawn trace: #888 map=c0a0 edict#0 classname=worldspawn pfnRandomLong [low=0, high=22, result=1, return=0x72A609A6, context=after pfnRandomLong [low=0, high=6, result=2, return=0x72A60999, context=after pfnFreeFile [D:\Steam\steamapps\common\Half-Life\valve\sound\sentences.txt]]]
[2026-03-29 22:33:25.926] [info][general] hl.dll engine callback: pfnRandomLong [low=0, high=22, result=1, return=0x72A609A6, context=after pfnRandomLong [low=0, high=6, result=2, return=0x72A60999, context=after pfnFreeFile [D:\Steam\steamapps\common\Half-Life\valve\sound\sentences.txt]]]
[2026-03-29 22:33:25.926] [info][general] Worldspawn trace: #889 map=c0a0 edict#0 classname=worldspawn pfnRandomLong [low=0, high=22, result=11, return=0x72A60999, context=after pfnRandomLong [low=0, high=6, result=2, return=0x72A60999, context=after pfnFreeFile [D:\Steam\steamapps\common\Half-Life\valve\sound\sentences.txt]]]
[2026-03-29 22:33:25.927] [info][general] hl.dll engine callback: pfnRandomLong [low=0, high=22, result=11, return=0x72A60999, context=after pfnRandomLong [low=0, high=6, result=2, return=0x72A60999, context=after pfnFreeFile [D:\Steam\steamapps\common\Half-Life\valve\sound\sentences.txt]]]
[2026-03-29 22:33:25.927] [info][general] Worldspawn trace: #890 map=c0a0 edict#0 classname=worldspawn pfnRandomLong [low=0, high=22, result=10, return=0x72A609A6, context=after pfnRandomLong [low=0, high=6, result=2, return=0x72A60999, context=after pfnFreeFile [D:\Steam\steamapps\common\Half-Life\valve\sound\sentences.txt]]]
[2026-03-29 22:33:25.927] [info][general] hl.dll engine callback: pfnRandomLong [low=0, high=22, result=10, return=0x72A609A6, context=after pfnRandomLong [low=0, high=6, result=2, return=0x72A60999, context=after pfnFreeFile [D:\Steam\steamapps\common\Half-Life\valve\sound\sentences.txt]]]
[2026-03-29 22:33:25.928] [info][general] Worldspawn trace: #891 map=c0a0 edict#0 classname=worldspawn pfnRandomLong [low=0, high=22, result=1, return=0x72A60999, context=after pfnRandomLong [low=0, high=6, result=2, return=0x72A60999, context=after pfnFreeFile [D:\Steam\steamapps\common\Half-Life\valve\sound\sentences.txt]]]
[2026-03-29 22:33:25.928] [info][general] hl.dll engine callback: pfnRandomLong [low=0, high=22, result=1, return=0x72A60999, context=after pfnRandomLong [low=0, high=6, result=2, return=0x72A60999, context=after pfnFreeFile [D:\Steam\steamapps\common\Half-Life\valve\sound\sentences.txt]]]
[2026-03-29 22:33:25.928] [info][general] Worldspawn trace: #892 map=c0a0 edict#0 classname=worldspawn pfnRandomLong [low=0, high=22, result=5, return=0x72A609A6, context=after pfnRandomLong [low=0, high=6, result=2, return=0x72A60999, context=after pfnFreeFile [D:\Steam\steamapps\common\Half-Life\valve\sound\sentences.txt]]]
[2026-03-29 22:33:25.928] [info][general] hl.dll engine callback: pfnRandomLong [low=0, high=22, result=5, return=0x72A609A6, context=after pfnRandomLong [low=0, high=6, result=2, return=0x72A60999, context=after pfnFreeFile [D:\Steam\steamapps\common\Half-Life\valve\sound\sentences.txt]]]
[2026-03-29 22:33:25.929] [info][general] Worldspawn trace: #893 map=c0a0 edict#0 classname=worldspawn pfnRandomLong [low=0, high=22, result=6, return=0x72A60999, context=after pfnRandomLong [low=0, high=6, result=2, return=0x72A60999, context=after pfnFreeFile [D:\Steam\steamapps\common\Half-Life\valve\sound\sentences.txt]]]
[2026-03-29 22:33:25.929] [info][general] hl.dll engine callback: pfnRandomLong [low=0, high=22, result=6, return=0x72A60999, context=after pfnRandomLong [low=0, high=6, result=2, return=0x72A60999, context=after pfnFreeFile [D:\Steam\steamapps\common\Half-Life\valve\sound\sentences.txt]]]
[2026-03-29 22:33:25.929] [info][general] Worldspawn trace: #894 map=c0a0 edict#0 classname=worldspawn pfnRandomLong [low=0, high=22, result=2, return=0x72A609A6, context=after pfnRandomLong [low=0, high=6, result=2, return=0x72A60999, context=after pfnFreeFile [D:\Steam\steamapps\common\Half-Life\valve\sound\sentences.txt]]]
[2026-03-29 22:33:25.929] [info][general] hl.dll engine callback: pfnRandomLong [low=0, high=22, result=2, return=0x72A609A6, context=after pfnRandomLong [low=0, high=6, result=2, return=0x72A60999, context=after pfnFreeFile [D:\Steam\steamapps\common\Half-Life\valve\sound\sentences.txt]]]
[2026-03-29 22:33:25.930] [info][general] Worldspawn trace: #895 map=c0a0 edict#0 classname=worldspawn pfnRandomLong [low=0, high=22, result=20, return=0x72A60999, context=after pfnRandomLong [low=0, high=6, result=2, return=0x72A60999, context=after pfnFreeFile [D:\Steam\steamapps\common\Half-Life\valve\sound\sentences.txt]]]
[2026-03-29 22:33:25.930] [info][general] hl.dll engine callback: pfnRandomLong [low=0, high=22, result=20, return=0x72A60999, context=after pfnRandomLong [low=0, high=6, result=2, return=0x72A60999, context=after pfnFreeFile [D:\Steam\steamapps\common\Half-Life\valve\sound\sentences.txt]]]
[2026-03-29 22:33:25.930] [info][general] Worldspawn trace: #896 map=c0a0 edict#0 classname=worldspawn pfnRandomLong [low=0, high=22, result=21, return=0x72A609A6, context=after pfnRandomLong [low=0, high=6, result=2, return=0x72A60999, context=after pfnFreeFile [D:\Steam\steamapps\common\Half-Life\valve\sound\sentences.txt]]]
[2026-03-29 22:33:25.931] [info][general] hl.dll engine callback: pfnRandomLong [low=0, high=22, result=21, return=0x72A609A6, context=after pfnRandomLong [low=0, high=6, result=2, return=0x72A60999, context=after pfnFreeFile [D:\Steam\steamapps\common\Half-Life\valve\sound\sentences.txt]]]
[2026-03-29 22:33:25.931] [info][general] Worldspawn trace: #897 map=c0a0 edict#0 classname=worldspawn pfnRandomLong [low=0, high=22, result=14, return=0x72A60999, context=after pfnRandomLong [low=0, high=6, result=2, return=0x72A60999, context=after pfnFreeFile [D:\Steam\steamapps\common\Half-Life\valve\sound\sentences.txt]]]
[2026-03-29 22:33:25.931] [info][general] hl.dll engine callback: pfnRandomLong [low=0, high=22, result=14, return=0x72A60999, context=after pfnRandomLong [low=0, high=6, result=2, return=0x72A60999, context=after pfnFreeFile [D:\Steam\steamapps\common\Half-Life\valve\sound\sentences.txt]]]
[2026-03-29 22:33:25.933] [info][general] Worldspawn trace: #898 map=c0a0 edict#0 classname=worldspawn pfnRandomLong [low=0, high=22, result=22, return=0x72A609A6, context=after pfnRandomLong [low=0, high=6, result=2, return=0x72A60999, context=after pfnFreeFile [D:\Steam\steamapps\common\Half-Life\valve\sound\sentences.txt]]]
[2026-03-29 22:33:25.933] [info][general] hl.dll engine callback: pfnRandomLong [low=0, high=22, result=22, return=0x72A609A6, context=after pfnRandomLong [low=0, high=6, result=2, return=0x72A60999, context=after pfnFreeFile [D:\Steam\steamapps\common\Half-Life\valve\sound\sentences.txt]]]
[2026-03-29 22:33:25.933] [info][general] Worldspawn trace: #899 map=c0a0 edict#0 classname=worldspawn pfnRandomLong [low=0, high=22, result=21, return=0x72A60999, context=after pfnRandomLong [low=0, high=6, result=2, return=0x72A60999, context=after pfnFreeFile [D:\Steam\steamapps\common\Half-Life\valve\sound\sentences.txt]]]
[2026-03-29 22:33:25.934] [info][general] hl.dll engine callback: pfnRandomLong [low=0, high=22, result=21, return=0x72A60999, context=after pfnRandomLong [low=0, high=6, result=2, return=0x72A60999, context=after pfnFreeFile [D:\Steam\steamapps\common\Half-Life\valve\sound\sentences.txt]]]
[2026-03-29 22:33:25.934] [info][general] Worldspawn trace: #900 map=c0a0 edict#0 classname=worldspawn pfnRandomLong [low=0, high=22, result=1, return=0x72A609A6, context=after pfnRandomLong [low=0, high=6, result=2, return=0x72A60999, context=after pfnFreeFile [D:\Steam\steamapps\common\Half-Life\valve\sound\sentences.txt]]]
[2026-03-29 22:33:25.934] [info][general] hl.dll engine callback: pfnRandomLong [low=0, high=22, result=1, return=0x72A609A6, context=after pfnRandomLong [low=0, high=6, result=2, return=0x72A60999, context=after pfnFreeFile [D:\Steam\steamapps\common\Half-Life\valve\sound\sentences.txt]]]
[2026-03-29 22:33:25.935] [info][general] Worldspawn trace: #901 map=c0a0 edict#0 classname=worldspawn pfnRandomLong [low=0, high=22, result=18, return=0x72A60999, context=after pfnRandomLong [low=0, high=6, result=2, return=0x72A60999, context=after pfnFreeFile [D:\Steam\steamapps\common\Half-Life\valve\sound\sentences.txt]]]
[2026-03-29 22:33:25.935] [info][general] hl.dll engine callback: pfnRandomLong [low=0, high=22, result=18, return=0x72A60999, context=after pfnRandomLong [low=0, high=6, result=2, return=0x72A60999, context=after pfnFreeFile [D:\Steam\steamapps\common\Half-Life\valve\sound\sentences.txt]]]
[2026-03-29 22:33:25.936] [info][general] Worldspawn trace: #902 map=c0a0 edict#0 classname=worldspawn pfnRandomLong [low=0, high=22, result=14, return=0x72A609A6, context=after pfnRandomLong [low=0, high=6, result=2, return=0x72A60999, context=after pfnFreeFile [D:\Steam\steamapps\common\Half-Life\valve\sound\sentences.txt]]]
[2026-03-29 22:33:25.936] [info][general] hl.dll engine callback: pfnRandomLong [low=0, high=22, result=14, return=0x72A609A6, context=after pfnRandomLong [low=0, high=6, result=2, return=0x72A60999, context=after pfnFreeFile [D:\Steam\steamapps\common\Half-Life\valve\sound\sentences.txt]]]
[2026-03-29 22:33:25.936] [info][general] Worldspawn trace: #903 map=c0a0 edict#0 classname=worldspawn pfnRandomLong [low=0, high=22, result=0, return=0x72A60999, context=after pfnRandomLong [low=0, high=6, result=2, return=0x72A60999, context=after pfnFreeFile [D:\Steam\steamapps\common\Half-Life\valve\sound\sentences.txt]]]
[2026-03-29 22:33:25.936] [info][general] hl.dll engine callback: pfnRandomLong [low=0, high=22, result=0, return=0x72A60999, context=after pfnRandomLong [low=0, high=6, result=2, return=0x72A60999, context=after pfnFreeFile [D:\Steam\steamapps\common\Half-Life\valve\sound\sentences.txt]]]
[2026-03-29 22:33:25.937] [info][general] Worldspawn trace: #904 map=c0a0 edict#0 classname=worldspawn pfnRandomLong [low=0, high=22, result=9, return=0x72A609A6, context=after pfnRandomLong [low=0, high=6, result=2, return=0x72A60999, context=after pfnFreeFile [D:\Steam\steamapps\common\Half-Life\valve\sound\sentences.txt]]]
[2026-03-29 22:33:25.937] [info][general] hl.dll engine callback: pfnRandomLong [low=0, high=22, result=9, return=0x72A609A6, context=after pfnRandomLong [low=0, high=6, result=2, return=0x72A60999, context=after pfnFreeFile [D:\Steam\steamapps\common\Half-Life\valve\sound\sentences.txt]]]
[2026-03-29 22:33:25.937] [info][general] Worldspawn trace: #905 map=c0a0 edict#0 classname=worldspawn pfnRandomLong [low=0, high=22, result=21, return=0x72A60999, context=after pfnRandomLong [low=0, high=6, result=2, return=0x72A60999, context=after pfnFreeFile [D:\Steam\steamapps\common\Half-Life\valve\sound\sentences.txt]]]
[2026-03-29 22:33:25.937] [info][general] hl.dll engine callback: pfnRandomLong [low=0, high=22, result=21, return=0x72A60999, context=after pfnRandomLong [low=0, high=6, result=2, return=0x72A60999, context=after pfnFreeFile [D:\Steam\steamapps\common\Half-Life\valve\sound\sentences.txt]]]
[2026-03-29 22:33:25.938] [info][general] Worldspawn trace: #906 map=c0a0 edict#0 classname=worldspawn pfnRandomLong [low=0, high=22, result=19, return=0x72A609A6, context=after pfnRandomLong [low=0, high=6, result=2, return=0x72A60999, context=after pfnFreeFile [D:\Steam\steamapps\common\Half-Life\valve\sound\sentences.txt]]]
[2026-03-29 22:33:25.938] [info][general] hl.dll engine callback: pfnRandomLong [low=0, high=22, result=19, return=0x72A609A6, context=after pfnRandomLong [low=0, high=6, result=2, return=0x72A60999, context=after pfnFreeFile [D:\Steam\steamapps\common\Half-Life\valve\sound\sentences.txt]]]
[2026-03-29 22:33:25.938] [info][general] Worldspawn trace: #907 map=c0a0 edict#0 classname=worldspawn pfnRandomLong [low=0, high=22, result=22, return=0x72A60999, context=after pfnRandomLong [low=0, high=6, result=2, return=0x72A60999, context=after pfnFreeFile [D:\Steam\steamapps\common\Half-Life\valve\sound\sentences.txt]]]
[2026-03-29 22:33:25.939] [info][general] hl.dll engine callback: pfnRandomLong [low=0, high=22, result=22, return=0x72A60999, context=after pfnRandomLong [low=0, high=6, result=2, return=0x72A60999, context=after pfnFreeFile [D:\Steam\steamapps\common\Half-Life\valve\sound\sentences.txt]]]
[2026-03-29 22:33:25.939] [info][general] Worldspawn trace: #908 map=c0a0 edict#0 classname=worldspawn pfnRandomLong [low=0, high=22, result=7, return=0x72A609A6, context=after pfnRandomLong [low=0, high=6, result=2, return=0x72A60999, context=after pfnFreeFile [D:\Steam\steamapps\common\Half-Life\valve\sound\sentences.txt]]]
[2026-03-29 22:33:25.939] [info][general] hl.dll engine callback: pfnRandomLong [low=0, high=22, result=7, return=0x72A609A6, context=after pfnRandomLong [low=0, high=6, result=2, return=0x72A60999, context=after pfnFreeFile [D:\Steam\steamapps\common\Half-Life\valve\sound\sentences.txt]]]
[2026-03-29 22:33:25.940] [info][general] Worldspawn trace: #909 map=c0a0 edict#0 classname=worldspawn pfnRandomLong [low=0, high=22, result=4, return=0x72A60999, context=after pfnRandomLong [low=0, high=6, result=2, return=0x72A60999, context=after pfnFreeFile [D:\Steam\steamapps\common\Half-Life\valve\sound\sentences.txt]]]
[2026-03-29 22:33:25.940] [info][general] hl.dll engine callback: pfnRandomLong [low=0, high=22, result=4, return=0x72A60999, context=after pfnRandomLong [low=0, high=6, result=2, return=0x72A60999, context=after pfnFreeFile [D:\Steam\steamapps\common\Half-Life\valve\sound\sentences.txt]]]
[2026-03-29 22:33:25.940] [info][general] Worldspawn trace: #910 map=c0a0 edict#0 classname=worldspawn pfnRandomLong [low=0, high=22, result=2, return=0x72A609A6, context=after pfnRandomLong [low=0, high=6, result=2, return=0x72A60999, context=after pfnFreeFile [D:\Steam\steamapps\common\Half-Life\valve\sound\sentences.txt]]]
[2026-03-29 22:33:25.941] [info][general] hl.dll engine callback: pfnRandomLong [low=0, high=22, result=2, return=0x72A609A6, context=after pfnRandomLong [low=0, high=6, result=2, return=0x72A60999, context=after pfnFreeFile [D:\Steam\steamapps\common\Half-Life\valve\sound\sentences.txt]]]
[2026-03-29 22:33:25.942] [info][general] Worldspawn trace: #911 map=c0a0 edict#0 classname=worldspawn pfnRandomLong [low=0, high=22, result=14, return=0x72A60999, context=after pfnRandomLong [low=0, high=6, result=2, return=0x72A60999, context=after pfnFreeFile [D:\Steam\steamapps\common\Half-Life\valve\sound\sentences.txt]]]
[2026-03-29 22:33:25.942] [info][general] hl.dll engine callback: pfnRandomLong [low=0, high=22, result=14, return=0x72A60999, context=after pfnRandomLong [low=0, high=6, result=2, return=0x72A60999, context=after pfnFreeFile [D:\Steam\steamapps\common\Half-Life\valve\sound\sentences.txt]]]
[2026-03-29 22:33:25.943] [info][general] Worldspawn trace: #912 map=c0a0 edict#0 classname=worldspawn pfnRandomLong [low=0, high=22, result=3, return=0x72A609A6, context=after pfnRandomLong [low=0, high=6, result=2, return=0x72A60999, context=after pfnFreeFile [D:\Steam\steamapps\common\Half-Life\valve\sound\sentences.txt]]]
[2026-03-29 22:33:25.943] [info][general] hl.dll engine callback: pfnRandomLong [low=0, high=22, result=3, return=0x72A609A6, context=after pfnRandomLong [low=0, high=6, result=2, return=0x72A60999, context=after pfnFreeFile [D:\Steam\steamapps\common\Half-Life\valve\sound\sentences.txt]]]
[2026-03-29 22:33:25.944] [info][general] Worldspawn trace: #913 map=c0a0 edict#0 classname=worldspawn pfnRandomLong [low=0, high=22, result=20, return=0x72A60999, context=after pfnRandomLong [low=0, high=6, result=2, return=0x72A60999, context=after pfnFreeFile [D:\Steam\steamapps\common\Half-Life\valve\sound\sentences.txt]]]
[2026-03-29 22:33:25.944] [info][general] hl.dll engine callback: pfnRandomLong [low=0, high=22, result=20, return=0x72A60999, context=after pfnRandomLong [low=0, high=6, result=2, return=0x72A60999, context=after pfnFreeFile [D:\Steam\steamapps\common\Half-Life\valve\sound\sentences.txt]]]
[2026-03-29 22:33:25.944] [info][general] Worldspawn trace: #914 map=c0a0 edict#0 classname=worldspawn pfnRandomLong [low=0, high=22, result=17, return=0x72A609A6, context=after pfnRandomLong [low=0, high=6, result=2, return=0x72A60999, context=after pfnFreeFile [D:\Steam\steamapps\common\Half-Life\valve\sound\sentences.txt]]]
[2026-03-29 22:33:25.944] [info][general] hl.dll engine callback: pfnRandomLong [low=0, high=22, result=17, return=0x72A609A6, context=after pfnRandomLong [low=0, high=6, result=2, return=0x72A60999, context=after pfnFreeFile [D:\Steam\steamapps\common\Half-Life\valve\sound\sentences.txt]]]
[2026-03-29 22:33:25.945] [info][general] Worldspawn trace: #915 map=c0a0 edict#0 classname=worldspawn pfnRandomLong [low=0, high=22, result=19, return=0x72A60999, context=after pfnRandomLong [low=0, high=6, result=2, return=0x72A60999, context=after pfnFreeFile [D:\Steam\steamapps\common\Half-Life\valve\sound\sentences.txt]]]
[2026-03-29 22:33:25.945] [info][general] hl.dll engine callback: pfnRandomLong [low=0, high=22, result=19, return=0x72A60999, context=after pfnRandomLong [low=0, high=6, result=2, return=0x72A60999, context=after pfnFreeFile [D:\Steam\steamapps\common\Half-Life\valve\sound\sentences.txt]]]
[2026-03-29 22:33:25.945] [info][general] Worldspawn trace: #916 map=c0a0 edict#0 classname=worldspawn pfnRandomLong [low=0, high=22, result=5, return=0x72A609A6, context=after pfnRandomLong [low=0, high=6, result=2, return=0x72A60999, context=after pfnFreeFile [D:\Steam\steamapps\common\Half-Life\valve\sound\sentences.txt]]]
[2026-03-29 22:33:25.945] [info][general] hl.dll engine callback: pfnRandomLong [low=0, high=22, result=5, return=0x72A609A6, context=after pfnRandomLong [low=0, high=6, result=2, return=0x72A60999, context=after pfnFreeFile [D:\Steam\steamapps\common\Half-Life\valve\sound\sentences.txt]]]
[2026-03-29 22:33:25.946] [info][general] Worldspawn trace: #917 map=c0a0 edict#0 classname=worldspawn pfnRandomLong [low=0, high=22, result=6, return=0x72A60999, context=after pfnRandomLong [low=0, high=6, result=2, return=0x72A60999, context=after pfnFreeFile [D:\Steam\steamapps\common\Half-Life\valve\sound\sentences.txt]]]
[2026-03-29 22:33:25.946] [info][general] hl.dll engine callback: pfnRandomLong [low=0, high=22, result=6, return=0x72A60999, context=after pfnRandomLong [low=0, high=6, result=2, return=0x72A60999, context=after pfnFreeFile [D:\Steam\steamapps\common\Half-Life\valve\sound\sentences.txt]]]
[2026-03-29 22:33:25.946] [info][general] Worldspawn trace: #918 map=c0a0 edict#0 classname=worldspawn pfnRandomLong [low=0, high=22, result=15, return=0x72A609A6, context=after pfnRandomLong [low=0, high=6, result=2, return=0x72A60999, context=after pfnFreeFile [D:\Steam\steamapps\common\Half-Life\valve\sound\sentences.txt]]]
[2026-03-29 22:33:25.947] [info][general] hl.dll engine callback: pfnRandomLong [low=0, high=22, result=15, return=0x72A609A6, context=after pfnRandomLong [low=0, high=6, result=2, return=0x72A60999, context=after pfnFreeFile [D:\Steam\steamapps\common\Half-Life\valve\sound\sentences.txt]]]
[2026-03-29 22:33:25.947] [info][general] Worldspawn trace: #919 map=c0a0 edict#0 classname=worldspawn pfnRandomLong [low=0, high=22, result=21, return=0x72A60999, context=after pfnRandomLong [low=0, high=6, result=2, return=0x72A60999, context=after pfnFreeFile [D:\Steam\steamapps\common\Half-Life\valve\sound\sentences.txt]]]
[2026-03-29 22:33:25.948] [info][general] hl.dll engine callback: pfnRandomLong [low=0, high=22, result=21, return=0x72A60999, context=after pfnRandomLong [low=0, high=6, result=2, return=0x72A60999, context=after pfnFreeFile [D:\Steam\steamapps\common\Half-Life\valve\sound\sentences.txt]]]
[2026-03-29 22:33:25.950] [info][general] Worldspawn trace: #920 map=c0a0 edict#0 classname=worldspawn pfnRandomLong [low=0, high=22, result=19, return=0x72A609A6, context=after pfnRandomLong [low=0, high=6, result=2, return=0x72A60999, context=after pfnFreeFile [D:\Steam\steamapps\common\Half-Life\valve\sound\sentences.txt]]]
[2026-03-29 22:33:25.950] [info][general] hl.dll engine callback: pfnRandomLong [low=0, high=22, result=19, return=0x72A609A6, context=after pfnRandomLong [low=0, high=6, result=2, return=0x72A60999, context=after pfnFreeFile [D:\Steam\steamapps\common\Half-Life\valve\sound\sentences.txt]]]
[2026-03-29 22:33:25.951] [info][general] Worldspawn trace: #921 map=c0a0 edict#0 classname=worldspawn pfnRandomLong [low=0, high=22, result=15, return=0x72A60999, context=after pfnRandomLong [low=0, high=6, result=2, return=0x72A60999, context=after pfnFreeFile [D:\Steam\steamapps\common\Half-Life\valve\sound\sentences.txt]]]
[2026-03-29 22:33:25.951] [info][general] hl.dll engine callback: pfnRandomLong [low=0, high=22, result=15, return=0x72A60999, context=after pfnRandomLong [low=0, high=6, result=2, return=0x72A60999, context=after pfnFreeFile [D:\Steam\steamapps\common\Half-Life\valve\sound\sentences.txt]]]
[2026-03-29 22:33:25.951] [info][general] Worldspawn trace: #922 map=c0a0 edict#0 classname=worldspawn pfnRandomLong [low=0, high=22, result=6, return=0x72A609A6, context=after pfnRandomLong [low=0, high=6, result=2, return=0x72A60999, context=after pfnFreeFile [D:\Steam\steamapps\common\Half-Life\valve\sound\sentences.txt]]]
[2026-03-29 22:33:25.951] [info][general] hl.dll engine callback: pfnRandomLong [low=0, high=22, result=6, return=0x72A609A6, context=after pfnRandomLong [low=0, high=6, result=2, return=0x72A60999, context=after pfnFreeFile [D:\Steam\steamapps\common\Half-Life\valve\sound\sentences.txt]]]
[2026-03-29 22:33:25.952] [info][general] Worldspawn trace: #923 map=c0a0 edict#0 classname=worldspawn pfnRandomLong [low=0, high=22, result=8, return=0x72A60999, context=after pfnRandomLong [low=0, high=6, result=2, return=0x72A60999, context=after pfnFreeFile [D:\Steam\steamapps\common\Half-Life\valve\sound\sentences.txt]]]
[2026-03-29 22:33:25.952] [info][general] hl.dll engine callback: pfnRandomLong [low=0, high=22, result=8, return=0x72A60999, context=after pfnRandomLong [low=0, high=6, result=2, return=0x72A60999, context=after pfnFreeFile [D:\Steam\steamapps\common\Half-Life\valve\sound\sentences.txt]]]
[2026-03-29 22:33:25.952] [info][general] Worldspawn trace: #924 map=c0a0 edict#0 classname=worldspawn pfnRandomLong [low=0, high=22, result=14, return=0x72A609A6, context=after pfnRandomLong [low=0, high=6, result=2, return=0x72A60999, context=after pfnFreeFile [D:\Steam\steamapps\common\Half-Life\valve\sound\sentences.txt]]]
[2026-03-29 22:33:25.952] [info][general] hl.dll engine callback: pfnRandomLong [low=0, high=22, result=14, return=0x72A609A6, context=after pfnRandomLong [low=0, high=6, result=2, return=0x72A60999, context=after pfnFreeFile [D:\Steam\steamapps\common\Half-Life\valve\sound\sentences.txt]]]
[2026-03-29 22:33:25.953] [info][general] Worldspawn trace: #925 map=c0a0 edict#0 classname=worldspawn pfnRandomLong [low=0, high=22, result=16, return=0x72A60999, context=after pfnRandomLong [low=0, high=6, result=2, return=0x72A60999, context=after pfnFreeFile [D:\Steam\steamapps\common\Half-Life\valve\sound\sentences.txt]]]
[2026-03-29 22:33:25.954] [info][general] hl.dll engine callback: pfnRandomLong [low=0, high=22, result=16, return=0x72A60999, context=after pfnRandomLong [low=0, high=6, result=2, return=0x72A60999, context=after pfnFreeFile [D:\Steam\steamapps\common\Half-Life\valve\sound\sentences.txt]]]
[2026-03-29 22:33:25.954] [info][general] Worldspawn trace: #926 map=c0a0 edict#0 classname=worldspawn pfnRandomLong [low=0, high=22, result=10, return=0x72A609A6, context=after pfnRandomLong [low=0, high=6, result=2, return=0x72A60999, context=after pfnFreeFile [D:\Steam\steamapps\common\Half-Life\valve\sound\sentences.txt]]]
[2026-03-29 22:33:25.954] [info][general] hl.dll engine callback: pfnRandomLong [low=0, high=22, result=10, return=0x72A609A6, context=after pfnRandomLong [low=0, high=6, result=2, return=0x72A60999, context=after pfnFreeFile [D:\Steam\steamapps\common\Half-Life\valve\sound\sentences.txt]]]
[2026-03-29 22:33:25.954] [info][general] Worldspawn trace: #927 map=c0a0 edict#0 classname=worldspawn pfnRandomLong [low=0, high=22, result=18, return=0x72A60999, context=after pfnRandomLong [low=0, high=6, result=2, return=0x72A60999, context=after pfnFreeFile [D:\Steam\steamapps\common\Half-Life\valve\sound\sentences.txt]]]
[2026-03-29 22:33:25.954] [info][general] hl.dll engine callback: pfnRandomLong [low=0, high=22, result=18, return=0x72A60999, context=after pfnRandomLong [low=0, high=6, result=2, return=0x72A60999, context=after pfnFreeFile [D:\Steam\steamapps\common\Half-Life\valve\sound\sentences.txt]]]
[2026-03-29 22:33:25.955] [info][general] Worldspawn trace: #928 map=c0a0 edict#0 classname=worldspawn pfnRandomLong [low=0, high=22, result=10, return=0x72A609A6, context=after pfnRandomLong [low=0, high=6, result=2, return=0x72A60999, context=after pfnFreeFile [D:\Steam\steamapps\common\Half-Life\valve\sound\sentences.txt]]]
[2026-03-29 22:33:25.955] [info][general] hl.dll engine callback: pfnRandomLong [low=0, high=22, result=10, return=0x72A609A6, context=after pfnRandomLong [low=0, high=6, result=2, return=0x72A60999, context=after pfnFreeFile [D:\Steam\steamapps\common\Half-Life\valve\sound\sentences.txt]]]
[2026-03-29 22:33:25.956] [info][general] Worldspawn trace: #929 map=c0a0 edict#0 classname=worldspawn pfnRandomLong [low=0, high=22, result=15, return=0x72A60999, context=after pfnRandomLong [low=0, high=6, result=2, return=0x72A60999, context=after pfnFreeFile [D:\Steam\steamapps\common\Half-Life\valve\sound\sentences.txt]]]
[2026-03-29 22:33:25.956] [info][general] hl.dll engine callback: pfnRandomLong [low=0, high=22, result=15, return=0x72A60999, context=after pfnRandomLong [low=0, high=6, result=2, return=0x72A60999, context=after pfnFreeFile [D:\Steam\steamapps\common\Half-Life\valve\sound\sentences.txt]]]
[2026-03-29 22:33:25.956] [info][general] Worldspawn trace: #930 map=c0a0 edict#0 classname=worldspawn pfnRandomLong [low=0, high=22, result=11, return=0x72A609A6, context=after pfnRandomLong [low=0, high=6, result=2, return=0x72A60999, context=after pfnFreeFile [D:\Steam\steamapps\common\Half-Life\valve\sound\sentences.txt]]]
[2026-03-29 22:33:25.957] [info][general] hl.dll engine callback: pfnRandomLong [low=0, high=22, result=11, return=0x72A609A6, context=after pfnRandomLong [low=0, high=6, result=2, return=0x72A60999, context=after pfnFreeFile [D:\Steam\steamapps\common\Half-Life\valve\sound\sentences.txt]]]
[2026-03-29 22:33:25.957] [info][general] Worldspawn trace: #931 map=c0a0 edict#0 classname=worldspawn pfnRandomLong [low=0, high=22, result=3, return=0x72A60999, context=after pfnRandomLong [low=0, high=6, result=2, return=0x72A60999, context=after pfnFreeFile [D:\Steam\steamapps\common\Half-Life\valve\sound\sentences.txt]]]
[2026-03-29 22:33:25.957] [info][general] hl.dll engine callback: pfnRandomLong [low=0, high=22, result=3, return=0x72A60999, context=after pfnRandomLong [low=0, high=6, result=2, return=0x72A60999, context=after pfnFreeFile [D:\Steam\steamapps\common\Half-Life\valve\sound\sentences.txt]]]
[2026-03-29 22:33:25.957] [info][general] Worldspawn trace: #932 map=c0a0 edict#0 classname=worldspawn pfnRandomLong [low=0, high=22, result=1, return=0x72A609A6, context=after pfnRandomLong [low=0, high=6, result=2, return=0x72A60999, context=after pfnFreeFile [D:\Steam\steamapps\common\Half-Life\valve\sound\sentences.txt]]]
[2026-03-29 22:33:25.957] [info][general] hl.dll engine callback: pfnRandomLong [low=0, high=22, result=1, return=0x72A609A6, context=after pfnRandomLong [low=0, high=6, result=2, return=0x72A60999, context=after pfnFreeFile [D:\Steam\steamapps\common\Half-Life\valve\sound\sentences.txt]]]
[2026-03-29 22:33:25.958] [info][general] Worldspawn trace: #933 map=c0a0 edict#0 classname=worldspawn pfnRandomLong [low=0, high=22, result=5, return=0x72A60999, context=after pfnRandomLong [low=0, high=6, result=2, return=0x72A60999, context=after pfnFreeFile [D:\Steam\steamapps\common\Half-Life\valve\sound\sentences.txt]]]
[2026-03-29 22:33:25.958] [info][general] hl.dll engine callback: pfnRandomLong [low=0, high=22, result=5, return=0x72A60999, context=after pfnRandomLong [low=0, high=6, result=2, return=0x72A60999, context=after pfnFreeFile [D:\Steam\steamapps\common\Half-Life\valve\sound\sentences.txt]]]
[2026-03-29 22:33:25.958] [info][general] Worldspawn trace: #934 map=c0a0 edict#0 classname=worldspawn pfnRandomLong [low=0, high=22, result=5, return=0x72A609A6, context=after pfnRandomLong [low=0, high=6, result=2, return=0x72A60999, context=after pfnFreeFile [D:\Steam\steamapps\common\Half-Life\valve\sound\sentences.txt]]]
[2026-03-29 22:33:25.958] [info][general] hl.dll engine callback: pfnRandomLong [low=0, high=22, result=5, return=0x72A609A6, context=after pfnRandomLong [low=0, high=6, result=2, return=0x72A60999, context=after pfnFreeFile [D:\Steam\steamapps\common\Half-Life\valve\sound\sentences.txt]]]
[2026-03-29 22:33:25.958] [info][general] Worldspawn trace: #935 map=c0a0 edict#0 classname=worldspawn pfnRandomLong [low=0, high=22, result=22, return=0x72A60999, context=after pfnRandomLong [low=0, high=6, result=2, return=0x72A60999, context=after pfnFreeFile [D:\Steam\steamapps\common\Half-Life\valve\sound\sentences.txt]]]
[2026-03-29 22:33:25.959] [info][general] hl.dll engine callback: pfnRandomLong [low=0, high=22, result=22, return=0x72A60999, context=after pfnRandomLong [low=0, high=6, result=2, return=0x72A60999, context=after pfnFreeFile [D:\Steam\steamapps\common\Half-Life\valve\sound\sentences.txt]]]
[2026-03-29 22:33:25.959] [info][general] Worldspawn trace: #936 map=c0a0 edict#0 classname=worldspawn pfnRandomLong [low=0, high=22, result=13, return=0x72A609A6, context=after pfnRandomLong [low=0, high=6, result=2, return=0x72A60999, context=after pfnFreeFile [D:\Steam\steamapps\common\Half-Life\valve\sound\sentences.txt]]]
[2026-03-29 22:33:25.959] [info][general] hl.dll engine callback: pfnRandomLong [low=0, high=22, result=13, return=0x72A609A6, context=after pfnRandomLong [low=0, high=6, result=2, return=0x72A60999, context=after pfnFreeFile [D:\Steam\steamapps\common\Half-Life\valve\sound\sentences.txt]]]
[2026-03-29 22:33:25.959] [info][general] Worldspawn trace: #937 map=c0a0 edict#0 classname=worldspawn pfnRandomLong [low=0, high=22, result=16, return=0x72A60999, context=after pfnRandomLong [low=0, high=6, result=2, return=0x72A60999, context=after pfnFreeFile [D:\Steam\steamapps\common\Half-Life\valve\sound\sentences.txt]]]
[2026-03-29 22:33:25.959] [info][general] hl.dll engine callback: pfnRandomLong [low=0, high=22, result=16, return=0x72A60999, context=after pfnRandomLong [low=0, high=6, result=2, return=0x72A60999, context=after pfnFreeFile [D:\Steam\steamapps\common\Half-Life\valve\sound\sentences.txt]]]
[2026-03-29 22:33:25.959] [info][general] Worldspawn trace: #938 map=c0a0 edict#0 classname=worldspawn pfnRandomLong [low=0, high=22, result=0, return=0x72A609A6, context=after pfnRandomLong [low=0, high=6, result=2, return=0x72A60999, context=after pfnFreeFile [D:\Steam\steamapps\common\Half-Life\valve\sound\sentences.txt]]]
[2026-03-29 22:33:25.960] [info][general] hl.dll engine callback: pfnRandomLong [low=0, high=22, result=0, return=0x72A609A6, context=after pfnRandomLong [low=0, high=6, result=2, return=0x72A60999, context=after pfnFreeFile [D:\Steam\steamapps\common\Half-Life\valve\sound\sentences.txt]]]
[2026-03-29 22:33:25.960] [info][general] Worldspawn trace: #939 map=c0a0 edict#0 classname=worldspawn pfnRandomLong [low=0, high=22, result=6, return=0x72A60999, context=after pfnRandomLong [low=0, high=6, result=2, return=0x72A60999, context=after pfnFreeFile [D:\Steam\steamapps\common\Half-Life\valve\sound\sentences.txt]]]
[2026-03-29 22:33:25.960] [info][general] hl.dll engine callback: pfnRandomLong [low=0, high=22, result=6, return=0x72A60999, context=after pfnRandomLong [low=0, high=6, result=2, return=0x72A60999, context=after pfnFreeFile [D:\Steam\steamapps\common\Half-Life\valve\sound\sentences.txt]]]
[2026-03-29 22:33:25.960] [info][general] Worldspawn trace: #940 map=c0a0 edict#0 classname=worldspawn pfnRandomLong [low=0, high=22, result=3, return=0x72A609A6, context=after pfnRandomLong [low=0, high=6, result=2, return=0x72A60999, context=after pfnFreeFile [D:\Steam\steamapps\common\Half-Life\valve\sound\sentences.txt]]]
[2026-03-29 22:33:25.960] [info][general] hl.dll engine callback: pfnRandomLong [low=0, high=22, result=3, return=0x72A609A6, context=after pfnRandomLong [low=0, high=6, result=2, return=0x72A60999, context=after pfnFreeFile [D:\Steam\steamapps\common\Half-Life\valve\sound\sentences.txt]]]
[2026-03-29 22:33:25.960] [info][general] Worldspawn trace: #941 map=c0a0 edict#0 classname=worldspawn pfnRandomLong [low=0, high=22, result=8, return=0x72A60999, context=after pfnRandomLong [low=0, high=6, result=2, return=0x72A60999, context=after pfnFreeFile [D:\Steam\steamapps\common\Half-Life\valve\sound\sentences.txt]]]
[2026-03-29 22:33:25.961] [info][general] hl.dll engine callback: pfnRandomLong [low=0, high=22, result=8, return=0x72A60999, context=after pfnRandomLong [low=0, high=6, result=2, return=0x72A60999, context=after pfnFreeFile [D:\Steam\steamapps\common\Half-Life\valve\sound\sentences.txt]]]
[2026-03-29 22:33:25.961] [info][general] Worldspawn trace: #942 map=c0a0 edict#0 classname=worldspawn pfnRandomLong [low=0, high=22, result=11, return=0x72A609A6, context=after pfnRandomLong [low=0, high=6, result=2, return=0x72A60999, context=after pfnFreeFile [D:\Steam\steamapps\common\Half-Life\valve\sound\sentences.txt]]]
[2026-03-29 22:33:25.961] [info][general] hl.dll engine callback: pfnRandomLong [low=0, high=22, result=11, return=0x72A609A6, context=after pfnRandomLong [low=0, high=6, result=2, return=0x72A60999, context=after pfnFreeFile [D:\Steam\steamapps\common\Half-Life\valve\sound\sentences.txt]]]
[2026-03-29 22:33:25.961] [info][general] Worldspawn trace: #943 map=c0a0 edict#0 classname=worldspawn pfnRandomLong [low=0, high=22, result=9, return=0x72A60999, context=after pfnRandomLong [low=0, high=6, result=2, return=0x72A60999, context=after pfnFreeFile [D:\Steam\steamapps\common\Half-Life\valve\sound\sentences.txt]]]
[2026-03-29 22:33:25.961] [info][general] hl.dll engine callback: pfnRandomLong [low=0, high=22, result=9, return=0x72A60999, context=after pfnRandomLong [low=0, high=6, result=2, return=0x72A60999, context=after pfnFreeFile [D:\Steam\steamapps\common\Half-Life\valve\sound\sentences.txt]]]
[2026-03-29 22:33:25.961] [info][general] Worldspawn trace: #944 map=c0a0 edict#0 classname=worldspawn pfnRandomLong [low=0, high=22, result=7, return=0x72A609A6, context=after pfnRandomLong [low=0, high=6, result=2, return=0x72A60999, context=after pfnFreeFile [D:\Steam\steamapps\common\Half-Life\valve\sound\sentences.txt]]]
[2026-03-29 22:33:25.962] [info][general] hl.dll engine callback: pfnRandomLong [low=0, high=22, result=7, return=0x72A609A6, context=after pfnRandomLong [low=0, high=6, result=2, return=0x72A60999, context=after pfnFreeFile [D:\Steam\steamapps\common\Half-Life\valve\sound\sentences.txt]]]
[2026-03-29 22:33:25.962] [info][general] Worldspawn trace: #945 map=c0a0 edict#0 classname=worldspawn pfnRandomLong [low=0, high=22, result=20, return=0x72A60999, context=after pfnRandomLong [low=0, high=6, result=2, return=0x72A60999, context=after pfnFreeFile [D:\Steam\steamapps\common\Half-Life\valve\sound\sentences.txt]]]
[2026-03-29 22:33:25.962] [info][general] hl.dll engine callback: pfnRandomLong [low=0, high=22, result=20, return=0x72A60999, context=after pfnRandomLong [low=0, high=6, result=2, return=0x72A60999, context=after pfnFreeFile [D:\Steam\steamapps\common\Half-Life\valve\sound\sentences.txt]]]
[2026-03-29 22:33:25.962] [info][general] Worldspawn trace: #946 map=c0a0 edict#0 classname=worldspawn pfnRandomLong [low=0, high=22, result=17, return=0x72A609A6, context=after pfnRandomLong [low=0, high=6, result=2, return=0x72A60999, context=after pfnFreeFile [D:\Steam\steamapps\common\Half-Life\valve\sound\sentences.txt]]]
[2026-03-29 22:33:25.963] [info][general] hl.dll engine callback: pfnRandomLong [low=0, high=22, result=17, return=0x72A609A6, context=after pfnRandomLong [low=0, high=6, result=2, return=0x72A60999, context=after pfnFreeFile [D:\Steam\steamapps\common\Half-Life\valve\sound\sentences.txt]]]
[2026-03-29 22:33:25.963] [info][general] Worldspawn trace: #947 map=c0a0 edict#0 classname=worldspawn pfnRandomLong [low=0, high=22, result=16, return=0x72A60999, context=after pfnRandomLong [low=0, high=6, result=2, return=0x72A60999, context=after pfnFreeFile [D:\Steam\steamapps\common\Half-Life\valve\sound\sentences.txt]]]
[2026-03-29 22:33:25.963] [info][general] hl.dll engine callback: pfnRandomLong [low=0, high=22, result=16, return=0x72A60999, context=after pfnRandomLong [low=0, high=6, result=2, return=0x72A60999, context=after pfnFreeFile [D:\Steam\steamapps\common\Half-Life\valve\sound\sentences.txt]]]
[2026-03-29 22:33:25.963] [info][general] Worldspawn trace: #948 map=c0a0 edict#0 classname=worldspawn pfnRandomLong [low=0, high=22, result=14, return=0x72A609A6, context=after pfnRandomLong [low=0, high=6, result=2, return=0x72A60999, context=after pfnFreeFile [D:\Steam\steamapps\common\Half-Life\valve\sound\sentences.txt]]]
[2026-03-29 22:33:25.963] [info][general] hl.dll engine callback: pfnRandomLong [low=0, high=22, result=14, return=0x72A609A6, context=after pfnRandomLong [low=0, high=6, result=2, return=0x72A60999, context=after pfnFreeFile [D:\Steam\steamapps\common\Half-Life\valve\sound\sentences.txt]]]
[2026-03-29 22:33:25.964] [info][general] Worldspawn trace: #949 map=c0a0 edict#0 classname=worldspawn pfnRandomLong [low=0, high=22, result=8, return=0x72A60999, context=after pfnRandomLong [low=0, high=6, result=2, return=0x72A60999, context=after pfnFreeFile [D:\Steam\steamapps\common\Half-Life\valve\sound\sentences.txt]]]
[2026-03-29 22:33:25.964] [info][general] hl.dll engine callback: pfnRandomLong [low=0, high=22, result=8, return=0x72A60999, context=after pfnRandomLong [low=0, high=6, result=2, return=0x72A60999, context=after pfnFreeFile [D:\Steam\steamapps\common\Half-Life\valve\sound\sentences.txt]]]
[2026-03-29 22:33:25.964] [info][general] Worldspawn trace: #950 map=c0a0 edict#0 classname=worldspawn pfnRandomLong [low=0, high=22, result=4, return=0x72A609A6, context=after pfnRandomLong [low=0, high=6, result=2, return=0x72A60999, context=after pfnFreeFile [D:\Steam\steamapps\common\Half-Life\valve\sound\sentences.txt]]]
[2026-03-29 22:33:25.964] [info][general] hl.dll engine callback: pfnRandomLong [low=0, high=22, result=4, return=0x72A609A6, context=after pfnRandomLong [low=0, high=6, result=2, return=0x72A60999, context=after pfnFreeFile [D:\Steam\steamapps\common\Half-Life\valve\sound\sentences.txt]]]
[2026-03-29 22:33:25.965] [info][general] Worldspawn trace: #951 map=c0a0 edict#0 classname=worldspawn pfnRandomLong [low=0, high=22, result=21, return=0x72A60999, context=after pfnRandomLong [low=0, high=6, result=2, return=0x72A60999, context=after pfnFreeFile [D:\Steam\steamapps\common\Half-Life\valve\sound\sentences.txt]]]
[2026-03-29 22:33:25.965] [info][general] hl.dll engine callback: pfnRandomLong [low=0, high=22, result=21, return=0x72A60999, context=after pfnRandomLong [low=0, high=6, result=2, return=0x72A60999, context=after pfnFreeFile [D:\Steam\steamapps\common\Half-Life\valve\sound\sentences.txt]]]
[2026-03-29 22:33:25.965] [info][general] Worldspawn trace: #952 map=c0a0 edict#0 classname=worldspawn pfnRandomLong [low=0, high=22, result=1, return=0x72A609A6, context=after pfnRandomLong [low=0, high=6, result=2, return=0x72A60999, context=after pfnFreeFile [D:\Steam\steamapps\common\Half-Life\valve\sound\sentences.txt]]]
[2026-03-29 22:33:25.965] [info][general] hl.dll engine callback: pfnRandomLong [low=0, high=22, result=1, return=0x72A609A6, context=after pfnRandomLong [low=0, high=6, result=2, return=0x72A60999, context=after pfnFreeFile [D:\Steam\steamapps\common\Half-Life\valve\sound\sentences.txt]]]
[2026-03-29 22:33:25.965] [info][general] Worldspawn trace: #953 map=c0a0 edict#0 classname=worldspawn pfnRandomLong [low=0, high=11, result=4, return=0x72A60999, context=after pfnRandomLong [low=0, high=6, result=2, return=0x72A60999, context=after pfnFreeFile [D:\Steam\steamapps\common\Half-Life\valve\sound\sentences.txt]]]
[2026-03-29 22:33:25.966] [info][general] hl.dll engine callback: pfnRandomLong [low=0, high=11, result=4, return=0x72A60999, context=after pfnRandomLong [low=0, high=6, result=2, return=0x72A60999, context=after pfnFreeFile [D:\Steam\steamapps\common\Half-Life\valve\sound\sentences.txt]]]
[2026-03-29 22:33:25.966] [info][general] Worldspawn trace: #954 map=c0a0 edict#0 classname=worldspawn pfnRandomLong [low=0, high=11, result=7, return=0x72A609A6, context=after pfnRandomLong [low=0, high=6, result=2, return=0x72A60999, context=after pfnFreeFile [D:\Steam\steamapps\common\Half-Life\valve\sound\sentences.txt]]]
[2026-03-29 22:33:25.966] [info][general] hl.dll engine callback: pfnRandomLong [low=0, high=11, result=7, return=0x72A609A6, context=after pfnRandomLong [low=0, high=6, result=2, return=0x72A60999, context=after pfnFreeFile [D:\Steam\steamapps\common\Half-Life\valve\sound\sentences.txt]]]
[2026-03-29 22:33:25.966] [info][general] Worldspawn trace: #955 map=c0a0 edict#0 classname=worldspawn pfnRandomLong [low=0, high=11, result=2, return=0x72A60999, context=after pfnRandomLong [low=0, high=6, result=2, return=0x72A60999, context=after pfnFreeFile [D:\Steam\steamapps\common\Half-Life\valve\sound\sentences.txt]]]
[2026-03-29 22:33:25.966] [info][general] hl.dll engine callback: pfnRandomLong [low=0, high=11, result=2, return=0x72A60999, context=after pfnRandomLong [low=0, high=6, result=2, return=0x72A60999, context=after pfnFreeFile [D:\Steam\steamapps\common\Half-Life\valve\sound\sentences.txt]]]
[2026-03-29 22:33:25.967] [info][general] Worldspawn trace: #956 map=c0a0 edict#0 classname=worldspawn pfnRandomLong [low=0, high=11, result=5, return=0x72A609A6, context=after pfnRandomLong [low=0, high=6, result=2, return=0x72A60999, context=after pfnFreeFile [D:\Steam\steamapps\common\Half-Life\valve\sound\sentences.txt]]]
[2026-03-29 22:33:25.967] [info][general] hl.dll engine callback: pfnRandomLong [low=0, high=11, result=5, return=0x72A609A6, context=after pfnRandomLong [low=0, high=6, result=2, return=0x72A60999, context=after pfnFreeFile [D:\Steam\steamapps\common\Half-Life\valve\sound\sentences.txt]]]
[2026-03-29 22:33:25.967] [info][general] Worldspawn trace: #957 map=c0a0 edict#0 classname=worldspawn pfnRandomLong [low=0, high=11, result=8, return=0x72A60999, context=after pfnRandomLong [low=0, high=6, result=2, return=0x72A60999, context=after pfnFreeFile [D:\Steam\steamapps\common\Half-Life\valve\sound\sentences.txt]]]
[2026-03-29 22:33:25.967] [info][general] hl.dll engine callback: pfnRandomLong [low=0, high=11, result=8, return=0x72A60999, context=after pfnRandomLong [low=0, high=6, result=2, return=0x72A60999, context=after pfnFreeFile [D:\Steam\steamapps\common\Half-Life\valve\sound\sentences.txt]]]
[2026-03-29 22:33:25.968] [info][general] Worldspawn trace: #958 map=c0a0 edict#0 classname=worldspawn pfnRandomLong [low=0, high=11, result=3, return=0x72A609A6, context=after pfnRandomLong [low=0, high=6, result=2, return=0x72A60999, context=after pfnFreeFile [D:\Steam\steamapps\common\Half-Life\valve\sound\sentences.txt]]]
[2026-03-29 22:33:25.968] [info][general] hl.dll engine callback: pfnRandomLong [low=0, high=11, result=3, return=0x72A609A6, context=after pfnRandomLong [low=0, high=6, result=2, return=0x72A60999, context=after pfnFreeFile [D:\Steam\steamapps\common\Half-Life\valve\sound\sentences.txt]]]
[2026-03-29 22:33:25.969] [info][general] Worldspawn trace: #959 map=c0a0 edict#0 classname=worldspawn pfnRandomLong [low=0, high=11, result=6, return=0x72A60999, context=after pfnRandomLong [low=0, high=6, result=2, return=0x72A60999, context=after pfnFreeFile [D:\Steam\steamapps\common\Half-Life\valve\sound\sentences.txt]]]
[2026-03-29 22:33:25.969] [info][general] hl.dll engine callback: pfnRandomLong [low=0, high=11, result=6, return=0x72A60999, context=after pfnRandomLong [low=0, high=6, result=2, return=0x72A60999, context=after pfnFreeFile [D:\Steam\steamapps\common\Half-Life\valve\sound\sentences.txt]]]
[2026-03-29 22:33:25.969] [info][general] Worldspawn trace: #960 map=c0a0 edict#0 classname=worldspawn pfnRandomLong [low=0, high=11, result=1, return=0x72A609A6, context=after pfnRandomLong [low=0, high=6, result=2, return=0x72A60999, context=after pfnFreeFile [D:\Steam\steamapps\common\Half-Life\valve\sound\sentences.txt]]]
[2026-03-29 22:33:25.970] [info][general] hl.dll engine callback: pfnRandomLong [low=0, high=11, result=1, return=0x72A609A6, context=after pfnRandomLong [low=0, high=6, result=2, return=0x72A60999, context=after pfnFreeFile [D:\Steam\steamapps\common\Half-Life\valve\sound\sentences.txt]]]
[2026-03-29 22:33:25.970] [info][general] Worldspawn trace: #961 map=c0a0 edict#0 classname=worldspawn pfnRandomLong [low=0, high=11, result=0, return=0x72A60999, context=after pfnRandomLong [low=0, high=6, result=2, return=0x72A60999, context=after pfnFreeFile [D:\Steam\steamapps\common\Half-Life\valve\sound\sentences.txt]]]
[2026-03-29 22:33:25.970] [info][general] hl.dll engine callback: pfnRandomLong [low=0, high=11, result=0, return=0x72A60999, context=after pfnRandomLong [low=0, high=6, result=2, return=0x72A60999, context=after pfnFreeFile [D:\Steam\steamapps\common\Half-Life\valve\sound\sentences.txt]]]
[2026-03-29 22:33:25.971] [info][general] Worldspawn trace: #962 map=c0a0 edict#0 classname=worldspawn pfnRandomLong [low=0, high=11, result=7, return=0x72A609A6, context=after pfnRandomLong [low=0, high=6, result=2, return=0x72A60999, context=after pfnFreeFile [D:\Steam\steamapps\common\Half-Life\valve\sound\sentences.txt]]]
[2026-03-29 22:33:25.971] [info][general] hl.dll engine callback: pfnRandomLong [low=0, high=11, result=7, return=0x72A609A6, context=after pfnRandomLong [low=0, high=6, result=2, return=0x72A60999, context=after pfnFreeFile [D:\Steam\steamapps\common\Half-Life\valve\sound\sentences.txt]]]
[2026-03-29 22:33:25.972] [info][general] Worldspawn trace: #963 map=c0a0 edict#0 classname=worldspawn pfnRandomLong [low=0, high=11, result=10, return=0x72A60999, context=after pfnRandomLong [low=0, high=6, result=2, return=0x72A60999, context=after pfnFreeFile [D:\Steam\steamapps\common\Half-Life\valve\sound\sentences.txt]]]
[2026-03-29 22:33:25.972] [info][general] hl.dll engine callback: pfnRandomLong [low=0, high=11, result=10, return=0x72A60999, context=after pfnRandomLong [low=0, high=6, result=2, return=0x72A60999, context=after pfnFreeFile [D:\Steam\steamapps\common\Half-Life\valve\sound\sentences.txt]]]
[2026-03-29 22:33:25.972] [info][general] Worldspawn trace: #964 map=c0a0 edict#0 classname=worldspawn pfnRandomLong [low=0, high=11, result=9, return=0x72A609A6, context=after pfnRandomLong [low=0, high=6, result=2, return=0x72A60999, context=after pfnFreeFile [D:\Steam\steamapps\common\Half-Life\valve\sound\sentences.txt]]]
[2026-03-29 22:33:25.972] [info][general] hl.dll engine callback: pfnRandomLong [low=0, high=11, result=9, return=0x72A609A6, context=after pfnRandomLong [low=0, high=6, result=2, return=0x72A60999, context=after pfnFreeFile [D:\Steam\steamapps\common\Half-Life\valve\sound\sentences.txt]]]
[2026-03-29 22:33:25.973] [info][general] Worldspawn trace: #965 map=c0a0 edict#0 classname=worldspawn pfnRandomLong [low=0, high=11, result=4, return=0x72A60999, context=after pfnRandomLong [low=0, high=6, result=2, return=0x72A60999, context=after pfnFreeFile [D:\Steam\steamapps\common\Half-Life\valve\sound\sentences.txt]]]
[2026-03-29 22:33:25.973] [info][general] hl.dll engine callback: pfnRandomLong [low=0, high=11, result=4, return=0x72A60999, context=after pfnRandomLong [low=0, high=6, result=2, return=0x72A60999, context=after pfnFreeFile [D:\Steam\steamapps\common\Half-Life\valve\sound\sentences.txt]]]
[2026-03-29 22:33:25.973] [info][general] Worldspawn trace: #966 map=c0a0 edict#0 classname=worldspawn pfnRandomLong [low=0, high=11, result=11, return=0x72A609A6, context=after pfnRandomLong [low=0, high=6, result=2, return=0x72A60999, context=after pfnFreeFile [D:\Steam\steamapps\common\Half-Life\valve\sound\sentences.txt]]]
[2026-03-29 22:33:25.973] [info][general] hl.dll engine callback: pfnRandomLong [low=0, high=11, result=11, return=0x72A609A6, context=after pfnRandomLong [low=0, high=6, result=2, return=0x72A60999, context=after pfnFreeFile [D:\Steam\steamapps\common\Half-Life\valve\sound\sentences.txt]]]
[2026-03-29 22:33:25.974] [info][general] Worldspawn trace: #967 map=c0a0 edict#0 classname=worldspawn pfnRandomLong [low=0, high=11, result=6, return=0x72A60999, context=after pfnRandomLong [low=0, high=6, result=2, return=0x72A60999, context=after pfnFreeFile [D:\Steam\steamapps\common\Half-Life\valve\sound\sentences.txt]]]
[2026-03-29 22:33:25.974] [info][general] hl.dll engine callback: pfnRandomLong [low=0, high=11, result=6, return=0x72A60999, context=after pfnRandomLong [low=0, high=6, result=2, return=0x72A60999, context=after pfnFreeFile [D:\Steam\steamapps\common\Half-Life\valve\sound\sentences.txt]]]
[2026-03-29 22:33:25.974] [info][general] Worldspawn trace: #968 map=c0a0 edict#0 classname=worldspawn pfnRandomLong [low=0, high=11, result=9, return=0x72A609A6, context=after pfnRandomLong [low=0, high=6, result=2, return=0x72A60999, context=after pfnFreeFile [D:\Steam\steamapps\common\Half-Life\valve\sound\sentences.txt]]]
[2026-03-29 22:33:25.974] [info][general] hl.dll engine callback: pfnRandomLong [low=0, high=11, result=9, return=0x72A609A6, context=after pfnRandomLong [low=0, high=6, result=2, return=0x72A60999, context=after pfnFreeFile [D:\Steam\steamapps\common\Half-Life\valve\sound\sentences.txt]]]
[2026-03-29 22:33:25.975] [info][general] Worldspawn trace: #969 map=c0a0 edict#0 classname=worldspawn pfnRandomLong [low=0, high=11, result=8, return=0x72A60999, context=after pfnRandomLong [low=0, high=6, result=2, return=0x72A60999, context=after pfnFreeFile [D:\Steam\steamapps\common\Half-Life\valve\sound\sentences.txt]]]
[2026-03-29 22:33:25.975] [info][general] hl.dll engine callback: pfnRandomLong [low=0, high=11, result=8, return=0x72A60999, context=after pfnRandomLong [low=0, high=6, result=2, return=0x72A60999, context=after pfnFreeFile [D:\Steam\steamapps\common\Half-Life\valve\sound\sentences.txt]]]
[2026-03-29 22:33:25.975] [info][general] Worldspawn trace: #970 map=c0a0 edict#0 classname=worldspawn pfnRandomLong [low=0, high=11, result=3, return=0x72A609A6, context=after pfnRandomLong [low=0, high=6, result=2, return=0x72A60999, context=after pfnFreeFile [D:\Steam\steamapps\common\Half-Life\valve\sound\sentences.txt]]]
[2026-03-29 22:33:25.975] [info][general] hl.dll engine callback: pfnRandomLong [low=0, high=11, result=3, return=0x72A609A6, context=after pfnRandomLong [low=0, high=6, result=2, return=0x72A60999, context=after pfnFreeFile [D:\Steam\steamapps\common\Half-Life\valve\sound\sentences.txt]]]
[2026-03-29 22:33:25.975] [info][general] Worldspawn trace: #971 map=c0a0 edict#0 classname=worldspawn pfnRandomLong [low=0, high=11, result=10, return=0x72A60999, context=after pfnRandomLong [low=0, high=6, result=2, return=0x72A60999, context=after pfnFreeFile [D:\Steam\steamapps\common\Half-Life\valve\sound\sentences.txt]]]
[2026-03-29 22:33:25.976] [info][general] hl.dll engine callback: pfnRandomLong [low=0, high=11, result=10, return=0x72A60999, context=after pfnRandomLong [low=0, high=6, result=2, return=0x72A60999, context=after pfnFreeFile [D:\Steam\steamapps\common\Half-Life\valve\sound\sentences.txt]]]
[2026-03-29 22:33:25.976] [info][general] Worldspawn trace: #972 map=c0a0 edict#0 classname=worldspawn pfnRandomLong [low=0, high=11, result=5, return=0x72A609A6, context=after pfnRandomLong [low=0, high=6, result=2, return=0x72A60999, context=after pfnFreeFile [D:\Steam\steamapps\common\Half-Life\valve\sound\sentences.txt]]]
[2026-03-29 22:33:25.976] [info][general] hl.dll engine callback: pfnRandomLong [low=0, high=11, result=5, return=0x72A609A6, context=after pfnRandomLong [low=0, high=6, result=2, return=0x72A60999, context=after pfnFreeFile [D:\Steam\steamapps\common\Half-Life\valve\sound\sentences.txt]]]
[2026-03-29 22:33:25.976] [info][general] Worldspawn trace: #973 map=c0a0 edict#0 classname=worldspawn pfnRandomLong [low=0, high=11, result=8, return=0x72A60999, context=after pfnRandomLong [low=0, high=6, result=2, return=0x72A60999, context=after pfnFreeFile [D:\Steam\steamapps\common\Half-Life\valve\sound\sentences.txt]]]
[2026-03-29 22:33:25.977] [info][general] hl.dll engine callback: pfnRandomLong [low=0, high=11, result=8, return=0x72A60999, context=after pfnRandomLong [low=0, high=6, result=2, return=0x72A60999, context=after pfnFreeFile [D:\Steam\steamapps\common\Half-Life\valve\sound\sentences.txt]]]
[2026-03-29 22:33:25.977] [info][general] Worldspawn trace: #974 map=c0a0 edict#0 classname=worldspawn pfnRandomLong [low=0, high=11, result=3, return=0x72A609A6, context=after pfnRandomLong [low=0, high=6, result=2, return=0x72A60999, context=after pfnFreeFile [D:\Steam\steamapps\common\Half-Life\valve\sound\sentences.txt]]]
[2026-03-29 22:33:25.977] [info][general] hl.dll engine callback: pfnRandomLong [low=0, high=11, result=3, return=0x72A609A6, context=after pfnRandomLong [low=0, high=6, result=2, return=0x72A60999, context=after pfnFreeFile [D:\Steam\steamapps\common\Half-Life\valve\sound\sentences.txt]]]
[2026-03-29 22:33:25.977] [info][general] Worldspawn trace: #975 map=c0a0 edict#0 classname=worldspawn pfnRandomLong [low=0, high=11, result=6, return=0x72A60999, context=after pfnRandomLong [low=0, high=6, result=2, return=0x72A60999, context=after pfnFreeFile [D:\Steam\steamapps\common\Half-Life\valve\sound\sentences.txt]]]
[2026-03-29 22:33:25.978] [info][general] hl.dll engine callback: pfnRandomLong [low=0, high=11, result=6, return=0x72A60999, context=after pfnRandomLong [low=0, high=6, result=2, return=0x72A60999, context=after pfnFreeFile [D:\Steam\steamapps\common\Half-Life\valve\sound\sentences.txt]]]
[2026-03-29 22:33:25.978] [info][general] Worldspawn trace: #976 map=c0a0 edict#0 classname=worldspawn pfnRandomLong [low=0, high=11, result=1, return=0x72A609A6, context=after pfnRandomLong [low=0, high=6, result=2, return=0x72A60999, context=after pfnFreeFile [D:\Steam\steamapps\common\Half-Life\valve\sound\sentences.txt]]]
[2026-03-29 22:33:25.978] [info][general] hl.dll engine callback: pfnRandomLong [low=0, high=11, result=1, return=0x72A609A6, context=after pfnRandomLong [low=0, high=6, result=2, return=0x72A60999, context=after pfnFreeFile [D:\Steam\steamapps\common\Half-Life\valve\sound\sentences.txt]]]
[2026-03-29 22:33:25.978] [info][general] Worldspawn trace: #977 map=c0a0 edict#0 classname=worldspawn pfnRandomLong [low=0, high=11, result=4, return=0x72A60999, context=after pfnRandomLong [low=0, high=6, result=2, return=0x72A60999, context=after pfnFreeFile [D:\Steam\steamapps\common\Half-Life\valve\sound\sentences.txt]]]
[2026-03-29 22:33:25.979] [info][general] hl.dll engine callback: pfnRandomLong [low=0, high=11, result=4, return=0x72A60999, context=after pfnRandomLong [low=0, high=6, result=2, return=0x72A60999, context=after pfnFreeFile [D:\Steam\steamapps\common\Half-Life\valve\sound\sentences.txt]]]
[2026-03-29 22:33:25.979] [info][general] Worldspawn trace: #978 map=c0a0 edict#0 classname=worldspawn pfnRandomLong [low=0, high=11, result=3, return=0x72A609A6, context=after pfnRandomLong [low=0, high=6, result=2, return=0x72A60999, context=after pfnFreeFile [D:\Steam\steamapps\common\Half-Life\valve\sound\sentences.txt]]]
[2026-03-29 22:33:25.979] [info][general] hl.dll engine callback: pfnRandomLong [low=0, high=11, result=3, return=0x72A609A6, context=after pfnRandomLong [low=0, high=6, result=2, return=0x72A60999, context=after pfnFreeFile [D:\Steam\steamapps\common\Half-Life\valve\sound\sentences.txt]]]
[2026-03-29 22:33:25.979] [info][general] Worldspawn trace: #979 map=c0a0 edict#0 classname=worldspawn pfnRandomLong [low=0, high=11, result=2, return=0x72A60999, context=after pfnRandomLong [low=0, high=6, result=2, return=0x72A60999, context=after pfnFreeFile [D:\Steam\steamapps\common\Half-Life\valve\sound\sentences.txt]]]
[2026-03-29 22:33:25.979] [info][general] hl.dll engine callback: pfnRandomLong [low=0, high=11, result=2, return=0x72A60999, context=after pfnRandomLong [low=0, high=6, result=2, return=0x72A60999, context=after pfnFreeFile [D:\Steam\steamapps\common\Half-Life\valve\sound\sentences.txt]]]
[2026-03-29 22:33:25.980] [info][general] Worldspawn trace: #980 map=c0a0 edict#0 classname=worldspawn pfnRandomLong [low=0, high=11, result=5, return=0x72A609A6, context=after pfnRandomLong [low=0, high=6, result=2, return=0x72A60999, context=after pfnFreeFile [D:\Steam\steamapps\common\Half-Life\valve\sound\sentences.txt]]]
[2026-03-29 22:33:25.980] [info][general] hl.dll engine callback: pfnRandomLong [low=0, high=11, result=5, return=0x72A609A6, context=after pfnRandomLong [low=0, high=6, result=2, return=0x72A60999, context=after pfnFreeFile [D:\Steam\steamapps\common\Half-Life\valve\sound\sentences.txt]]]
[2026-03-29 22:33:25.980] [info][general] Worldspawn trace: #981 map=c0a0 edict#0 classname=worldspawn pfnRandomLong [low=0, high=11, result=0, return=0x72A60999, context=after pfnRandomLong [low=0, high=6, result=2, return=0x72A60999, context=after pfnFreeFile [D:\Steam\steamapps\common\Half-Life\valve\sound\sentences.txt]]]
[2026-03-29 22:33:25.980] [info][general] hl.dll engine callback: pfnRandomLong [low=0, high=11, result=0, return=0x72A60999, context=after pfnRandomLong [low=0, high=6, result=2, return=0x72A60999, context=after pfnFreeFile [D:\Steam\steamapps\common\Half-Life\valve\sound\sentences.txt]]]
[2026-03-29 22:33:25.981] [info][general] Worldspawn trace: #982 map=c0a0 edict#0 classname=worldspawn pfnRandomLong [low=0, high=11, result=3, return=0x72A609A6, context=after pfnRandomLong [low=0, high=6, result=2, return=0x72A60999, context=after pfnFreeFile [D:\Steam\steamapps\common\Half-Life\valve\sound\sentences.txt]]]
[2026-03-29 22:33:25.981] [info][general] hl.dll engine callback: pfnRandomLong [low=0, high=11, result=3, return=0x72A609A6, context=after pfnRandomLong [low=0, high=6, result=2, return=0x72A60999, context=after pfnFreeFile [D:\Steam\steamapps\common\Half-Life\valve\sound\sentences.txt]]]
[2026-03-29 22:33:25.981] [info][general] Worldspawn trace: #983 map=c0a0 edict#0 classname=worldspawn pfnRandomLong [low=0, high=11, result=10, return=0x72A60999, context=after pfnRandomLong [low=0, high=6, result=2, return=0x72A60999, context=after pfnFreeFile [D:\Steam\steamapps\common\Half-Life\valve\sound\sentences.txt]]]
[2026-03-29 22:33:25.981] [info][general] hl.dll engine callback: pfnRandomLong [low=0, high=11, result=10, return=0x72A60999, context=after pfnRandomLong [low=0, high=6, result=2, return=0x72A60999, context=after pfnFreeFile [D:\Steam\steamapps\common\Half-Life\valve\sound\sentences.txt]]]
[2026-03-29 22:33:25.982] [info][general] Worldspawn trace: #984 map=c0a0 edict#0 classname=worldspawn pfnRandomLong [low=0, high=11, result=9, return=0x72A609A6, context=after pfnRandomLong [low=0, high=6, result=2, return=0x72A60999, context=after pfnFreeFile [D:\Steam\steamapps\common\Half-Life\valve\sound\sentences.txt]]]
[2026-03-29 22:33:25.982] [info][general] hl.dll engine callback: pfnRandomLong [low=0, high=11, result=9, return=0x72A609A6, context=after pfnRandomLong [low=0, high=6, result=2, return=0x72A60999, context=after pfnFreeFile [D:\Steam\steamapps\common\Half-Life\valve\sound\sentences.txt]]]
[2026-03-29 22:33:25.982] [info][general] Worldspawn trace: #985 map=c0a0 edict#0 classname=worldspawn pfnRandomLong [low=0, high=11, result=0, return=0x72A60999, context=after pfnRandomLong [low=0, high=6, result=2, return=0x72A60999, context=after pfnFreeFile [D:\Steam\steamapps\common\Half-Life\valve\sound\sentences.txt]]]
[2026-03-29 22:33:25.982] [info][general] hl.dll engine callback: pfnRandomLong [low=0, high=11, result=0, return=0x72A60999, context=after pfnRandomLong [low=0, high=6, result=2, return=0x72A60999, context=after pfnFreeFile [D:\Steam\steamapps\common\Half-Life\valve\sound\sentences.txt]]]
[2026-03-29 22:33:25.983] [info][general] Worldspawn trace: #986 map=c0a0 edict#0 classname=worldspawn pfnRandomLong [low=0, high=11, result=11, return=0x72A609A6, context=after pfnRandomLong [low=0, high=6, result=2, return=0x72A60999, context=after pfnFreeFile [D:\Steam\steamapps\common\Half-Life\valve\sound\sentences.txt]]]
[2026-03-29 22:33:25.983] [info][general] hl.dll engine callback: pfnRandomLong [low=0, high=11, result=11, return=0x72A609A6, context=after pfnRandomLong [low=0, high=6, result=2, return=0x72A60999, context=after pfnFreeFile [D:\Steam\steamapps\common\Half-Life\valve\sound\sentences.txt]]]
[2026-03-29 22:33:25.983] [info][general] Worldspawn trace: #987 map=c0a0 edict#0 classname=worldspawn pfnRandomLong [low=0, high=11, result=6, return=0x72A60999, context=after pfnRandomLong [low=0, high=6, result=2, return=0x72A60999, context=after pfnFreeFile [D:\Steam\steamapps\common\Half-Life\valve\sound\sentences.txt]]]
[2026-03-29 22:33:25.983] [info][general] hl.dll engine callback: pfnRandomLong [low=0, high=11, result=6, return=0x72A60999, context=after pfnRandomLong [low=0, high=6, result=2, return=0x72A60999, context=after pfnFreeFile [D:\Steam\steamapps\common\Half-Life\valve\sound\sentences.txt]]]
[2026-03-29 22:33:25.984] [info][general] Worldspawn trace: #988 map=c0a0 edict#0 classname=worldspawn pfnRandomLong [low=0, high=11, result=1, return=0x72A609A6, context=after pfnRandomLong [low=0, high=6, result=2, return=0x72A60999, context=after pfnFreeFile [D:\Steam\steamapps\common\Half-Life\valve\sound\sentences.txt]]]
[2026-03-29 22:33:25.984] [info][general] hl.dll engine callback: pfnRandomLong [low=0, high=11, result=1, return=0x72A609A6, context=after pfnRandomLong [low=0, high=6, result=2, return=0x72A60999, context=after pfnFreeFile [D:\Steam\steamapps\common\Half-Life\valve\sound\sentences.txt]]]
[2026-03-29 22:33:25.984] [info][general] Worldspawn trace: #989 map=c0a0 edict#0 classname=worldspawn pfnRandomLong [low=0, high=11, result=4, return=0x72A60999, context=after pfnRandomLong [low=0, high=6, result=2, return=0x72A60999, context=after pfnFreeFile [D:\Steam\steamapps\common\Half-Life\valve\sound\sentences.txt]]]
[2026-03-29 22:33:25.984] [info][general] hl.dll engine callback: pfnRandomLong [low=0, high=11, result=4, return=0x72A60999, context=after pfnRandomLong [low=0, high=6, result=2, return=0x72A60999, context=after pfnFreeFile [D:\Steam\steamapps\common\Half-Life\valve\sound\sentences.txt]]]
[2026-03-29 22:33:25.985] [info][general] Worldspawn trace: #990 map=c0a0 edict#0 classname=worldspawn pfnRandomLong [low=0, high=11, result=11, return=0x72A609A6, context=after pfnRandomLong [low=0, high=6, result=2, return=0x72A60999, context=after pfnFreeFile [D:\Steam\steamapps\common\Half-Life\valve\sound\sentences.txt]]]
[2026-03-29 22:33:25.985] [info][general] hl.dll engine callback: pfnRandomLong [low=0, high=11, result=11, return=0x72A609A6, context=after pfnRandomLong [low=0, high=6, result=2, return=0x72A60999, context=after pfnFreeFile [D:\Steam\steamapps\common\Half-Life\valve\sound\sentences.txt]]]
[2026-03-29 22:33:25.985] [info][general] Worldspawn trace: #991 map=c0a0 edict#0 classname=worldspawn pfnRandomLong [low=0, high=11, result=2, return=0x72A60999, context=after pfnRandomLong [low=0, high=6, result=2, return=0x72A60999, context=after pfnFreeFile [D:\Steam\steamapps\common\Half-Life\valve\sound\sentences.txt]]]
[2026-03-29 22:33:25.985] [info][general] hl.dll engine callback: pfnRandomLong [low=0, high=11, result=2, return=0x72A60999, context=after pfnRandomLong [low=0, high=6, result=2, return=0x72A60999, context=after pfnFreeFile [D:\Steam\steamapps\common\Half-Life\valve\sound\sentences.txt]]]
[2026-03-29 22:33:25.986] [info][general] Worldspawn trace: #992 map=c0a0 edict#0 classname=worldspawn pfnRandomLong [low=0, high=11, result=5, return=0x72A609A6, context=after pfnRandomLong [low=0, high=6, result=2, return=0x72A60999, context=after pfnFreeFile [D:\Steam\steamapps\common\Half-Life\valve\sound\sentences.txt]]]
[2026-03-29 22:33:25.986] [info][general] hl.dll engine callback: pfnRandomLong [low=0, high=11, result=5, return=0x72A609A6, context=after pfnRandomLong [low=0, high=6, result=2, return=0x72A60999, context=after pfnFreeFile [D:\Steam\steamapps\common\Half-Life\valve\sound\sentences.txt]]]
[2026-03-29 22:33:25.986] [info][general] Worldspawn trace: #993 map=c0a0 edict#0 classname=worldspawn pfnRandomLong [low=0, high=11, result=8, return=0x72A60999, context=after pfnRandomLong [low=0, high=6, result=2, return=0x72A60999, context=after pfnFreeFile [D:\Steam\steamapps\common\Half-Life\valve\sound\sentences.txt]]]
[2026-03-29 22:33:25.986] [info][general] hl.dll engine callback: pfnRandomLong [low=0, high=11, result=8, return=0x72A60999, context=after pfnRandomLong [low=0, high=6, result=2, return=0x72A60999, context=after pfnFreeFile [D:\Steam\steamapps\common\Half-Life\valve\sound\sentences.txt]]]
[2026-03-29 22:33:25.986] [info][general] Worldspawn trace: #994 map=c0a0 edict#0 classname=worldspawn pfnRandomLong [low=0, high=11, result=11, return=0x72A609A6, context=after pfnRandomLong [low=0, high=6, result=2, return=0x72A60999, context=after pfnFreeFile [D:\Steam\steamapps\common\Half-Life\valve\sound\sentences.txt]]]
[2026-03-29 22:33:25.987] [info][general] hl.dll engine callback: pfnRandomLong [low=0, high=11, result=11, return=0x72A609A6, context=after pfnRandomLong [low=0, high=6, result=2, return=0x72A60999, context=after pfnFreeFile [D:\Steam\steamapps\common\Half-Life\valve\sound\sentences.txt]]]
[2026-03-29 22:33:25.987] [info][general] Worldspawn trace: #995 map=c0a0 edict#0 classname=worldspawn pfnRandomLong [low=0, high=11, result=2, return=0x72A60999, context=after pfnRandomLong [low=0, high=6, result=2, return=0x72A60999, context=after pfnFreeFile [D:\Steam\steamapps\common\Half-Life\valve\sound\sentences.txt]]]
[2026-03-29 22:33:25.987] [info][general] hl.dll engine callback: pfnRandomLong [low=0, high=11, result=2, return=0x72A60999, context=after pfnRandomLong [low=0, high=6, result=2, return=0x72A60999, context=after pfnFreeFile [D:\Steam\steamapps\common\Half-Life\valve\sound\sentences.txt]]]
[2026-03-29 22:33:25.988] [info][general] Worldspawn trace: #996 map=c0a0 edict#0 classname=worldspawn pfnRandomLong [low=0, high=11, result=1, return=0x72A609A6, context=after pfnRandomLong [low=0, high=6, result=2, return=0x72A60999, context=after pfnFreeFile [D:\Steam\steamapps\common\Half-Life\valve\sound\sentences.txt]]]
[2026-03-29 22:33:25.988] [info][general] hl.dll engine callback: pfnRandomLong [low=0, high=11, result=1, return=0x72A609A6, context=after pfnRandomLong [low=0, high=6, result=2, return=0x72A60999, context=after pfnFreeFile [D:\Steam\steamapps\common\Half-Life\valve\sound\sentences.txt]]]
[2026-03-29 22:33:25.988] [info][general] Worldspawn trace: #997 map=c0a0 edict#0 classname=worldspawn pfnRandomLong [low=0, high=11, result=8, return=0x72A60999, context=after pfnRandomLong [low=0, high=6, result=2, return=0x72A60999, context=after pfnFreeFile [D:\Steam\steamapps\common\Half-Life\valve\sound\sentences.txt]]]
[2026-03-29 22:33:25.988] [info][general] hl.dll engine callback: pfnRandomLong [low=0, high=11, result=8, return=0x72A60999, context=after pfnRandomLong [low=0, high=6, result=2, return=0x72A60999, context=after pfnFreeFile [D:\Steam\steamapps\common\Half-Life\valve\sound\sentences.txt]]]
[2026-03-29 22:33:25.988] [info][general] Worldspawn trace: #998 map=c0a0 edict#0 classname=worldspawn pfnRandomLong [low=0, high=11, result=3, return=0x72A609A6, context=after pfnRandomLong [low=0, high=6, result=2, return=0x72A60999, context=after pfnFreeFile [D:\Steam\steamapps\common\Half-Life\valve\sound\sentences.txt]]]
[2026-03-29 22:33:25.988] [info][general] hl.dll engine callback: pfnRandomLong [low=0, high=11, result=3, return=0x72A609A6, context=after pfnRandomLong [low=0, high=6, result=2, return=0x72A60999, context=after pfnFreeFile [D:\Steam\steamapps\common\Half-Life\valve\sound\sentences.txt]]]
[2026-03-29 22:33:25.989] [info][general] Worldspawn trace: #999 map=c0a0 edict#0 classname=worldspawn pfnRandomLong [low=0, high=11, result=2, return=0x72A60999, context=after pfnRandomLong [low=0, high=6, result=2, return=0x72A60999, context=after pfnFreeFile [D:\Steam\steamapps\common\Half-Life\valve\sound\sentences.txt]]]
[2026-03-29 22:33:25.989] [info][general] hl.dll engine callback: pfnRandomLong [low=0, high=11, result=2, return=0x72A60999, context=after pfnRandomLong [low=0, high=6, result=2, return=0x72A60999, context=after pfnFreeFile [D:\Steam\steamapps\common\Half-Life\valve\sound\sentences.txt]]]
[2026-03-29 22:33:25.989] [info][general] Worldspawn trace: #1000 map=c0a0 edict#0 classname=worldspawn pfnRandomLong [low=0, high=11, result=5, return=0x72A609A6, context=after pfnRandomLong [low=0, high=6, result=2, return=0x72A60999, context=after pfnFreeFile [D:\Steam\steamapps\common\Half-Life\valve\sound\sentences.txt]]]
[2026-03-29 22:33:25.989] [info][general] hl.dll engine callback: pfnRandomLong [low=0, high=11, result=5, return=0x72A609A6, context=after pfnRandomLong [low=0, high=6, result=2, return=0x72A60999, context=after pfnFreeFile [D:\Steam\steamapps\common\Half-Life\valve\sound\sentences.txt]]]
[2026-03-29 22:33:25.989] [info][general] Worldspawn trace: #1001 map=c0a0 edict#0 classname=worldspawn pfnRandomLong [low=0, high=11, result=8, return=0x72A60999, context=after pfnRandomLong [low=0, high=6, result=2, return=0x72A60999, context=after pfnFreeFile [D:\Steam\steamapps\common\Half-Life\valve\sound\sentences.txt]]]
[2026-03-29 22:33:25.989] [info][general] hl.dll engine callback: pfnRandomLong [low=0, high=11, result=8, return=0x72A60999, context=after pfnRandomLong [low=0, high=6, result=2, return=0x72A60999, context=after pfnFreeFile [D:\Steam\steamapps\common\Half-Life\valve\sound\sentences.txt]]]
[2026-03-29 22:33:25.990] [info][general] Worldspawn trace: #1002 map=c0a0 edict#0 classname=worldspawn pfnRandomLong [low=0, high=11, result=7, return=0x72A609A6, context=after pfnRandomLong [low=0, high=6, result=2, return=0x72A60999, context=after pfnFreeFile [D:\Steam\steamapps\common\Half-Life\valve\sound\sentences.txt]]]
[2026-03-29 22:33:25.990] [info][general] hl.dll engine callback: pfnRandomLong [low=0, high=11, result=7, return=0x72A609A6, context=after pfnRandomLong [low=0, high=6, result=2, return=0x72A60999, context=after pfnFreeFile [D:\Steam\steamapps\common\Half-Life\valve\sound\sentences.txt]]]
[2026-03-29 22:33:25.990] [info][general] Worldspawn trace: #1003 map=c0a0 edict#0 classname=worldspawn pfnRandomLong [low=0, high=11, result=10, return=0x72A60999, context=after pfnRandomLong [low=0, high=6, result=2, return=0x72A60999, context=after pfnFreeFile [D:\Steam\steamapps\common\Half-Life\valve\sound\sentences.txt]]]
[2026-03-29 22:33:25.990] [info][general] hl.dll engine callback: pfnRandomLong [low=0, high=11, result=10, return=0x72A60999, context=after pfnRandomLong [low=0, high=6, result=2, return=0x72A60999, context=after pfnFreeFile [D:\Steam\steamapps\common\Half-Life\valve\sound\sentences.txt]]]
[2026-03-29 22:33:25.991] [info][general] Worldspawn trace: #1004 map=c0a0 edict#0 classname=worldspawn pfnRandomLong [low=0, high=11, result=9, return=0x72A609A6, context=after pfnRandomLong [low=0, high=6, result=2, return=0x72A60999, context=after pfnFreeFile [D:\Steam\steamapps\common\Half-Life\valve\sound\sentences.txt]]]
[2026-03-29 22:33:25.991] [info][general] hl.dll engine callback: pfnRandomLong [low=0, high=11, result=9, return=0x72A609A6, context=after pfnRandomLong [low=0, high=6, result=2, return=0x72A60999, context=after pfnFreeFile [D:\Steam\steamapps\common\Half-Life\valve\sound\sentences.txt]]]
[2026-03-29 22:33:25.991] [info][general] Worldspawn trace: #1005 map=c0a0 edict#0 classname=worldspawn pfnRandomLong [low=0, high=11, result=4, return=0x72A60999, context=after pfnRandomLong [low=0, high=6, result=2, return=0x72A60999, context=after pfnFreeFile [D:\Steam\steamapps\common\Half-Life\valve\sound\sentences.txt]]]
[2026-03-29 22:33:25.991] [info][general] hl.dll engine callback: pfnRandomLong [low=0, high=11, result=4, return=0x72A60999, context=after pfnRandomLong [low=0, high=6, result=2, return=0x72A60999, context=after pfnFreeFile [D:\Steam\steamapps\common\Half-Life\valve\sound\sentences.txt]]]
[2026-03-29 22:33:25.991] [info][general] Worldspawn trace: #1006 map=c0a0 edict#0 classname=worldspawn pfnRandomLong [low=0, high=11, result=3, return=0x72A609A6, context=after pfnRandomLong [low=0, high=6, result=2, return=0x72A60999, context=after pfnFreeFile [D:\Steam\steamapps\common\Half-Life\valve\sound\sentences.txt]]]
[2026-03-29 22:33:25.991] [info][general] hl.dll engine callback: pfnRandomLong [low=0, high=11, result=3, return=0x72A609A6, context=after pfnRandomLong [low=0, high=6, result=2, return=0x72A60999, context=after pfnFreeFile [D:\Steam\steamapps\common\Half-Life\valve\sound\sentences.txt]]]
[2026-03-29 22:33:25.992] [info][general] Worldspawn trace: #1007 map=c0a0 edict#0 classname=worldspawn pfnRandomLong [low=0, high=11, result=6, return=0x72A60999, context=after pfnRandomLong [low=0, high=6, result=2, return=0x72A60999, context=after pfnFreeFile [D:\Steam\steamapps\common\Half-Life\valve\sound\sentences.txt]]]
[2026-03-29 22:33:25.992] [info][general] hl.dll engine callback: pfnRandomLong [low=0, high=11, result=6, return=0x72A60999, context=after pfnRandomLong [low=0, high=6, result=2, return=0x72A60999, context=after pfnFreeFile [D:\Steam\steamapps\common\Half-Life\valve\sound\sentences.txt]]]
[2026-03-29 22:33:25.992] [info][general] Worldspawn trace: #1008 map=c0a0 edict#0 classname=worldspawn pfnRandomLong [low=0, high=11, result=5, return=0x72A609A6, context=after pfnRandomLong [low=0, high=6, result=2, return=0x72A60999, context=after pfnFreeFile [D:\Steam\steamapps\common\Half-Life\valve\sound\sentences.txt]]]
[2026-03-29 22:33:25.992] [info][general] hl.dll engine callback: pfnRandomLong [low=0, high=11, result=5, return=0x72A609A6, context=after pfnRandomLong [low=0, high=6, result=2, return=0x72A60999, context=after pfnFreeFile [D:\Steam\steamapps\common\Half-Life\valve\sound\sentences.txt]]]
[2026-03-29 22:33:25.992] [info][general] Worldspawn trace: #1009 map=c0a0 edict#0 classname=worldspawn pfnRandomLong [low=0, high=11, result=4, return=0x72A60999, context=after pfnRandomLong [low=0, high=6, result=2, return=0x72A60999, context=after pfnFreeFile [D:\Steam\steamapps\common\Half-Life\valve\sound\sentences.txt]]]
[2026-03-29 22:33:25.993] [info][general] hl.dll engine callback: pfnRandomLong [low=0, high=11, result=4, return=0x72A60999, context=after pfnRandomLong [low=0, high=6, result=2, return=0x72A60999, context=after pfnFreeFile [D:\Steam\steamapps\common\Half-Life\valve\sound\sentences.txt]]]
[2026-03-29 22:33:25.993] [info][general] Worldspawn trace: #1010 map=c0a0 edict#0 classname=worldspawn pfnRandomLong [low=0, high=11, result=11, return=0x72A609A6, context=after pfnRandomLong [low=0, high=6, result=2, return=0x72A60999, context=after pfnFreeFile [D:\Steam\steamapps\common\Half-Life\valve\sound\sentences.txt]]]
[2026-03-29 22:33:25.993] [info][general] hl.dll engine callback: pfnRandomLong [low=0, high=11, result=11, return=0x72A609A6, context=after pfnRandomLong [low=0, high=6, result=2, return=0x72A60999, context=after pfnFreeFile [D:\Steam\steamapps\common\Half-Life\valve\sound\sentences.txt]]]
[2026-03-29 22:33:25.993] [info][general] Worldspawn trace: #1011 map=c0a0 edict#0 classname=worldspawn pfnRandomLong [low=0, high=11, result=10, return=0x72A60999, context=after pfnRandomLong [low=0, high=6, result=2, return=0x72A60999, context=after pfnFreeFile [D:\Steam\steamapps\common\Half-Life\valve\sound\sentences.txt]]]
[2026-03-29 22:33:25.993] [info][general] hl.dll engine callback: pfnRandomLong [low=0, high=11, result=10, return=0x72A60999, context=after pfnRandomLong [low=0, high=6, result=2, return=0x72A60999, context=after pfnFreeFile [D:\Steam\steamapps\common\Half-Life\valve\sound\sentences.txt]]]
[2026-03-29 22:33:25.993] [info][general] Worldspawn trace: #1012 map=c0a0 edict#0 classname=worldspawn pfnRandomLong [low=0, high=11, result=1, return=0x72A609A6, context=after pfnRandomLong [low=0, high=6, result=2, return=0x72A60999, context=after pfnFreeFile [D:\Steam\steamapps\common\Half-Life\valve\sound\sentences.txt]]]
[2026-03-29 22:33:25.994] [info][general] hl.dll engine callback: pfnRandomLong [low=0, high=11, result=1, return=0x72A609A6, context=after pfnRandomLong [low=0, high=6, result=2, return=0x72A60999, context=after pfnFreeFile [D:\Steam\steamapps\common\Half-Life\valve\sound\sentences.txt]]]
[2026-03-29 22:33:25.994] [info][general] Worldspawn trace: #1013 map=c0a0 edict#0 classname=worldspawn pfnRandomLong [low=0, high=11, result=4, return=0x72A60999, context=after pfnRandomLong [low=0, high=6, result=2, return=0x72A60999, context=after pfnFreeFile [D:\Steam\steamapps\common\Half-Life\valve\sound\sentences.txt]]]
[2026-03-29 22:33:25.994] [info][general] hl.dll engine callback: pfnRandomLong [low=0, high=11, result=4, return=0x72A60999, context=after pfnRandomLong [low=0, high=6, result=2, return=0x72A60999, context=after pfnFreeFile [D:\Steam\steamapps\common\Half-Life\valve\sound\sentences.txt]]]
[2026-03-29 22:33:25.994] [info][general] Worldspawn trace: #1014 map=c0a0 edict#0 classname=worldspawn pfnRandomLong [low=0, high=11, result=11, return=0x72A609A6, context=after pfnRandomLong [low=0, high=6, result=2, return=0x72A60999, context=after pfnFreeFile [D:\Steam\steamapps\common\Half-Life\valve\sound\sentences.txt]]]
[2026-03-29 22:33:25.994] [info][general] hl.dll engine callback: pfnRandomLong [low=0, high=11, result=11, return=0x72A609A6, context=after pfnRandomLong [low=0, high=6, result=2, return=0x72A60999, context=after pfnFreeFile [D:\Steam\steamapps\common\Half-Life\valve\sound\sentences.txt]]]
[2026-03-29 22:33:25.995] [info][general] Worldspawn trace: #1015 map=c0a0 edict#0 classname=worldspawn pfnRandomLong [low=0, high=11, result=6, return=0x72A60999, context=after pfnRandomLong [low=0, high=6, result=2, return=0x72A60999, context=after pfnFreeFile [D:\Steam\steamapps\common\Half-Life\valve\sound\sentences.txt]]]
[2026-03-29 22:33:25.995] [info][general] hl.dll engine callback: pfnRandomLong [low=0, high=11, result=6, return=0x72A60999, context=after pfnRandomLong [low=0, high=6, result=2, return=0x72A60999, context=after pfnFreeFile [D:\Steam\steamapps\common\Half-Life\valve\sound\sentences.txt]]]
[2026-03-29 22:33:25.995] [info][general] Worldspawn trace: #1016 map=c0a0 edict#0 classname=worldspawn pfnRandomLong [low=0, high=11, result=1, return=0x72A609A6, context=after pfnRandomLong [low=0, high=6, result=2, return=0x72A60999, context=after pfnFreeFile [D:\Steam\steamapps\common\Half-Life\valve\sound\sentences.txt]]]
[2026-03-29 22:33:25.995] [info][general] hl.dll engine callback: pfnRandomLong [low=0, high=11, result=1, return=0x72A609A6, context=after pfnRandomLong [low=0, high=6, result=2, return=0x72A60999, context=after pfnFreeFile [D:\Steam\steamapps\common\Half-Life\valve\sound\sentences.txt]]]
[2026-03-29 22:33:25.996] [info][general] Worldspawn trace: #1017 map=c0a0 edict#0 classname=worldspawn pfnRandomLong [low=0, high=11, result=8, return=0x72A60999, context=after pfnRandomLong [low=0, high=6, result=2, return=0x72A60999, context=after pfnFreeFile [D:\Steam\steamapps\common\Half-Life\valve\sound\sentences.txt]]]
[2026-03-29 22:33:25.996] [info][general] hl.dll engine callback: pfnRandomLong [low=0, high=11, result=8, return=0x72A60999, context=after pfnRandomLong [low=0, high=6, result=2, return=0x72A60999, context=after pfnFreeFile [D:\Steam\steamapps\common\Half-Life\valve\sound\sentences.txt]]]
[2026-03-29 22:33:25.996] [info][general] Worldspawn trace: #1018 map=c0a0 edict#0 classname=worldspawn pfnRandomLong [low=0, high=11, result=11, return=0x72A609A6, context=after pfnRandomLong [low=0, high=6, result=2, return=0x72A60999, context=after pfnFreeFile [D:\Steam\steamapps\common\Half-Life\valve\sound\sentences.txt]]]
[2026-03-29 22:33:25.996] [info][general] hl.dll engine callback: pfnRandomLong [low=0, high=11, result=11, return=0x72A609A6, context=after pfnRandomLong [low=0, high=6, result=2, return=0x72A60999, context=after pfnFreeFile [D:\Steam\steamapps\common\Half-Life\valve\sound\sentences.txt]]]
[2026-03-29 22:33:25.996] [info][general] Worldspawn trace: #1019 map=c0a0 edict#0 classname=worldspawn pfnRandomLong [low=0, high=11, result=10, return=0x72A60999, context=after pfnRandomLong [low=0, high=6, result=2, return=0x72A60999, context=after pfnFreeFile [D:\Steam\steamapps\common\Half-Life\valve\sound\sentences.txt]]]
[2026-03-29 22:33:25.996] [info][general] hl.dll engine callback: pfnRandomLong [low=0, high=11, result=10, return=0x72A60999, context=after pfnRandomLong [low=0, high=6, result=2, return=0x72A60999, context=after pfnFreeFile [D:\Steam\steamapps\common\Half-Life\valve\sound\sentences.txt]]]
[2026-03-29 22:33:25.997] [info][general] Worldspawn trace: #1020 map=c0a0 edict#0 classname=worldspawn pfnRandomLong [low=0, high=11, result=9, return=0x72A609A6, context=after pfnRandomLong [low=0, high=6, result=2, return=0x72A60999, context=after pfnFreeFile [D:\Steam\steamapps\common\Half-Life\valve\sound\sentences.txt]]]
[2026-03-29 22:33:25.997] [info][general] hl.dll engine callback: pfnRandomLong [low=0, high=11, result=9, return=0x72A609A6, context=after pfnRandomLong [low=0, high=6, result=2, return=0x72A60999, context=after pfnFreeFile [D:\Steam\steamapps\common\Half-Life\valve\sound\sentences.txt]]]
[2026-03-29 22:33:25.997] [info][general] Worldspawn trace: #1021 map=c0a0 edict#0 classname=worldspawn pfnRandomLong [low=0, high=11, result=4, return=0x72A60999, context=after pfnRandomLong [low=0, high=6, result=2, return=0x72A60999, context=after pfnFreeFile [D:\Steam\steamapps\common\Half-Life\valve\sound\sentences.txt]]]
[2026-03-29 22:33:25.997] [info][general] hl.dll engine callback: pfnRandomLong [low=0, high=11, result=4, return=0x72A60999, context=after pfnRandomLong [low=0, high=6, result=2, return=0x72A60999, context=after pfnFreeFile [D:\Steam\steamapps\common\Half-Life\valve\sound\sentences.txt]]]
[2026-03-29 22:33:25.997] [info][general] Worldspawn trace: #1022 map=c0a0 edict#0 classname=worldspawn pfnRandomLong [low=0, high=11, result=11, return=0x72A609A6, context=after pfnRandomLong [low=0, high=6, result=2, return=0x72A60999, context=after pfnFreeFile [D:\Steam\steamapps\common\Half-Life\valve\sound\sentences.txt]]]
[2026-03-29 22:33:25.998] [info][general] hl.dll engine callback: pfnRandomLong [low=0, high=11, result=11, return=0x72A609A6, context=after pfnRandomLong [low=0, high=6, result=2, return=0x72A60999, context=after pfnFreeFile [D:\Steam\steamapps\common\Half-Life\valve\sound\sentences.txt]]]
[2026-03-29 22:33:25.998] [info][general] Worldspawn trace: #1023 map=c0a0 edict#0 classname=worldspawn pfnRandomLong [low=0, high=11, result=10, return=0x72A60999, context=after pfnRandomLong [low=0, high=6, result=2, return=0x72A60999, context=after pfnFreeFile [D:\Steam\steamapps\common\Half-Life\valve\sound\sentences.txt]]]
[2026-03-29 22:33:25.998] [info][general] hl.dll engine callback: pfnRandomLong [low=0, high=11, result=10, return=0x72A60999, context=after pfnRandomLong [low=0, high=6, result=2, return=0x72A60999, context=after pfnFreeFile [D:\Steam\steamapps\common\Half-Life\valve\sound\sentences.txt]]]
[2026-03-29 22:33:25.998] [info][general] Worldspawn trace: #1024 map=c0a0 edict#0 classname=worldspawn pfnRandomLong [low=0, high=11, result=1, return=0x72A609A6, context=after pfnRandomLong [low=0, high=6, result=2, return=0x72A60999, context=after pfnFreeFile [D:\Steam\steamapps\common\Half-Life\valve\sound\sentences.txt]]]
[2026-03-29 22:33:25.998] [info][general] hl.dll engine callback: pfnRandomLong [low=0, high=11, result=1, return=0x72A609A6, context=after pfnRandomLong [low=0, high=6, result=2, return=0x72A60999, context=after pfnFreeFile [D:\Steam\steamapps\common\Half-Life\valve\sound\sentences.txt]]]
[2026-03-29 22:33:25.999] [info][general] Worldspawn trace: #1025 map=c0a0 edict#0 classname=worldspawn pfnRandomLong [low=0, high=11, result=8, return=0x72A60999, context=after pfnRandomLong [low=0, high=6, result=2, return=0x72A60999, context=after pfnFreeFile [D:\Steam\steamapps\common\Half-Life\valve\sound\sentences.txt]]]
[2026-03-29 22:33:25.999] [info][general] hl.dll engine callback: pfnRandomLong [low=0, high=11, result=8, return=0x72A60999, context=after pfnRandomLong [low=0, high=6, result=2, return=0x72A60999, context=after pfnFreeFile [D:\Steam\steamapps\common\Half-Life\valve\sound\sentences.txt]]]
[2026-03-29 22:33:25.999] [info][general] Worldspawn trace: #1026 map=c0a0 edict#0 classname=worldspawn pfnRandomLong [low=0, high=11, result=11, return=0x72A609A6, context=after pfnRandomLong [low=0, high=6, result=2, return=0x72A60999, context=after pfnFreeFile [D:\Steam\steamapps\common\Half-Life\valve\sound\sentences.txt]]]
[2026-03-29 22:33:25.999] [info][general] hl.dll engine callback: pfnRandomLong [low=0, high=11, result=11, return=0x72A609A6, context=after pfnRandomLong [low=0, high=6, result=2, return=0x72A60999, context=after pfnFreeFile [D:\Steam\steamapps\common\Half-Life\valve\sound\sentences.txt]]]
[2026-03-29 22:33:25.999] [info][general] Worldspawn trace: #1027 map=c0a0 edict#0 classname=worldspawn pfnRandomLong [low=0, high=11, result=2, return=0x72A60999, context=after pfnRandomLong [low=0, high=6, result=2, return=0x72A60999, context=after pfnFreeFile [D:\Steam\steamapps\common\Half-Life\valve\sound\sentences.txt]]]
[2026-03-29 22:33:25.999] [info][general] hl.dll engine callback: pfnRandomLong [low=0, high=11, result=2, return=0x72A60999, context=after pfnRandomLong [low=0, high=6, result=2, return=0x72A60999, context=after pfnFreeFile [D:\Steam\steamapps\common\Half-Life\valve\sound\sentences.txt]]]
[2026-03-29 22:33:26.000] [info][general] Worldspawn trace: #1028 map=c0a0 edict#0 classname=worldspawn pfnRandomLong [low=0, high=11, result=9, return=0x72A609A6, context=after pfnRandomLong [low=0, high=6, result=2, return=0x72A60999, context=after pfnFreeFile [D:\Steam\steamapps\common\Half-Life\valve\sound\sentences.txt]]]
[2026-03-29 22:33:26.000] [info][general] hl.dll engine callback: pfnRandomLong [low=0, high=11, result=9, return=0x72A609A6, context=after pfnRandomLong [low=0, high=6, result=2, return=0x72A60999, context=after pfnFreeFile [D:\Steam\steamapps\common\Half-Life\valve\sound\sentences.txt]]]
[2026-03-29 22:33:26.000] [info][general] Worldspawn trace: #1029 map=c0a0 edict#0 classname=worldspawn pfnRandomLong [low=0, high=11, result=0, return=0x72A60999, context=after pfnRandomLong [low=0, high=6, result=2, return=0x72A60999, context=after pfnFreeFile [D:\Steam\steamapps\common\Half-Life\valve\sound\sentences.txt]]]
[2026-03-29 22:33:26.000] [info][general] hl.dll engine callback: pfnRandomLong [low=0, high=11, result=0, return=0x72A60999, context=after pfnRandomLong [low=0, high=6, result=2, return=0x72A60999, context=after pfnFreeFile [D:\Steam\steamapps\common\Half-Life\valve\sound\sentences.txt]]]
[2026-03-29 22:33:26.001] [info][general] Worldspawn trace: #1030 map=c0a0 edict#0 classname=worldspawn pfnRandomLong [low=0, high=11, result=11, return=0x72A609A6, context=after pfnRandomLong [low=0, high=6, result=2, return=0x72A60999, context=after pfnFreeFile [D:\Steam\steamapps\common\Half-Life\valve\sound\sentences.txt]]]
[2026-03-29 22:33:26.001] [info][general] hl.dll engine callback: pfnRandomLong [low=0, high=11, result=11, return=0x72A609A6, context=after pfnRandomLong [low=0, high=6, result=2, return=0x72A60999, context=after pfnFreeFile [D:\Steam\steamapps\common\Half-Life\valve\sound\sentences.txt]]]
[2026-03-29 22:33:26.001] [info][general] Worldspawn trace: #1031 map=c0a0 edict#0 classname=worldspawn pfnRandomLong [low=0, high=11, result=2, return=0x72A60999, context=after pfnRandomLong [low=0, high=6, result=2, return=0x72A60999, context=after pfnFreeFile [D:\Steam\steamapps\common\Half-Life\valve\sound\sentences.txt]]]
[2026-03-29 22:33:26.001] [info][general] hl.dll engine callback: pfnRandomLong [low=0, high=11, result=2, return=0x72A60999, context=after pfnRandomLong [low=0, high=6, result=2, return=0x72A60999, context=after pfnFreeFile [D:\Steam\steamapps\common\Half-Life\valve\sound\sentences.txt]]]
[2026-03-29 22:33:26.001] [info][general] Worldspawn trace: #1032 map=c0a0 edict#0 classname=worldspawn pfnRandomLong [low=0, high=11, result=5, return=0x72A609A6, context=after pfnRandomLong [low=0, high=6, result=2, return=0x72A60999, context=after pfnFreeFile [D:\Steam\steamapps\common\Half-Life\valve\sound\sentences.txt]]]
[2026-03-29 22:33:26.001] [info][general] hl.dll engine callback: pfnRandomLong [low=0, high=11, result=5, return=0x72A609A6, context=after pfnRandomLong [low=0, high=6, result=2, return=0x72A60999, context=after pfnFreeFile [D:\Steam\steamapps\common\Half-Life\valve\sound\sentences.txt]]]
[2026-03-29 22:33:26.002] [info][general] Worldspawn trace: #1033 map=c0a0 edict#0 classname=worldspawn pfnRandomLong [low=0, high=11, result=8, return=0x72A60999, context=after pfnRandomLong [low=0, high=6, result=2, return=0x72A60999, context=after pfnFreeFile [D:\Steam\steamapps\common\Half-Life\valve\sound\sentences.txt]]]
[2026-03-29 22:33:26.002] [info][general] hl.dll engine callback: pfnRandomLong [low=0, high=11, result=8, return=0x72A60999, context=after pfnRandomLong [low=0, high=6, result=2, return=0x72A60999, context=after pfnFreeFile [D:\Steam\steamapps\common\Half-Life\valve\sound\sentences.txt]]]
[2026-03-29 22:33:26.002] [info][general] Worldspawn trace: #1034 map=c0a0 edict#0 classname=worldspawn pfnRandomLong [low=0, high=11, result=11, return=0x72A609A6, context=after pfnRandomLong [low=0, high=6, result=2, return=0x72A60999, context=after pfnFreeFile [D:\Steam\steamapps\common\Half-Life\valve\sound\sentences.txt]]]
[2026-03-29 22:33:26.002] [info][general] hl.dll engine callback: pfnRandomLong [low=0, high=11, result=11, return=0x72A609A6, context=after pfnRandomLong [low=0, high=6, result=2, return=0x72A60999, context=after pfnFreeFile [D:\Steam\steamapps\common\Half-Life\valve\sound\sentences.txt]]]
[2026-03-29 22:33:26.002] [info][general] Worldspawn trace: #1035 map=c0a0 edict#0 classname=worldspawn pfnRandomLong [low=0, high=11, result=6, return=0x72A60999, context=after pfnRandomLong [low=0, high=6, result=2, return=0x72A60999, context=after pfnFreeFile [D:\Steam\steamapps\common\Half-Life\valve\sound\sentences.txt]]]
[2026-03-29 22:33:26.003] [info][general] hl.dll engine callback: pfnRandomLong [low=0, high=11, result=6, return=0x72A60999, context=after pfnRandomLong [low=0, high=6, result=2, return=0x72A60999, context=after pfnFreeFile [D:\Steam\steamapps\common\Half-Life\valve\sound\sentences.txt]]]
[2026-03-29 22:33:26.003] [info][general] Worldspawn trace: #1036 map=c0a0 edict#0 classname=worldspawn pfnRandomLong [low=0, high=11, result=1, return=0x72A609A6, context=after pfnRandomLong [low=0, high=6, result=2, return=0x72A60999, context=after pfnFreeFile [D:\Steam\steamapps\common\Half-Life\valve\sound\sentences.txt]]]
[2026-03-29 22:33:26.003] [info][general] hl.dll engine callback: pfnRandomLong [low=0, high=11, result=1, return=0x72A609A6, context=after pfnRandomLong [low=0, high=6, result=2, return=0x72A60999, context=after pfnFreeFile [D:\Steam\steamapps\common\Half-Life\valve\sound\sentences.txt]]]
[2026-03-29 22:33:26.004] [info][general] Worldspawn trace: #1037 map=c0a0 edict#0 classname=worldspawn pfnRandomLong [low=0, high=11, result=4, return=0x72A60999, context=after pfnRandomLong [low=0, high=6, result=2, return=0x72A60999, context=after pfnFreeFile [D:\Steam\steamapps\common\Half-Life\valve\sound\sentences.txt]]]
[2026-03-29 22:33:26.004] [info][general] hl.dll engine callback: pfnRandomLong [low=0, high=11, result=4, return=0x72A60999, context=after pfnRandomLong [low=0, high=6, result=2, return=0x72A60999, context=after pfnFreeFile [D:\Steam\steamapps\common\Half-Life\valve\sound\sentences.txt]]]
[2026-03-29 22:33:26.004] [info][general] Worldspawn trace: #1038 map=c0a0 edict#0 classname=worldspawn pfnRandomLong [low=0, high=11, result=11, return=0x72A609A6, context=after pfnRandomLong [low=0, high=6, result=2, return=0x72A60999, context=after pfnFreeFile [D:\Steam\steamapps\common\Half-Life\valve\sound\sentences.txt]]]
[2026-03-29 22:33:26.004] [info][general] hl.dll engine callback: pfnRandomLong [low=0, high=11, result=11, return=0x72A609A6, context=after pfnRandomLong [low=0, high=6, result=2, return=0x72A60999, context=after pfnFreeFile [D:\Steam\steamapps\common\Half-Life\valve\sound\sentences.txt]]]
[2026-03-29 22:33:26.005] [info][general] Worldspawn trace: #1039 map=c0a0 edict#0 classname=worldspawn pfnRandomLong [low=0, high=11, result=6, return=0x72A60999, context=after pfnRandomLong [low=0, high=6, result=2, return=0x72A60999, context=after pfnFreeFile [D:\Steam\steamapps\common\Half-Life\valve\sound\sentences.txt]]]
[2026-03-29 22:33:26.005] [info][general] hl.dll engine callback: pfnRandomLong [low=0, high=11, result=6, return=0x72A60999, context=after pfnRandomLong [low=0, high=6, result=2, return=0x72A60999, context=after pfnFreeFile [D:\Steam\steamapps\common\Half-Life\valve\sound\sentences.txt]]]
[2026-03-29 22:33:26.005] [info][general] Worldspawn trace: #1040 map=c0a0 edict#0 classname=worldspawn pfnRandomLong [low=0, high=11, result=9, return=0x72A609A6, context=after pfnRandomLong [low=0, high=6, result=2, return=0x72A60999, context=after pfnFreeFile [D:\Steam\steamapps\common\Half-Life\valve\sound\sentences.txt]]]
[2026-03-29 22:33:26.005] [info][general] hl.dll engine callback: pfnRandomLong [low=0, high=11, result=9, return=0x72A609A6, context=after pfnRandomLong [low=0, high=6, result=2, return=0x72A60999, context=after pfnFreeFile [D:\Steam\steamapps\common\Half-Life\valve\sound\sentences.txt]]]
[2026-03-29 22:33:26.005] [info][general] Worldspawn trace: #1041 map=c0a0 edict#0 classname=worldspawn pfnRandomLong [low=0, high=11, result=4, return=0x72A60999, context=after pfnRandomLong [low=0, high=6, result=2, return=0x72A60999, context=after pfnFreeFile [D:\Steam\steamapps\common\Half-Life\valve\sound\sentences.txt]]]
[2026-03-29 22:33:26.006] [info][general] hl.dll engine callback: pfnRandomLong [low=0, high=11, result=4, return=0x72A60999, context=after pfnRandomLong [low=0, high=6, result=2, return=0x72A60999, context=after pfnFreeFile [D:\Steam\steamapps\common\Half-Life\valve\sound\sentences.txt]]]
[2026-03-29 22:33:26.006] [info][general] Worldspawn trace: #1042 map=c0a0 edict#0 classname=worldspawn pfnRandomLong [low=0, high=11, result=11, return=0x72A609A6, context=after pfnRandomLong [low=0, high=6, result=2, return=0x72A60999, context=after pfnFreeFile [D:\Steam\steamapps\common\Half-Life\valve\sound\sentences.txt]]]
[2026-03-29 22:33:26.006] [info][general] hl.dll engine callback: pfnRandomLong [low=0, high=11, result=11, return=0x72A609A6, context=after pfnRandomLong [low=0, high=6, result=2, return=0x72A60999, context=after pfnFreeFile [D:\Steam\steamapps\common\Half-Life\valve\sound\sentences.txt]]]
[2026-03-29 22:33:26.006] [info][general] Worldspawn trace: #1043 map=c0a0 edict#0 classname=worldspawn pfnRandomLong [low=0, high=11, result=10, return=0x72A60999, context=after pfnRandomLong [low=0, high=6, result=2, return=0x72A60999, context=after pfnFreeFile [D:\Steam\steamapps\common\Half-Life\valve\sound\sentences.txt]]]
[2026-03-29 22:33:26.006] [info][general] hl.dll engine callback: pfnRandomLong [low=0, high=11, result=10, return=0x72A60999, context=after pfnRandomLong [low=0, high=6, result=2, return=0x72A60999, context=after pfnFreeFile [D:\Steam\steamapps\common\Half-Life\valve\sound\sentences.txt]]]
[2026-03-29 22:33:26.007] [info][general] Worldspawn trace: #1044 map=c0a0 edict#0 classname=worldspawn pfnRandomLong [low=0, high=11, result=5, return=0x72A609A6, context=after pfnRandomLong [low=0, high=6, result=2, return=0x72A60999, context=after pfnFreeFile [D:\Steam\steamapps\common\Half-Life\valve\sound\sentences.txt]]]
[2026-03-29 22:33:26.007] [info][general] hl.dll engine callback: pfnRandomLong [low=0, high=11, result=5, return=0x72A609A6, context=after pfnRandomLong [low=0, high=6, result=2, return=0x72A60999, context=after pfnFreeFile [D:\Steam\steamapps\common\Half-Life\valve\sound\sentences.txt]]]
[2026-03-29 22:33:26.007] [info][general] Worldspawn trace: #1045 map=c0a0 edict#0 classname=worldspawn pfnRandomLong [low=0, high=11, result=0, return=0x72A60999, context=after pfnRandomLong [low=0, high=6, result=2, return=0x72A60999, context=after pfnFreeFile [D:\Steam\steamapps\common\Half-Life\valve\sound\sentences.txt]]]
[2026-03-29 22:33:26.007] [info][general] hl.dll engine callback: pfnRandomLong [low=0, high=11, result=0, return=0x72A60999, context=after pfnRandomLong [low=0, high=6, result=2, return=0x72A60999, context=after pfnFreeFile [D:\Steam\steamapps\common\Half-Life\valve\sound\sentences.txt]]]
[2026-03-29 22:33:26.007] [info][general] Worldspawn trace: #1046 map=c0a0 edict#0 classname=worldspawn pfnRandomLong [low=0, high=11, result=7, return=0x72A609A6, context=after pfnRandomLong [low=0, high=6, result=2, return=0x72A60999, context=after pfnFreeFile [D:\Steam\steamapps\common\Half-Life\valve\sound\sentences.txt]]]
[2026-03-29 22:33:26.007] [info][general] hl.dll engine callback: pfnRandomLong [low=0, high=11, result=7, return=0x72A609A6, context=after pfnRandomLong [low=0, high=6, result=2, return=0x72A60999, context=after pfnFreeFile [D:\Steam\steamapps\common\Half-Life\valve\sound\sentences.txt]]]
[2026-03-29 22:33:26.008] [info][general] Worldspawn trace: #1047 map=c0a0 edict#0 classname=worldspawn pfnRandomLong [low=0, high=11, result=6, return=0x72A60999, context=after pfnRandomLong [low=0, high=6, result=2, return=0x72A60999, context=after pfnFreeFile [D:\Steam\steamapps\common\Half-Life\valve\sound\sentences.txt]]]
[2026-03-29 22:33:26.008] [info][general] hl.dll engine callback: pfnRandomLong [low=0, high=11, result=6, return=0x72A60999, context=after pfnRandomLong [low=0, high=6, result=2, return=0x72A60999, context=after pfnFreeFile [D:\Steam\steamapps\common\Half-Life\valve\sound\sentences.txt]]]
[2026-03-29 22:33:26.008] [info][general] Worldspawn trace: #1048 map=c0a0 edict#0 classname=worldspawn pfnRandomLong [low=0, high=11, result=1, return=0x72A609A6, context=after pfnRandomLong [low=0, high=6, result=2, return=0x72A60999, context=after pfnFreeFile [D:\Steam\steamapps\common\Half-Life\valve\sound\sentences.txt]]]
[2026-03-29 22:33:26.008] [info][general] hl.dll engine callback: pfnRandomLong [low=0, high=11, result=1, return=0x72A609A6, context=after pfnRandomLong [low=0, high=6, result=2, return=0x72A60999, context=after pfnFreeFile [D:\Steam\steamapps\common\Half-Life\valve\sound\sentences.txt]]]
[2026-03-29 22:33:26.009] [info][general] Worldspawn trace: #1049 map=c0a0 edict#0 classname=worldspawn pfnRandomLong [low=0, high=11, result=8, return=0x72A60999, context=after pfnRandomLong [low=0, high=6, result=2, return=0x72A60999, context=after pfnFreeFile [D:\Steam\steamapps\common\Half-Life\valve\sound\sentences.txt]]]
[2026-03-29 22:33:26.009] [info][general] hl.dll engine callback: pfnRandomLong [low=0, high=11, result=8, return=0x72A60999, context=after pfnRandomLong [low=0, high=6, result=2, return=0x72A60999, context=after pfnFreeFile [D:\Steam\steamapps\common\Half-Life\valve\sound\sentences.txt]]]
[2026-03-29 22:33:26.009] [info][general] Worldspawn trace: #1050 map=c0a0 edict#0 classname=worldspawn pfnRandomLong [low=0, high=11, result=3, return=0x72A609A6, context=after pfnRandomLong [low=0, high=6, result=2, return=0x72A60999, context=after pfnFreeFile [D:\Steam\steamapps\common\Half-Life\valve\sound\sentences.txt]]]
[2026-03-29 22:33:26.009] [info][general] hl.dll engine callback: pfnRandomLong [low=0, high=11, result=3, return=0x72A609A6, context=after pfnRandomLong [low=0, high=6, result=2, return=0x72A60999, context=after pfnFreeFile [D:\Steam\steamapps\common\Half-Life\valve\sound\sentences.txt]]]
[2026-03-29 22:33:26.009] [info][general] Worldspawn trace: #1051 map=c0a0 edict#0 classname=worldspawn pfnRandomLong [low=0, high=11, result=10, return=0x72A60999, context=after pfnRandomLong [low=0, high=6, result=2, return=0x72A60999, context=after pfnFreeFile [D:\Steam\steamapps\common\Half-Life\valve\sound\sentences.txt]]]
[2026-03-29 22:33:26.010] [info][general] hl.dll engine callback: pfnRandomLong [low=0, high=11, result=10, return=0x72A60999, context=after pfnRandomLong [low=0, high=6, result=2, return=0x72A60999, context=after pfnFreeFile [D:\Steam\steamapps\common\Half-Life\valve\sound\sentences.txt]]]
[2026-03-29 22:33:26.010] [info][general] Worldspawn trace: #1052 map=c0a0 edict#0 classname=worldspawn pfnRandomLong [low=0, high=11, result=1, return=0x72A609A6, context=after pfnRandomLong [low=0, high=6, result=2, return=0x72A60999, context=after pfnFreeFile [D:\Steam\steamapps\common\Half-Life\valve\sound\sentences.txt]]]
[2026-03-29 22:33:26.010] [info][general] hl.dll engine callback: pfnRandomLong [low=0, high=11, result=1, return=0x72A609A6, context=after pfnRandomLong [low=0, high=6, result=2, return=0x72A60999, context=after pfnFreeFile [D:\Steam\steamapps\common\Half-Life\valve\sound\sentences.txt]]]
[2026-03-29 22:33:26.010] [info][general] Worldspawn trace: #1053 map=c0a0 edict#0 classname=worldspawn pfnRandomLong [low=0, high=11, result=4, return=0x72A60999, context=after pfnRandomLong [low=0, high=6, result=2, return=0x72A60999, context=after pfnFreeFile [D:\Steam\steamapps\common\Half-Life\valve\sound\sentences.txt]]]
[2026-03-29 22:33:26.010] [info][general] hl.dll engine callback: pfnRandomLong [low=0, high=11, result=4, return=0x72A60999, context=after pfnRandomLong [low=0, high=6, result=2, return=0x72A60999, context=after pfnFreeFile [D:\Steam\steamapps\common\Half-Life\valve\sound\sentences.txt]]]
[2026-03-29 22:33:26.011] [info][general] Worldspawn trace: #1054 map=c0a0 edict#0 classname=worldspawn pfnRandomLong [low=0, high=11, result=3, return=0x72A609A6, context=after pfnRandomLong [low=0, high=6, result=2, return=0x72A60999, context=after pfnFreeFile [D:\Steam\steamapps\common\Half-Life\valve\sound\sentences.txt]]]
[2026-03-29 22:33:26.011] [info][general] hl.dll engine callback: pfnRandomLong [low=0, high=11, result=3, return=0x72A609A6, context=after pfnRandomLong [low=0, high=6, result=2, return=0x72A60999, context=after pfnFreeFile [D:\Steam\steamapps\common\Half-Life\valve\sound\sentences.txt]]]
[2026-03-29 22:33:26.011] [info][general] Worldspawn trace: #1055 map=c0a0 edict#0 classname=worldspawn pfnRandomLong [low=0, high=11, result=2, return=0x72A60999, context=after pfnRandomLong [low=0, high=6, result=2, return=0x72A60999, context=after pfnFreeFile [D:\Steam\steamapps\common\Half-Life\valve\sound\sentences.txt]]]
[2026-03-29 22:33:26.011] [info][general] hl.dll engine callback: pfnRandomLong [low=0, high=11, result=2, return=0x72A60999, context=after pfnRandomLong [low=0, high=6, result=2, return=0x72A60999, context=after pfnFreeFile [D:\Steam\steamapps\common\Half-Life\valve\sound\sentences.txt]]]
[2026-03-29 22:33:26.011] [info][general] Worldspawn trace: #1056 map=c0a0 edict#0 classname=worldspawn pfnRandomLong [low=0, high=11, result=9, return=0x72A609A6, context=after pfnRandomLong [low=0, high=6, result=2, return=0x72A60999, context=after pfnFreeFile [D:\Steam\steamapps\common\Half-Life\valve\sound\sentences.txt]]]
[2026-03-29 22:33:26.011] [info][general] hl.dll engine callback: pfnRandomLong [low=0, high=11, result=9, return=0x72A609A6, context=after pfnRandomLong [low=0, high=6, result=2, return=0x72A60999, context=after pfnFreeFile [D:\Steam\steamapps\common\Half-Life\valve\sound\sentences.txt]]]
[2026-03-29 22:33:26.012] [info][general] Worldspawn trace: #1057 map=c0a0 edict#0 classname=worldspawn pfnRandomLong [low=0, high=11, result=8, return=0x72A60999, context=after pfnRandomLong [low=0, high=6, result=2, return=0x72A60999, context=after pfnFreeFile [D:\Steam\steamapps\common\Half-Life\valve\sound\sentences.txt]]]
[2026-03-29 22:33:26.013] [info][general] hl.dll engine callback: pfnRandomLong [low=0, high=11, result=8, return=0x72A60999, context=after pfnRandomLong [low=0, high=6, result=2, return=0x72A60999, context=after pfnFreeFile [D:\Steam\steamapps\common\Half-Life\valve\sound\sentences.txt]]]
[2026-03-29 22:33:26.013] [info][general] Worldspawn trace: #1058 map=c0a0 edict#0 classname=worldspawn pfnRandomLong [low=0, high=11, result=3, return=0x72A609A6, context=after pfnRandomLong [low=0, high=6, result=2, return=0x72A60999, context=after pfnFreeFile [D:\Steam\steamapps\common\Half-Life\valve\sound\sentences.txt]]]
[2026-03-29 22:33:26.013] [info][general] hl.dll engine callback: pfnRandomLong [low=0, high=11, result=3, return=0x72A609A6, context=after pfnRandomLong [low=0, high=6, result=2, return=0x72A60999, context=after pfnFreeFile [D:\Steam\steamapps\common\Half-Life\valve\sound\sentences.txt]]]
[2026-03-29 22:33:26.013] [info][general] Worldspawn trace: #1059 map=c0a0 edict#0 classname=worldspawn pfnRandomLong [low=0, high=11, result=2, return=0x72A60999, context=after pfnRandomLong [low=0, high=6, result=2, return=0x72A60999, context=after pfnFreeFile [D:\Steam\steamapps\common\Half-Life\valve\sound\sentences.txt]]]
[2026-03-29 22:33:26.013] [info][general] hl.dll engine callback: pfnRandomLong [low=0, high=11, result=2, return=0x72A60999, context=after pfnRandomLong [low=0, high=6, result=2, return=0x72A60999, context=after pfnFreeFile [D:\Steam\steamapps\common\Half-Life\valve\sound\sentences.txt]]]
[2026-03-29 22:33:26.014] [info][general] Worldspawn trace: #1060 map=c0a0 edict#0 classname=worldspawn pfnRandomLong [low=0, high=11, result=1, return=0x72A609A6, context=after pfnRandomLong [low=0, high=6, result=2, return=0x72A60999, context=after pfnFreeFile [D:\Steam\steamapps\common\Half-Life\valve\sound\sentences.txt]]]
[2026-03-29 22:33:26.014] [info][general] hl.dll engine callback: pfnRandomLong [low=0, high=11, result=1, return=0x72A609A6, context=after pfnRandomLong [low=0, high=6, result=2, return=0x72A60999, context=after pfnFreeFile [D:\Steam\steamapps\common\Half-Life\valve\sound\sentences.txt]]]
[2026-03-29 22:33:26.014] [info][general] Worldspawn trace: #1061 map=c0a0 edict#0 classname=worldspawn pfnRandomLong [low=0, high=11, result=0, return=0x72A60999, context=after pfnRandomLong [low=0, high=6, result=2, return=0x72A60999, context=after pfnFreeFile [D:\Steam\steamapps\common\Half-Life\valve\sound\sentences.txt]]]
[2026-03-29 22:33:26.014] [info][general] hl.dll engine callback: pfnRandomLong [low=0, high=11, result=0, return=0x72A60999, context=after pfnRandomLong [low=0, high=6, result=2, return=0x72A60999, context=after pfnFreeFile [D:\Steam\steamapps\common\Half-Life\valve\sound\sentences.txt]]]
[2026-03-29 22:33:26.014] [info][general] Worldspawn trace: #1062 map=c0a0 edict#0 classname=worldspawn pfnRandomLong [low=0, high=11, result=7, return=0x72A609A6, context=after pfnRandomLong [low=0, high=6, result=2, return=0x72A60999, context=after pfnFreeFile [D:\Steam\steamapps\common\Half-Life\valve\sound\sentences.txt]]]
[2026-03-29 22:33:26.015] [info][general] hl.dll engine callback: pfnRandomLong [low=0, high=11, result=7, return=0x72A609A6, context=after pfnRandomLong [low=0, high=6, result=2, return=0x72A60999, context=after pfnFreeFile [D:\Steam\steamapps\common\Half-Life\valve\sound\sentences.txt]]]
[2026-03-29 22:33:26.015] [info][general] Worldspawn trace: #1063 map=c0a0 edict#0 classname=worldspawn pfnRandomLong [low=0, high=11, result=2, return=0x72A60999, context=after pfnRandomLong [low=0, high=6, result=2, return=0x72A60999, context=after pfnFreeFile [D:\Steam\steamapps\common\Half-Life\valve\sound\sentences.txt]]]
[2026-03-29 22:33:26.015] [info][general] hl.dll engine callback: pfnRandomLong [low=0, high=11, result=2, return=0x72A60999, context=after pfnRandomLong [low=0, high=6, result=2, return=0x72A60999, context=after pfnFreeFile [D:\Steam\steamapps\common\Half-Life\valve\sound\sentences.txt]]]
[2026-03-29 22:33:26.015] [info][general] Worldspawn trace: #1064 map=c0a0 edict#0 classname=worldspawn pfnRandomLong [low=0, high=11, result=9, return=0x72A609A6, context=after pfnRandomLong [low=0, high=6, result=2, return=0x72A60999, context=after pfnFreeFile [D:\Steam\steamapps\common\Half-Life\valve\sound\sentences.txt]]]
[2026-03-29 22:33:26.015] [info][general] hl.dll engine callback: pfnRandomLong [low=0, high=11, result=9, return=0x72A609A6, context=after pfnRandomLong [low=0, high=6, result=2, return=0x72A60999, context=after pfnFreeFile [D:\Steam\steamapps\common\Half-Life\valve\sound\sentences.txt]]]
[2026-03-29 22:33:26.016] [info][general] Worldspawn trace: #1065 map=c0a0 edict#0 classname=worldspawn pfnRandomLong [low=0, high=11, result=0, return=0x72A60999, context=after pfnRandomLong [low=0, high=6, result=2, return=0x72A60999, context=after pfnFreeFile [D:\Steam\steamapps\common\Half-Life\valve\sound\sentences.txt]]]
[2026-03-29 22:33:26.016] [info][general] hl.dll engine callback: pfnRandomLong [low=0, high=11, result=0, return=0x72A60999, context=after pfnRandomLong [low=0, high=6, result=2, return=0x72A60999, context=after pfnFreeFile [D:\Steam\steamapps\common\Half-Life\valve\sound\sentences.txt]]]
[2026-03-29 22:33:26.016] [info][general] Worldspawn trace: #1066 map=c0a0 edict#0 classname=worldspawn pfnRandomLong [low=0, high=11, result=11, return=0x72A609A6, context=after pfnRandomLong [low=0, high=6, result=2, return=0x72A60999, context=after pfnFreeFile [D:\Steam\steamapps\common\Half-Life\valve\sound\sentences.txt]]]
[2026-03-29 22:33:26.016] [info][general] hl.dll engine callback: pfnRandomLong [low=0, high=11, result=11, return=0x72A609A6, context=after pfnRandomLong [low=0, high=6, result=2, return=0x72A60999, context=after pfnFreeFile [D:\Steam\steamapps\common\Half-Life\valve\sound\sentences.txt]]]
[2026-03-29 22:33:26.016] [info][general] Worldspawn trace: #1067 map=c0a0 edict#0 classname=worldspawn pfnRandomLong [low=0, high=11, result=6, return=0x72A60999, context=after pfnRandomLong [low=0, high=6, result=2, return=0x72A60999, context=after pfnFreeFile [D:\Steam\steamapps\common\Half-Life\valve\sound\sentences.txt]]]
[2026-03-29 22:33:26.016] [info][general] hl.dll engine callback: pfnRandomLong [low=0, high=11, result=6, return=0x72A60999, context=after pfnRandomLong [low=0, high=6, result=2, return=0x72A60999, context=after pfnFreeFile [D:\Steam\steamapps\common\Half-Life\valve\sound\sentences.txt]]]
[2026-03-29 22:33:26.017] [info][general] Worldspawn trace: #1068 map=c0a0 edict#0 classname=worldspawn pfnRandomLong [low=0, high=11, result=9, return=0x72A609A6, context=after pfnRandomLong [low=0, high=6, result=2, return=0x72A60999, context=after pfnFreeFile [D:\Steam\steamapps\common\Half-Life\valve\sound\sentences.txt]]]
[2026-03-29 22:33:26.017] [info][general] hl.dll engine callback: pfnRandomLong [low=0, high=11, result=9, return=0x72A609A6, context=after pfnRandomLong [low=0, high=6, result=2, return=0x72A60999, context=after pfnFreeFile [D:\Steam\steamapps\common\Half-Life\valve\sound\sentences.txt]]]
[2026-03-29 22:33:26.017] [info][general] Worldspawn trace: #1069 map=c0a0 edict#0 classname=worldspawn pfnRandomLong [low=0, high=11, result=0, return=0x72A60999, context=after pfnRandomLong [low=0, high=6, result=2, return=0x72A60999, context=after pfnFreeFile [D:\Steam\steamapps\common\Half-Life\valve\sound\sentences.txt]]]
[2026-03-29 22:33:26.017] [info][general] hl.dll engine callback: pfnRandomLong [low=0, high=11, result=0, return=0x72A60999, context=after pfnRandomLong [low=0, high=6, result=2, return=0x72A60999, context=after pfnFreeFile [D:\Steam\steamapps\common\Half-Life\valve\sound\sentences.txt]]]
[2026-03-29 22:33:26.018] [info][general] Worldspawn trace: #1070 map=c0a0 edict#0 classname=worldspawn pfnRandomLong [low=0, high=11, result=7, return=0x72A609A6, context=after pfnRandomLong [low=0, high=6, result=2, return=0x72A60999, context=after pfnFreeFile [D:\Steam\steamapps\common\Half-Life\valve\sound\sentences.txt]]]
[2026-03-29 22:33:26.019] [info][general] hl.dll engine callback: pfnRandomLong [low=0, high=11, result=7, return=0x72A609A6, context=after pfnRandomLong [low=0, high=6, result=2, return=0x72A60999, context=after pfnFreeFile [D:\Steam\steamapps\common\Half-Life\valve\sound\sentences.txt]]]
[2026-03-29 22:33:26.019] [info][general] Worldspawn trace: #1071 map=c0a0 edict#0 classname=worldspawn pfnRandomLong [low=0, high=11, result=6, return=0x72A60999, context=after pfnRandomLong [low=0, high=6, result=2, return=0x72A60999, context=after pfnFreeFile [D:\Steam\steamapps\common\Half-Life\valve\sound\sentences.txt]]]
[2026-03-29 22:33:26.019] [info][general] hl.dll engine callback: pfnRandomLong [low=0, high=11, result=6, return=0x72A60999, context=after pfnRandomLong [low=0, high=6, result=2, return=0x72A60999, context=after pfnFreeFile [D:\Steam\steamapps\common\Half-Life\valve\sound\sentences.txt]]]
[2026-03-29 22:33:26.019] [info][general] Worldspawn trace: #1072 map=c0a0 edict#0 classname=worldspawn pfnRandomLong [low=0, high=11, result=1, return=0x72A609A6, context=after pfnRandomLong [low=0, high=6, result=2, return=0x72A60999, context=after pfnFreeFile [D:\Steam\steamapps\common\Half-Life\valve\sound\sentences.txt]]]
[2026-03-29 22:33:26.020] [info][general] hl.dll engine callback: pfnRandomLong [low=0, high=11, result=1, return=0x72A609A6, context=after pfnRandomLong [low=0, high=6, result=2, return=0x72A60999, context=after pfnFreeFile [D:\Steam\steamapps\common\Half-Life\valve\sound\sentences.txt]]]
[2026-03-29 22:33:26.020] [info][general] Worldspawn trace: #1073 map=c0a0 edict#0 classname=worldspawn pfnRandomLong [low=0, high=11, result=4, return=0x72A60999, context=after pfnRandomLong [low=0, high=6, result=2, return=0x72A60999, context=after pfnFreeFile [D:\Steam\steamapps\common\Half-Life\valve\sound\sentences.txt]]]
[2026-03-29 22:33:26.020] [info][general] hl.dll engine callback: pfnRandomLong [low=0, high=11, result=4, return=0x72A60999, context=after pfnRandomLong [low=0, high=6, result=2, return=0x72A60999, context=after pfnFreeFile [D:\Steam\steamapps\common\Half-Life\valve\sound\sentences.txt]]]
[2026-03-29 22:33:26.020] [info][general] Worldspawn trace: #1074 map=c0a0 edict#0 classname=worldspawn pfnRandomLong [low=0, high=11, result=7, return=0x72A609A6, context=after pfnRandomLong [low=0, high=6, result=2, return=0x72A60999, context=after pfnFreeFile [D:\Steam\steamapps\common\Half-Life\valve\sound\sentences.txt]]]
[2026-03-29 22:33:26.021] [info][general] hl.dll engine callback: pfnRandomLong [low=0, high=11, result=7, return=0x72A609A6, context=after pfnRandomLong [low=0, high=6, result=2, return=0x72A60999, context=after pfnFreeFile [D:\Steam\steamapps\common\Half-Life\valve\sound\sentences.txt]]]
[2026-03-29 22:33:26.021] [info][general] Worldspawn trace: #1075 map=c0a0 edict#0 classname=worldspawn pfnRandomLong [low=0, high=11, result=6, return=0x72A60999, context=after pfnRandomLong [low=0, high=6, result=2, return=0x72A60999, context=after pfnFreeFile [D:\Steam\steamapps\common\Half-Life\valve\sound\sentences.txt]]]
[2026-03-29 22:33:26.021] [info][general] hl.dll engine callback: pfnRandomLong [low=0, high=11, result=6, return=0x72A60999, context=after pfnRandomLong [low=0, high=6, result=2, return=0x72A60999, context=after pfnFreeFile [D:\Steam\steamapps\common\Half-Life\valve\sound\sentences.txt]]]
[2026-03-29 22:33:26.021] [info][general] Worldspawn trace: #1076 map=c0a0 edict#0 classname=worldspawn pfnRandomLong [low=0, high=11, result=9, return=0x72A609A6, context=after pfnRandomLong [low=0, high=6, result=2, return=0x72A60999, context=after pfnFreeFile [D:\Steam\steamapps\common\Half-Life\valve\sound\sentences.txt]]]
[2026-03-29 22:33:26.021] [info][general] hl.dll engine callback: pfnRandomLong [low=0, high=11, result=9, return=0x72A609A6, context=after pfnRandomLong [low=0, high=6, result=2, return=0x72A60999, context=after pfnFreeFile [D:\Steam\steamapps\common\Half-Life\valve\sound\sentences.txt]]]
[2026-03-29 22:33:26.021] [info][general] Worldspawn trace: #1077 map=c0a0 edict#0 classname=worldspawn pfnRandomLong [low=0, high=11, result=8, return=0x72A60999, context=after pfnRandomLong [low=0, high=6, result=2, return=0x72A60999, context=after pfnFreeFile [D:\Steam\steamapps\common\Half-Life\valve\sound\sentences.txt]]]
[2026-03-29 22:33:26.022] [info][general] hl.dll engine callback: pfnRandomLong [low=0, high=11, result=8, return=0x72A60999, context=after pfnRandomLong [low=0, high=6, result=2, return=0x72A60999, context=after pfnFreeFile [D:\Steam\steamapps\common\Half-Life\valve\sound\sentences.txt]]]
[2026-03-29 22:33:26.022] [info][general] Worldspawn trace: #1078 map=c0a0 edict#0 classname=worldspawn pfnRandomLong [low=0, high=11, result=3, return=0x72A609A6, context=after pfnRandomLong [low=0, high=6, result=2, return=0x72A60999, context=after pfnFreeFile [D:\Steam\steamapps\common\Half-Life\valve\sound\sentences.txt]]]
[2026-03-29 22:33:26.022] [info][general] hl.dll engine callback: pfnRandomLong [low=0, high=11, result=3, return=0x72A609A6, context=after pfnRandomLong [low=0, high=6, result=2, return=0x72A60999, context=after pfnFreeFile [D:\Steam\steamapps\common\Half-Life\valve\sound\sentences.txt]]]
[2026-03-29 22:33:26.022] [info][general] Worldspawn trace: #1079 map=c0a0 edict#0 classname=worldspawn pfnRandomLong [low=0, high=11, result=2, return=0x72A60999, context=after pfnRandomLong [low=0, high=6, result=2, return=0x72A60999, context=after pfnFreeFile [D:\Steam\steamapps\common\Half-Life\valve\sound\sentences.txt]]]
[2026-03-29 22:33:26.022] [info][general] hl.dll engine callback: pfnRandomLong [low=0, high=11, result=2, return=0x72A60999, context=after pfnRandomLong [low=0, high=6, result=2, return=0x72A60999, context=after pfnFreeFile [D:\Steam\steamapps\common\Half-Life\valve\sound\sentences.txt]]]
[2026-03-29 22:33:26.023] [info][general] Worldspawn trace: #1080 map=c0a0 edict#0 classname=worldspawn pfnRandomLong [low=0, high=11, result=1, return=0x72A609A6, context=after pfnRandomLong [low=0, high=6, result=2, return=0x72A60999, context=after pfnFreeFile [D:\Steam\steamapps\common\Half-Life\valve\sound\sentences.txt]]]
[2026-03-29 22:33:26.023] [info][general] hl.dll engine callback: pfnRandomLong [low=0, high=11, result=1, return=0x72A609A6, context=after pfnRandomLong [low=0, high=6, result=2, return=0x72A60999, context=after pfnFreeFile [D:\Steam\steamapps\common\Half-Life\valve\sound\sentences.txt]]]
[2026-03-29 22:33:26.023] [info][general] Worldspawn trace: #1081 map=c0a0 edict#0 classname=worldspawn pfnRandomLong [low=0, high=11, result=0, return=0x72A60999, context=after pfnRandomLong [low=0, high=6, result=2, return=0x72A60999, context=after pfnFreeFile [D:\Steam\steamapps\common\Half-Life\valve\sound\sentences.txt]]]
[2026-03-29 22:33:26.023] [info][general] hl.dll engine callback: pfnRandomLong [low=0, high=11, result=0, return=0x72A60999, context=after pfnRandomLong [low=0, high=6, result=2, return=0x72A60999, context=after pfnFreeFile [D:\Steam\steamapps\common\Half-Life\valve\sound\sentences.txt]]]
[2026-03-29 22:33:26.023] [info][general] Worldspawn trace: #1082 map=c0a0 edict#0 classname=worldspawn pfnRandomLong [low=0, high=11, result=3, return=0x72A609A6, context=after pfnRandomLong [low=0, high=6, result=2, return=0x72A60999, context=after pfnFreeFile [D:\Steam\steamapps\common\Half-Life\valve\sound\sentences.txt]]]
[2026-03-29 22:33:26.023] [info][general] hl.dll engine callback: pfnRandomLong [low=0, high=11, result=3, return=0x72A609A6, context=after pfnRandomLong [low=0, high=6, result=2, return=0x72A60999, context=after pfnFreeFile [D:\Steam\steamapps\common\Half-Life\valve\sound\sentences.txt]]]
[2026-03-29 22:33:26.024] [info][general] Worldspawn trace: #1083 map=c0a0 edict#0 classname=worldspawn pfnRandomLong [low=0, high=11, result=6, return=0x72A60999, context=after pfnRandomLong [low=0, high=6, result=2, return=0x72A60999, context=after pfnFreeFile [D:\Steam\steamapps\common\Half-Life\valve\sound\sentences.txt]]]
[2026-03-29 22:33:26.024] [info][general] hl.dll engine callback: pfnRandomLong [low=0, high=11, result=6, return=0x72A60999, context=after pfnRandomLong [low=0, high=6, result=2, return=0x72A60999, context=after pfnFreeFile [D:\Steam\steamapps\common\Half-Life\valve\sound\sentences.txt]]]
[2026-03-29 22:33:26.024] [info][general] Worldspawn trace: #1084 map=c0a0 edict#0 classname=worldspawn pfnRandomLong [low=0, high=11, result=5, return=0x72A609A6, context=after pfnRandomLong [low=0, high=6, result=2, return=0x72A60999, context=after pfnFreeFile [D:\Steam\steamapps\common\Half-Life\valve\sound\sentences.txt]]]
[2026-03-29 22:33:26.024] [info][general] hl.dll engine callback: pfnRandomLong [low=0, high=11, result=5, return=0x72A609A6, context=after pfnRandomLong [low=0, high=6, result=2, return=0x72A60999, context=after pfnFreeFile [D:\Steam\steamapps\common\Half-Life\valve\sound\sentences.txt]]]
[2026-03-29 22:33:26.025] [info][general] Worldspawn trace: #1085 map=c0a0 edict#0 classname=worldspawn pfnRandomLong [low=0, high=11, result=8, return=0x72A60999, context=after pfnRandomLong [low=0, high=6, result=2, return=0x72A60999, context=after pfnFreeFile [D:\Steam\steamapps\common\Half-Life\valve\sound\sentences.txt]]]
[2026-03-29 22:33:26.025] [info][general] hl.dll engine callback: pfnRandomLong [low=0, high=11, result=8, return=0x72A60999, context=after pfnRandomLong [low=0, high=6, result=2, return=0x72A60999, context=after pfnFreeFile [D:\Steam\steamapps\common\Half-Life\valve\sound\sentences.txt]]]
[2026-03-29 22:33:26.025] [info][general] Worldspawn trace: #1086 map=c0a0 edict#0 classname=worldspawn pfnRandomLong [low=0, high=11, result=11, return=0x72A609A6, context=after pfnRandomLong [low=0, high=6, result=2, return=0x72A60999, context=after pfnFreeFile [D:\Steam\steamapps\common\Half-Life\valve\sound\sentences.txt]]]
[2026-03-29 22:33:26.025] [info][general] hl.dll engine callback: pfnRandomLong [low=0, high=11, result=11, return=0x72A609A6, context=after pfnRandomLong [low=0, high=6, result=2, return=0x72A60999, context=after pfnFreeFile [D:\Steam\steamapps\common\Half-Life\valve\sound\sentences.txt]]]
[2026-03-29 22:33:26.025] [info][general] Worldspawn trace: #1087 map=c0a0 edict#0 classname=worldspawn pfnRandomLong [low=0, high=11, result=2, return=0x72A60999, context=after pfnRandomLong [low=0, high=6, result=2, return=0x72A60999, context=after pfnFreeFile [D:\Steam\steamapps\common\Half-Life\valve\sound\sentences.txt]]]
[2026-03-29 22:33:26.025] [info][general] hl.dll engine callback: pfnRandomLong [low=0, high=11, result=2, return=0x72A60999, context=after pfnRandomLong [low=0, high=6, result=2, return=0x72A60999, context=after pfnFreeFile [D:\Steam\steamapps\common\Half-Life\valve\sound\sentences.txt]]]
[2026-03-29 22:33:26.026] [info][general] Worldspawn trace: #1088 map=c0a0 edict#0 classname=worldspawn pfnRandomLong [low=0, high=11, result=9, return=0x72A609A6, context=after pfnRandomLong [low=0, high=6, result=2, return=0x72A60999, context=after pfnFreeFile [D:\Steam\steamapps\common\Half-Life\valve\sound\sentences.txt]]]
[2026-03-29 22:33:26.026] [info][general] hl.dll engine callback: pfnRandomLong [low=0, high=11, result=9, return=0x72A609A6, context=after pfnRandomLong [low=0, high=6, result=2, return=0x72A60999, context=after pfnFreeFile [D:\Steam\steamapps\common\Half-Life\valve\sound\sentences.txt]]]
[2026-03-29 22:33:26.026] [info][general] Worldspawn trace: #1089 map=c0a0 edict#0 classname=worldspawn pfnRandomLong [low=0, high=11, result=0, return=0x72A60999, context=after pfnRandomLong [low=0, high=6, result=2, return=0x72A60999, context=after pfnFreeFile [D:\Steam\steamapps\common\Half-Life\valve\sound\sentences.txt]]]
[2026-03-29 22:33:26.026] [info][general] hl.dll engine callback: pfnRandomLong [low=0, high=11, result=0, return=0x72A60999, context=after pfnRandomLong [low=0, high=6, result=2, return=0x72A60999, context=after pfnFreeFile [D:\Steam\steamapps\common\Half-Life\valve\sound\sentences.txt]]]
[2026-03-29 22:33:26.026] [info][general] Worldspawn trace: #1090 map=c0a0 edict#0 classname=worldspawn pfnRandomLong [low=0, high=11, result=7, return=0x72A609A6, context=after pfnRandomLong [low=0, high=6, result=2, return=0x72A60999, context=after pfnFreeFile [D:\Steam\steamapps\common\Half-Life\valve\sound\sentences.txt]]]
[2026-03-29 22:33:26.026] [info][general] hl.dll engine callback: pfnRandomLong [low=0, high=11, result=7, return=0x72A609A6, context=after pfnRandomLong [low=0, high=6, result=2, return=0x72A60999, context=after pfnFreeFile [D:\Steam\steamapps\common\Half-Life\valve\sound\sentences.txt]]]
[2026-03-29 22:33:26.027] [info][general] Worldspawn trace: #1091 map=c0a0 edict#0 classname=worldspawn pfnRandomLong [low=0, high=11, result=10, return=0x72A60999, context=after pfnRandomLong [low=0, high=6, result=2, return=0x72A60999, context=after pfnFreeFile [D:\Steam\steamapps\common\Half-Life\valve\sound\sentences.txt]]]
[2026-03-29 22:33:26.027] [info][general] hl.dll engine callback: pfnRandomLong [low=0, high=11, result=10, return=0x72A60999, context=after pfnRandomLong [low=0, high=6, result=2, return=0x72A60999, context=after pfnFreeFile [D:\Steam\steamapps\common\Half-Life\valve\sound\sentences.txt]]]
[2026-03-29 22:33:26.027] [info][general] Worldspawn trace: #1092 map=c0a0 edict#0 classname=worldspawn pfnRandomLong [low=0, high=11, result=9, return=0x72A609A6, context=after pfnRandomLong [low=0, high=6, result=2, return=0x72A60999, context=after pfnFreeFile [D:\Steam\steamapps\common\Half-Life\valve\sound\sentences.txt]]]
[2026-03-29 22:33:26.027] [info][general] hl.dll engine callback: pfnRandomLong [low=0, high=11, result=9, return=0x72A609A6, context=after pfnRandomLong [low=0, high=6, result=2, return=0x72A60999, context=after pfnFreeFile [D:\Steam\steamapps\common\Half-Life\valve\sound\sentences.txt]]]
[2026-03-29 22:33:26.027] [info][general] Worldspawn trace: #1093 map=c0a0 edict#0 classname=worldspawn pfnRandomLong [low=0, high=11, result=8, return=0x72A60999, context=after pfnRandomLong [low=0, high=6, result=2, return=0x72A60999, context=after pfnFreeFile [D:\Steam\steamapps\common\Half-Life\valve\sound\sentences.txt]]]
[2026-03-29 22:33:26.028] [info][general] hl.dll engine callback: pfnRandomLong [low=0, high=11, result=8, return=0x72A60999, context=after pfnRandomLong [low=0, high=6, result=2, return=0x72A60999, context=after pfnFreeFile [D:\Steam\steamapps\common\Half-Life\valve\sound\sentences.txt]]]
[2026-03-29 22:33:26.028] [info][general] Worldspawn trace: #1094 map=c0a0 edict#0 classname=worldspawn pfnRandomLong [low=0, high=11, result=3, return=0x72A609A6, context=after pfnRandomLong [low=0, high=6, result=2, return=0x72A60999, context=after pfnFreeFile [D:\Steam\steamapps\common\Half-Life\valve\sound\sentences.txt]]]
[2026-03-29 22:33:26.028] [info][general] hl.dll engine callback: pfnRandomLong [low=0, high=11, result=3, return=0x72A609A6, context=after pfnRandomLong [low=0, high=6, result=2, return=0x72A60999, context=after pfnFreeFile [D:\Steam\steamapps\common\Half-Life\valve\sound\sentences.txt]]]
[2026-03-29 22:33:26.028] [info][general] Worldspawn trace: #1095 map=c0a0 edict#0 classname=worldspawn pfnRandomLong [low=0, high=11, result=10, return=0x72A60999, context=after pfnRandomLong [low=0, high=6, result=2, return=0x72A60999, context=after pfnFreeFile [D:\Steam\steamapps\common\Half-Life\valve\sound\sentences.txt]]]
[2026-03-29 22:33:26.028] [info][general] hl.dll engine callback: pfnRandomLong [low=0, high=11, result=10, return=0x72A60999, context=after pfnRandomLong [low=0, high=6, result=2, return=0x72A60999, context=after pfnFreeFile [D:\Steam\steamapps\common\Half-Life\valve\sound\sentences.txt]]]
[2026-03-29 22:33:26.029] [info][general] Worldspawn trace: #1096 map=c0a0 edict#0 classname=worldspawn pfnRandomLong [low=0, high=11, result=1, return=0x72A609A6, context=after pfnRandomLong [low=0, high=6, result=2, return=0x72A60999, context=after pfnFreeFile [D:\Steam\steamapps\common\Half-Life\valve\sound\sentences.txt]]]
[2026-03-29 22:33:26.029] [info][general] hl.dll engine callback: pfnRandomLong [low=0, high=11, result=1, return=0x72A609A6, context=after pfnRandomLong [low=0, high=6, result=2, return=0x72A60999, context=after pfnFreeFile [D:\Steam\steamapps\common\Half-Life\valve\sound\sentences.txt]]]
[2026-03-29 22:33:26.029] [info][general] Worldspawn trace: #1097 map=c0a0 edict#0 classname=worldspawn pfnRandomLong [low=0, high=11, result=4, return=0x72A60999, context=after pfnRandomLong [low=0, high=6, result=2, return=0x72A60999, context=after pfnFreeFile [D:\Steam\steamapps\common\Half-Life\valve\sound\sentences.txt]]]
[2026-03-29 22:33:26.029] [info][general] hl.dll engine callback: pfnRandomLong [low=0, high=11, result=4, return=0x72A60999, context=after pfnRandomLong [low=0, high=6, result=2, return=0x72A60999, context=after pfnFreeFile [D:\Steam\steamapps\common\Half-Life\valve\sound\sentences.txt]]]
[2026-03-29 22:33:26.030] [info][general] Worldspawn trace: #1098 map=c0a0 edict#0 classname=worldspawn pfnRandomLong [low=0, high=11, result=7, return=0x72A609A6, context=after pfnRandomLong [low=0, high=6, result=2, return=0x72A60999, context=after pfnFreeFile [D:\Steam\steamapps\common\Half-Life\valve\sound\sentences.txt]]]
[2026-03-29 22:33:26.030] [info][general] hl.dll engine callback: pfnRandomLong [low=0, high=11, result=7, return=0x72A609A6, context=after pfnRandomLong [low=0, high=6, result=2, return=0x72A60999, context=after pfnFreeFile [D:\Steam\steamapps\common\Half-Life\valve\sound\sentences.txt]]]
[2026-03-29 22:33:26.030] [info][general] Worldspawn trace: #1099 map=c0a0 edict#0 classname=worldspawn pfnRandomLong [low=0, high=11, result=6, return=0x72A60999, context=after pfnRandomLong [low=0, high=6, result=2, return=0x72A60999, context=after pfnFreeFile [D:\Steam\steamapps\common\Half-Life\valve\sound\sentences.txt]]]
[2026-03-29 22:33:26.030] [info][general] hl.dll engine callback: pfnRandomLong [low=0, high=11, result=6, return=0x72A60999, context=after pfnRandomLong [low=0, high=6, result=2, return=0x72A60999, context=after pfnFreeFile [D:\Steam\steamapps\common\Half-Life\valve\sound\sentences.txt]]]
[2026-03-29 22:33:26.030] [info][general] Worldspawn trace: #1100 map=c0a0 edict#0 classname=worldspawn pfnRandomLong [low=0, high=11, result=9, return=0x72A609A6, context=after pfnRandomLong [low=0, high=6, result=2, return=0x72A60999, context=after pfnFreeFile [D:\Steam\steamapps\common\Half-Life\valve\sound\sentences.txt]]]
[2026-03-29 22:33:26.030] [info][general] hl.dll engine callback: pfnRandomLong [low=0, high=11, result=9, return=0x72A609A6, context=after pfnRandomLong [low=0, high=6, result=2, return=0x72A60999, context=after pfnFreeFile [D:\Steam\steamapps\common\Half-Life\valve\sound\sentences.txt]]]
[2026-03-29 22:33:26.031] [info][general] Worldspawn trace: #1101 map=c0a0 edict#0 classname=worldspawn pfnRandomLong [low=0, high=11, result=8, return=0x72A60999, context=after pfnRandomLong [low=0, high=6, result=2, return=0x72A60999, context=after pfnFreeFile [D:\Steam\steamapps\common\Half-Life\valve\sound\sentences.txt]]]
[2026-03-29 22:33:26.031] [info][general] hl.dll engine callback: pfnRandomLong [low=0, high=11, result=8, return=0x72A60999, context=after pfnRandomLong [low=0, high=6, result=2, return=0x72A60999, context=after pfnFreeFile [D:\Steam\steamapps\common\Half-Life\valve\sound\sentences.txt]]]
[2026-03-29 22:33:26.032] [info][general] Worldspawn trace: #1102 map=c0a0 edict#0 classname=worldspawn pfnRandomLong [low=0, high=11, result=7, return=0x72A609A6, context=after pfnRandomLong [low=0, high=6, result=2, return=0x72A60999, context=after pfnFreeFile [D:\Steam\steamapps\common\Half-Life\valve\sound\sentences.txt]]]
[2026-03-29 22:33:26.032] [info][general] hl.dll engine callback: pfnRandomLong [low=0, high=11, result=7, return=0x72A609A6, context=after pfnRandomLong [low=0, high=6, result=2, return=0x72A60999, context=after pfnFreeFile [D:\Steam\steamapps\common\Half-Life\valve\sound\sentences.txt]]]
[2026-03-29 22:33:26.032] [info][general] Worldspawn trace: #1103 map=c0a0 edict#0 classname=worldspawn pfnRandomLong [low=0, high=11, result=6, return=0x72A60999, context=after pfnRandomLong [low=0, high=6, result=2, return=0x72A60999, context=after pfnFreeFile [D:\Steam\steamapps\common\Half-Life\valve\sound\sentences.txt]]]
[2026-03-29 22:33:26.032] [info][general] hl.dll engine callback: pfnRandomLong [low=0, high=11, result=6, return=0x72A60999, context=after pfnRandomLong [low=0, high=6, result=2, return=0x72A60999, context=after pfnFreeFile [D:\Steam\steamapps\common\Half-Life\valve\sound\sentences.txt]]]
[2026-03-29 22:33:26.032] [info][general] Worldspawn trace: #1104 map=c0a0 edict#0 classname=worldspawn pfnRandomLong [low=0, high=11, result=9, return=0x72A609A6, context=after pfnRandomLong [low=0, high=6, result=2, return=0x72A60999, context=after pfnFreeFile [D:\Steam\steamapps\common\Half-Life\valve\sound\sentences.txt]]]
[2026-03-29 22:33:26.033] [info][general] hl.dll engine callback: pfnRandomLong [low=0, high=11, result=9, return=0x72A609A6, context=after pfnRandomLong [low=0, high=6, result=2, return=0x72A60999, context=after pfnFreeFile [D:\Steam\steamapps\common\Half-Life\valve\sound\sentences.txt]]]
[2026-03-29 22:33:26.033] [info][general] Worldspawn trace: #1105 map=c0a0 edict#0 classname=worldspawn pfnRandomLong [low=0, high=11, result=8, return=0x72A60999, context=after pfnRandomLong [low=0, high=6, result=2, return=0x72A60999, context=after pfnFreeFile [D:\Steam\steamapps\common\Half-Life\valve\sound\sentences.txt]]]
[2026-03-29 22:33:26.033] [info][general] hl.dll engine callback: pfnRandomLong [low=0, high=11, result=8, return=0x72A60999, context=after pfnRandomLong [low=0, high=6, result=2, return=0x72A60999, context=after pfnFreeFile [D:\Steam\steamapps\common\Half-Life\valve\sound\sentences.txt]]]
[2026-03-29 22:33:26.033] [info][general] Worldspawn trace: #1106 map=c0a0 edict#0 classname=worldspawn pfnRandomLong [low=0, high=11, result=3, return=0x72A609A6, context=after pfnRandomLong [low=0, high=6, result=2, return=0x72A60999, context=after pfnFreeFile [D:\Steam\steamapps\common\Half-Life\valve\sound\sentences.txt]]]
[2026-03-29 22:33:26.033] [info][general] hl.dll engine callback: pfnRandomLong [low=0, high=11, result=3, return=0x72A609A6, context=after pfnRandomLong [low=0, high=6, result=2, return=0x72A60999, context=after pfnFreeFile [D:\Steam\steamapps\common\Half-Life\valve\sound\sentences.txt]]]
[2026-03-29 22:33:26.034] [info][general] Worldspawn trace: #1107 map=c0a0 edict#0 classname=worldspawn pfnRandomLong [low=0, high=11, result=2, return=0x72A60999, context=after pfnRandomLong [low=0, high=6, result=2, return=0x72A60999, context=after pfnFreeFile [D:\Steam\steamapps\common\Half-Life\valve\sound\sentences.txt]]]
[2026-03-29 22:33:26.034] [info][general] hl.dll engine callback: pfnRandomLong [low=0, high=11, result=2, return=0x72A60999, context=after pfnRandomLong [low=0, high=6, result=2, return=0x72A60999, context=after pfnFreeFile [D:\Steam\steamapps\common\Half-Life\valve\sound\sentences.txt]]]
[2026-03-29 22:33:26.034] [info][general] Worldspawn trace: #1108 map=c0a0 edict#0 classname=worldspawn pfnRandomLong [low=0, high=11, result=1, return=0x72A609A6, context=after pfnRandomLong [low=0, high=6, result=2, return=0x72A60999, context=after pfnFreeFile [D:\Steam\steamapps\common\Half-Life\valve\sound\sentences.txt]]]
[2026-03-29 22:33:26.034] [info][general] hl.dll engine callback: pfnRandomLong [low=0, high=11, result=1, return=0x72A609A6, context=after pfnRandomLong [low=0, high=6, result=2, return=0x72A60999, context=after pfnFreeFile [D:\Steam\steamapps\common\Half-Life\valve\sound\sentences.txt]]]
[2026-03-29 22:33:26.034] [info][general] Worldspawn trace: #1109 map=c0a0 edict#0 classname=worldspawn pfnRandomLong [low=0, high=11, result=4, return=0x72A60999, context=after pfnRandomLong [low=0, high=6, result=2, return=0x72A60999, context=after pfnFreeFile [D:\Steam\steamapps\common\Half-Life\valve\sound\sentences.txt]]]
[2026-03-29 22:33:26.035] [info][general] hl.dll engine callback: pfnRandomLong [low=0, high=11, result=4, return=0x72A60999, context=after pfnRandomLong [low=0, high=6, result=2, return=0x72A60999, context=after pfnFreeFile [D:\Steam\steamapps\common\Half-Life\valve\sound\sentences.txt]]]
[2026-03-29 22:33:26.035] [info][general] Worldspawn trace: #1110 map=c0a0 edict#0 classname=worldspawn pfnRandomLong [low=0, high=11, result=3, return=0x72A609A6, context=after pfnRandomLong [low=0, high=6, result=2, return=0x72A60999, context=after pfnFreeFile [D:\Steam\steamapps\common\Half-Life\valve\sound\sentences.txt]]]
[2026-03-29 22:33:26.035] [info][general] hl.dll engine callback: pfnRandomLong [low=0, high=11, result=3, return=0x72A609A6, context=after pfnRandomLong [low=0, high=6, result=2, return=0x72A60999, context=after pfnFreeFile [D:\Steam\steamapps\common\Half-Life\valve\sound\sentences.txt]]]
[2026-03-29 22:33:26.035] [info][general] Worldspawn trace: #1111 map=c0a0 edict#0 classname=worldspawn pfnRandomLong [low=0, high=11, result=10, return=0x72A60999, context=after pfnRandomLong [low=0, high=6, result=2, return=0x72A60999, context=after pfnFreeFile [D:\Steam\steamapps\common\Half-Life\valve\sound\sentences.txt]]]
[2026-03-29 22:33:26.035] [info][general] hl.dll engine callback: pfnRandomLong [low=0, high=11, result=10, return=0x72A60999, context=after pfnRandomLong [low=0, high=6, result=2, return=0x72A60999, context=after pfnFreeFile [D:\Steam\steamapps\common\Half-Life\valve\sound\sentences.txt]]]
[2026-03-29 22:33:26.035] [info][general] Worldspawn trace: #1112 map=c0a0 edict#0 classname=worldspawn pfnRandomLong [low=0, high=11, result=5, return=0x72A609A6, context=after pfnRandomLong [low=0, high=6, result=2, return=0x72A60999, context=after pfnFreeFile [D:\Steam\steamapps\common\Half-Life\valve\sound\sentences.txt]]]
[2026-03-29 22:33:26.036] [info][general] hl.dll engine callback: pfnRandomLong [low=0, high=11, result=5, return=0x72A609A6, context=after pfnRandomLong [low=0, high=6, result=2, return=0x72A60999, context=after pfnFreeFile [D:\Steam\steamapps\common\Half-Life\valve\sound\sentences.txt]]]
[2026-03-29 22:33:26.036] [info][general] Worldspawn trace: #1113 map=c0a0 edict#0 classname=worldspawn pfnRandomLong [low=0, high=11, result=4, return=0x72A60999, context=after pfnRandomLong [low=0, high=6, result=2, return=0x72A60999, context=after pfnFreeFile [D:\Steam\steamapps\common\Half-Life\valve\sound\sentences.txt]]]
[2026-03-29 22:33:26.036] [info][general] hl.dll engine callback: pfnRandomLong [low=0, high=11, result=4, return=0x72A60999, context=after pfnRandomLong [low=0, high=6, result=2, return=0x72A60999, context=after pfnFreeFile [D:\Steam\steamapps\common\Half-Life\valve\sound\sentences.txt]]]
[2026-03-29 22:33:26.036] [info][general] Worldspawn trace: #1114 map=c0a0 edict#0 classname=worldspawn pfnRandomLong [low=0, high=11, result=7, return=0x72A609A6, context=after pfnRandomLong [low=0, high=6, result=2, return=0x72A60999, context=after pfnFreeFile [D:\Steam\steamapps\common\Half-Life\valve\sound\sentences.txt]]]
[2026-03-29 22:33:26.036] [info][general] hl.dll engine callback: pfnRandomLong [low=0, high=11, result=7, return=0x72A609A6, context=after pfnRandomLong [low=0, high=6, result=2, return=0x72A60999, context=after pfnFreeFile [D:\Steam\steamapps\common\Half-Life\valve\sound\sentences.txt]]]
[2026-03-29 22:33:26.036] [info][general] Worldspawn trace: #1115 map=c0a0 edict#0 classname=worldspawn pfnRandomLong [low=0, high=11, result=10, return=0x72A60999, context=after pfnRandomLong [low=0, high=6, result=2, return=0x72A60999, context=after pfnFreeFile [D:\Steam\steamapps\common\Half-Life\valve\sound\sentences.txt]]]
[2026-03-29 22:33:26.037] [info][general] hl.dll engine callback: pfnRandomLong [low=0, high=11, result=10, return=0x72A60999, context=after pfnRandomLong [low=0, high=6, result=2, return=0x72A60999, context=after pfnFreeFile [D:\Steam\steamapps\common\Half-Life\valve\sound\sentences.txt]]]
[2026-03-29 22:33:26.037] [info][general] Worldspawn trace: #1116 map=c0a0 edict#0 classname=worldspawn pfnRandomLong [low=0, high=11, result=9, return=0x72A609A6, context=after pfnRandomLong [low=0, high=6, result=2, return=0x72A60999, context=after pfnFreeFile [D:\Steam\steamapps\common\Half-Life\valve\sound\sentences.txt]]]
[2026-03-29 22:33:26.037] [info][general] hl.dll engine callback: pfnRandomLong [low=0, high=11, result=9, return=0x72A609A6, context=after pfnRandomLong [low=0, high=6, result=2, return=0x72A60999, context=after pfnFreeFile [D:\Steam\steamapps\common\Half-Life\valve\sound\sentences.txt]]]
[2026-03-29 22:33:26.037] [info][general] Worldspawn trace: #1117 map=c0a0 edict#0 classname=worldspawn pfnRandomLong [low=0, high=11, result=4, return=0x72A60999, context=after pfnRandomLong [low=0, high=6, result=2, return=0x72A60999, context=after pfnFreeFile [D:\Steam\steamapps\common\Half-Life\valve\sound\sentences.txt]]]
[2026-03-29 22:33:26.037] [info][general] hl.dll engine callback: pfnRandomLong [low=0, high=11, result=4, return=0x72A60999, context=after pfnRandomLong [low=0, high=6, result=2, return=0x72A60999, context=after pfnFreeFile [D:\Steam\steamapps\common\Half-Life\valve\sound\sentences.txt]]]
[2026-03-29 22:33:26.037] [info][general] Worldspawn trace: #1118 map=c0a0 edict#0 classname=worldspawn pfnRandomLong [low=0, high=11, result=3, return=0x72A609A6, context=after pfnRandomLong [low=0, high=6, result=2, return=0x72A60999, context=after pfnFreeFile [D:\Steam\steamapps\common\Half-Life\valve\sound\sentences.txt]]]
[2026-03-29 22:33:26.038] [info][general] hl.dll engine callback: pfnRandomLong [low=0, high=11, result=3, return=0x72A609A6, context=after pfnRandomLong [low=0, high=6, result=2, return=0x72A60999, context=after pfnFreeFile [D:\Steam\steamapps\common\Half-Life\valve\sound\sentences.txt]]]
[2026-03-29 22:33:26.038] [info][general] Worldspawn trace: #1119 map=c0a0 edict#0 classname=worldspawn pfnRandomLong [low=0, high=11, result=10, return=0x72A60999, context=after pfnRandomLong [low=0, high=6, result=2, return=0x72A60999, context=after pfnFreeFile [D:\Steam\steamapps\common\Half-Life\valve\sound\sentences.txt]]]
[2026-03-29 22:33:26.038] [info][general] hl.dll engine callback: pfnRandomLong [low=0, high=11, result=10, return=0x72A60999, context=after pfnRandomLong [low=0, high=6, result=2, return=0x72A60999, context=after pfnFreeFile [D:\Steam\steamapps\common\Half-Life\valve\sound\sentences.txt]]]
[2026-03-29 22:33:26.038] [info][general] Worldspawn trace: #1120 map=c0a0 edict#0 classname=worldspawn pfnRandomLong [low=0, high=11, result=1, return=0x72A609A6, context=after pfnRandomLong [low=0, high=6, result=2, return=0x72A60999, context=after pfnFreeFile [D:\Steam\steamapps\common\Half-Life\valve\sound\sentences.txt]]]
[2026-03-29 22:33:26.038] [info][general] hl.dll engine callback: pfnRandomLong [low=0, high=11, result=1, return=0x72A609A6, context=after pfnRandomLong [low=0, high=6, result=2, return=0x72A60999, context=after pfnFreeFile [D:\Steam\steamapps\common\Half-Life\valve\sound\sentences.txt]]]
[2026-03-29 22:33:26.039] [info][general] Worldspawn trace: #1121 map=c0a0 edict#0 classname=worldspawn pfnRandomLong [low=0, high=11, result=4, return=0x72A60999, context=after pfnRandomLong [low=0, high=6, result=2, return=0x72A60999, context=after pfnFreeFile [D:\Steam\steamapps\common\Half-Life\valve\sound\sentences.txt]]]
[2026-03-29 22:33:26.039] [info][general] hl.dll engine callback: pfnRandomLong [low=0, high=11, result=4, return=0x72A60999, context=after pfnRandomLong [low=0, high=6, result=2, return=0x72A60999, context=after pfnFreeFile [D:\Steam\steamapps\common\Half-Life\valve\sound\sentences.txt]]]
[2026-03-29 22:33:26.039] [info][general] Worldspawn trace: #1122 map=c0a0 edict#0 classname=worldspawn pfnRandomLong [low=0, high=11, result=7, return=0x72A609A6, context=after pfnRandomLong [low=0, high=6, result=2, return=0x72A60999, context=after pfnFreeFile [D:\Steam\steamapps\common\Half-Life\valve\sound\sentences.txt]]]
[2026-03-29 22:33:26.039] [info][general] hl.dll engine callback: pfnRandomLong [low=0, high=11, result=7, return=0x72A609A6, context=after pfnRandomLong [low=0, high=6, result=2, return=0x72A60999, context=after pfnFreeFile [D:\Steam\steamapps\common\Half-Life\valve\sound\sentences.txt]]]
[2026-03-29 22:33:26.039] [info][general] Worldspawn trace: #1123 map=c0a0 edict#0 classname=worldspawn pfnRandomLong [low=0, high=11, result=6, return=0x72A60999, context=after pfnRandomLong [low=0, high=6, result=2, return=0x72A60999, context=after pfnFreeFile [D:\Steam\steamapps\common\Half-Life\valve\sound\sentences.txt]]]
[2026-03-29 22:33:26.040] [info][general] hl.dll engine callback: pfnRandomLong [low=0, high=11, result=6, return=0x72A60999, context=after pfnRandomLong [low=0, high=6, result=2, return=0x72A60999, context=after pfnFreeFile [D:\Steam\steamapps\common\Half-Life\valve\sound\sentences.txt]]]
[2026-03-29 22:33:26.040] [info][general] Worldspawn trace: #1124 map=c0a0 edict#0 classname=worldspawn pfnRandomLong [low=0, high=11, result=1, return=0x72A609A6, context=after pfnRandomLong [low=0, high=6, result=2, return=0x72A60999, context=after pfnFreeFile [D:\Steam\steamapps\common\Half-Life\valve\sound\sentences.txt]]]
[2026-03-29 22:33:26.040] [info][general] hl.dll engine callback: pfnRandomLong [low=0, high=11, result=1, return=0x72A609A6, context=after pfnRandomLong [low=0, high=6, result=2, return=0x72A60999, context=after pfnFreeFile [D:\Steam\steamapps\common\Half-Life\valve\sound\sentences.txt]]]
[2026-03-29 22:33:26.040] [info][general] Worldspawn trace: #1125 map=c0a0 edict#0 classname=worldspawn pfnRandomLong [low=0, high=11, result=4, return=0x72A60999, context=after pfnRandomLong [low=0, high=6, result=2, return=0x72A60999, context=after pfnFreeFile [D:\Steam\steamapps\common\Half-Life\valve\sound\sentences.txt]]]
[2026-03-29 22:33:26.040] [info][general] hl.dll engine callback: pfnRandomLong [low=0, high=11, result=4, return=0x72A60999, context=after pfnRandomLong [low=0, high=6, result=2, return=0x72A60999, context=after pfnFreeFile [D:\Steam\steamapps\common\Half-Life\valve\sound\sentences.txt]]]
[2026-03-29 22:33:26.040] [info][general] Worldspawn trace: #1126 map=c0a0 edict#0 classname=worldspawn pfnRandomLong [low=0, high=11, result=7, return=0x72A609A6, context=after pfnRandomLong [low=0, high=6, result=2, return=0x72A60999, context=after pfnFreeFile [D:\Steam\steamapps\common\Half-Life\valve\sound\sentences.txt]]]
[2026-03-29 22:33:26.041] [info][general] hl.dll engine callback: pfnRandomLong [low=0, high=11, result=7, return=0x72A609A6, context=after pfnRandomLong [low=0, high=6, result=2, return=0x72A60999, context=after pfnFreeFile [D:\Steam\steamapps\common\Half-Life\valve\sound\sentences.txt]]]
[2026-03-29 22:33:26.041] [info][general] Worldspawn trace: #1127 map=c0a0 edict#0 classname=worldspawn pfnRandomLong [low=0, high=11, result=10, return=0x72A60999, context=after pfnRandomLong [low=0, high=6, result=2, return=0x72A60999, context=after pfnFreeFile [D:\Steam\steamapps\common\Half-Life\valve\sound\sentences.txt]]]
[2026-03-29 22:33:26.041] [info][general] hl.dll engine callback: pfnRandomLong [low=0, high=11, result=10, return=0x72A60999, context=after pfnRandomLong [low=0, high=6, result=2, return=0x72A60999, context=after pfnFreeFile [D:\Steam\steamapps\common\Half-Life\valve\sound\sentences.txt]]]
[2026-03-29 22:33:26.041] [info][general] Worldspawn trace: #1128 map=c0a0 edict#0 classname=worldspawn pfnRandomLong [low=0, high=11, result=9, return=0x72A609A6, context=after pfnRandomLong [low=0, high=6, result=2, return=0x72A60999, context=after pfnFreeFile [D:\Steam\steamapps\common\Half-Life\valve\sound\sentences.txt]]]
[2026-03-29 22:33:26.041] [info][general] hl.dll engine callback: pfnRandomLong [low=0, high=11, result=9, return=0x72A609A6, context=after pfnRandomLong [low=0, high=6, result=2, return=0x72A60999, context=after pfnFreeFile [D:\Steam\steamapps\common\Half-Life\valve\sound\sentences.txt]]]
[2026-03-29 22:33:26.042] [info][general] Worldspawn trace: #1129 map=c0a0 edict#0 classname=worldspawn pfnRandomLong [low=0, high=11, result=0, return=0x72A60999, context=after pfnRandomLong [low=0, high=6, result=2, return=0x72A60999, context=after pfnFreeFile [D:\Steam\steamapps\common\Half-Life\valve\sound\sentences.txt]]]
[2026-03-29 22:33:26.042] [info][general] hl.dll engine callback: pfnRandomLong [low=0, high=11, result=0, return=0x72A60999, context=after pfnRandomLong [low=0, high=6, result=2, return=0x72A60999, context=after pfnFreeFile [D:\Steam\steamapps\common\Half-Life\valve\sound\sentences.txt]]]
[2026-03-29 22:33:26.042] [info][general] Worldspawn trace: #1130 map=c0a0 edict#0 classname=worldspawn pfnRandomLong [low=0, high=11, result=7, return=0x72A609A6, context=after pfnRandomLong [low=0, high=6, result=2, return=0x72A60999, context=after pfnFreeFile [D:\Steam\steamapps\common\Half-Life\valve\sound\sentences.txt]]]
[2026-03-29 22:33:26.042] [info][general] hl.dll engine callback: pfnRandomLong [low=0, high=11, result=7, return=0x72A609A6, context=after pfnRandomLong [low=0, high=6, result=2, return=0x72A60999, context=after pfnFreeFile [D:\Steam\steamapps\common\Half-Life\valve\sound\sentences.txt]]]
[2026-03-29 22:33:26.042] [info][general] Worldspawn trace: #1131 map=c0a0 edict#0 classname=worldspawn pfnRandomLong [low=0, high=11, result=2, return=0x72A60999, context=after pfnRandomLong [low=0, high=6, result=2, return=0x72A60999, context=after pfnFreeFile [D:\Steam\steamapps\common\Half-Life\valve\sound\sentences.txt]]]
[2026-03-29 22:33:26.042] [info][general] hl.dll engine callback: pfnRandomLong [low=0, high=11, result=2, return=0x72A60999, context=after pfnRandomLong [low=0, high=6, result=2, return=0x72A60999, context=after pfnFreeFile [D:\Steam\steamapps\common\Half-Life\valve\sound\sentences.txt]]]
[2026-03-29 22:33:26.043] [info][general] Worldspawn trace: #1132 map=c0a0 edict#0 classname=worldspawn pfnRandomLong [low=0, high=11, result=1, return=0x72A609A6, context=after pfnRandomLong [low=0, high=6, result=2, return=0x72A60999, context=after pfnFreeFile [D:\Steam\steamapps\common\Half-Life\valve\sound\sentences.txt]]]
[2026-03-29 22:33:26.043] [info][general] hl.dll engine callback: pfnRandomLong [low=0, high=11, result=1, return=0x72A609A6, context=after pfnRandomLong [low=0, high=6, result=2, return=0x72A60999, context=after pfnFreeFile [D:\Steam\steamapps\common\Half-Life\valve\sound\sentences.txt]]]
[2026-03-29 22:33:26.043] [info][general] Worldspawn trace: #1133 map=c0a0 edict#0 classname=worldspawn pfnRandomLong [low=0, high=11, result=0, return=0x72A60999, context=after pfnRandomLong [low=0, high=6, result=2, return=0x72A60999, context=after pfnFreeFile [D:\Steam\steamapps\common\Half-Life\valve\sound\sentences.txt]]]
[2026-03-29 22:33:26.043] [info][general] hl.dll engine callback: pfnRandomLong [low=0, high=11, result=0, return=0x72A60999, context=after pfnRandomLong [low=0, high=6, result=2, return=0x72A60999, context=after pfnFreeFile [D:\Steam\steamapps\common\Half-Life\valve\sound\sentences.txt]]]
[2026-03-29 22:33:26.044] [info][general] Worldspawn trace: #1134 map=c0a0 edict#0 classname=worldspawn pfnRandomLong [low=0, high=11, result=7, return=0x72A609A6, context=after pfnRandomLong [low=0, high=6, result=2, return=0x72A60999, context=after pfnFreeFile [D:\Steam\steamapps\common\Half-Life\valve\sound\sentences.txt]]]
[2026-03-29 22:33:26.044] [info][general] hl.dll engine callback: pfnRandomLong [low=0, high=11, result=7, return=0x72A609A6, context=after pfnRandomLong [low=0, high=6, result=2, return=0x72A60999, context=after pfnFreeFile [D:\Steam\steamapps\common\Half-Life\valve\sound\sentences.txt]]]
[2026-03-29 22:33:26.044] [info][general] Worldspawn trace: #1135 map=c0a0 edict#0 classname=worldspawn pfnRandomLong [low=0, high=11, result=6, return=0x72A60999, context=after pfnRandomLong [low=0, high=6, result=2, return=0x72A60999, context=after pfnFreeFile [D:\Steam\steamapps\common\Half-Life\valve\sound\sentences.txt]]]
[2026-03-29 22:33:26.044] [info][general] hl.dll engine callback: pfnRandomLong [low=0, high=11, result=6, return=0x72A60999, context=after pfnRandomLong [low=0, high=6, result=2, return=0x72A60999, context=after pfnFreeFile [D:\Steam\steamapps\common\Half-Life\valve\sound\sentences.txt]]]
[2026-03-29 22:33:26.044] [info][general] Worldspawn trace: #1136 map=c0a0 edict#0 classname=worldspawn pfnRandomLong [low=0, high=11, result=9, return=0x72A609A6, context=after pfnRandomLong [low=0, high=6, result=2, return=0x72A60999, context=after pfnFreeFile [D:\Steam\steamapps\common\Half-Life\valve\sound\sentences.txt]]]
[2026-03-29 22:33:26.045] [info][general] hl.dll engine callback: pfnRandomLong [low=0, high=11, result=9, return=0x72A609A6, context=after pfnRandomLong [low=0, high=6, result=2, return=0x72A60999, context=after pfnFreeFile [D:\Steam\steamapps\common\Half-Life\valve\sound\sentences.txt]]]
[2026-03-29 22:33:26.045] [info][general] Worldspawn trace: #1137 map=c0a0 edict#0 classname=worldspawn pfnRandomLong [low=0, high=11, result=8, return=0x72A60999, context=after pfnRandomLong [low=0, high=6, result=2, return=0x72A60999, context=after pfnFreeFile [D:\Steam\steamapps\common\Half-Life\valve\sound\sentences.txt]]]
[2026-03-29 22:33:26.045] [info][general] hl.dll engine callback: pfnRandomLong [low=0, high=11, result=8, return=0x72A60999, context=after pfnRandomLong [low=0, high=6, result=2, return=0x72A60999, context=after pfnFreeFile [D:\Steam\steamapps\common\Half-Life\valve\sound\sentences.txt]]]
[2026-03-29 22:33:26.045] [info][general] Worldspawn trace: #1138 map=c0a0 edict#0 classname=worldspawn pfnRandomLong [low=0, high=11, result=7, return=0x72A609A6, context=after pfnRandomLong [low=0, high=6, result=2, return=0x72A60999, context=after pfnFreeFile [D:\Steam\steamapps\common\Half-Life\valve\sound\sentences.txt]]]
[2026-03-29 22:33:26.046] [info][general] hl.dll engine callback: pfnRandomLong [low=0, high=11, result=7, return=0x72A609A6, context=after pfnRandomLong [low=0, high=6, result=2, return=0x72A60999, context=after pfnFreeFile [D:\Steam\steamapps\common\Half-Life\valve\sound\sentences.txt]]]
[2026-03-29 22:33:26.046] [info][general] Worldspawn trace: #1139 map=c0a0 edict#0 classname=worldspawn pfnRandomLong [low=0, high=11, result=10, return=0x72A60999, context=after pfnRandomLong [low=0, high=6, result=2, return=0x72A60999, context=after pfnFreeFile [D:\Steam\steamapps\common\Half-Life\valve\sound\sentences.txt]]]
[2026-03-29 22:33:26.046] [info][general] hl.dll engine callback: pfnRandomLong [low=0, high=11, result=10, return=0x72A60999, context=after pfnRandomLong [low=0, high=6, result=2, return=0x72A60999, context=after pfnFreeFile [D:\Steam\steamapps\common\Half-Life\valve\sound\sentences.txt]]]
[2026-03-29 22:33:26.046] [info][general] Worldspawn trace: #1140 map=c0a0 edict#0 classname=worldspawn pfnRandomLong [low=0, high=11, result=5, return=0x72A609A6, context=after pfnRandomLong [low=0, high=6, result=2, return=0x72A60999, context=after pfnFreeFile [D:\Steam\steamapps\common\Half-Life\valve\sound\sentences.txt]]]
[2026-03-29 22:33:26.046] [info][general] hl.dll engine callback: pfnRandomLong [low=0, high=11, result=5, return=0x72A609A6, context=after pfnRandomLong [low=0, high=6, result=2, return=0x72A60999, context=after pfnFreeFile [D:\Steam\steamapps\common\Half-Life\valve\sound\sentences.txt]]]
[2026-03-29 22:33:26.047] [info][general] Worldspawn trace: #1141 map=c0a0 edict#0 classname=worldspawn pfnRandomLong [low=0, high=11, result=4, return=0x72A60999, context=after pfnRandomLong [low=0, high=6, result=2, return=0x72A60999, context=after pfnFreeFile [D:\Steam\steamapps\common\Half-Life\valve\sound\sentences.txt]]]
[2026-03-29 22:33:26.047] [info][general] hl.dll engine callback: pfnRandomLong [low=0, high=11, result=4, return=0x72A60999, context=after pfnRandomLong [low=0, high=6, result=2, return=0x72A60999, context=after pfnFreeFile [D:\Steam\steamapps\common\Half-Life\valve\sound\sentences.txt]]]
[2026-03-29 22:33:26.047] [info][general] Worldspawn trace: #1142 map=c0a0 edict#0 classname=worldspawn pfnRandomLong [low=0, high=11, result=7, return=0x72A609A6, context=after pfnRandomLong [low=0, high=6, result=2, return=0x72A60999, context=after pfnFreeFile [D:\Steam\steamapps\common\Half-Life\valve\sound\sentences.txt]]]
[2026-03-29 22:33:26.047] [info][general] hl.dll engine callback: pfnRandomLong [low=0, high=11, result=7, return=0x72A609A6, context=after pfnRandomLong [low=0, high=6, result=2, return=0x72A60999, context=after pfnFreeFile [D:\Steam\steamapps\common\Half-Life\valve\sound\sentences.txt]]]
[2026-03-29 22:33:26.047] [info][general] Worldspawn trace: #1143 map=c0a0 edict#0 classname=worldspawn pfnRandomLong [low=0, high=11, result=2, return=0x72A60999, context=after pfnRandomLong [low=0, high=6, result=2, return=0x72A60999, context=after pfnFreeFile [D:\Steam\steamapps\common\Half-Life\valve\sound\sentences.txt]]]
[2026-03-29 22:33:26.048] [info][general] hl.dll engine callback: pfnRandomLong [low=0, high=11, result=2, return=0x72A60999, context=after pfnRandomLong [low=0, high=6, result=2, return=0x72A60999, context=after pfnFreeFile [D:\Steam\steamapps\common\Half-Life\valve\sound\sentences.txt]]]
[2026-03-29 22:33:26.048] [info][general] Worldspawn trace: #1144 map=c0a0 edict#0 classname=worldspawn pfnRandomLong [low=0, high=11, result=9, return=0x72A609A6, context=after pfnRandomLong [low=0, high=6, result=2, return=0x72A60999, context=after pfnFreeFile [D:\Steam\steamapps\common\Half-Life\valve\sound\sentences.txt]]]
[2026-03-29 22:33:26.048] [info][general] hl.dll engine callback: pfnRandomLong [low=0, high=11, result=9, return=0x72A609A6, context=after pfnRandomLong [low=0, high=6, result=2, return=0x72A60999, context=after pfnFreeFile [D:\Steam\steamapps\common\Half-Life\valve\sound\sentences.txt]]]
[2026-03-29 22:33:26.048] [info][general] Worldspawn trace: #1145 map=c0a0 edict#0 classname=worldspawn pfnRandomLong [low=0, high=10, result=4, return=0x72A60999, context=after pfnRandomLong [low=0, high=6, result=2, return=0x72A60999, context=after pfnFreeFile [D:\Steam\steamapps\common\Half-Life\valve\sound\sentences.txt]]]
[2026-03-29 22:33:26.048] [info][general] hl.dll engine callback: pfnRandomLong [low=0, high=10, result=4, return=0x72A60999, context=after pfnRandomLong [low=0, high=6, result=2, return=0x72A60999, context=after pfnFreeFile [D:\Steam\steamapps\common\Half-Life\valve\sound\sentences.txt]]]
[2026-03-29 22:33:26.048] [info][general] Worldspawn trace: #1146 map=c0a0 edict#0 classname=worldspawn pfnRandomLong [low=0, high=10, result=0, return=0x72A609A6, context=after pfnRandomLong [low=0, high=6, result=2, return=0x72A60999, context=after pfnFreeFile [D:\Steam\steamapps\common\Half-Life\valve\sound\sentences.txt]]]
[2026-03-29 22:33:26.050] [info][general] hl.dll engine callback: pfnRandomLong [low=0, high=10, result=0, return=0x72A609A6, context=after pfnRandomLong [low=0, high=6, result=2, return=0x72A60999, context=after pfnFreeFile [D:\Steam\steamapps\common\Half-Life\valve\sound\sentences.txt]]]
[2026-03-29 22:33:26.050] [info][general] Worldspawn trace: #1147 map=c0a0 edict#0 classname=worldspawn pfnRandomLong [low=0, high=10, result=3, return=0x72A60999, context=after pfnRandomLong [low=0, high=6, result=2, return=0x72A60999, context=after pfnFreeFile [D:\Steam\steamapps\common\Half-Life\valve\sound\sentences.txt]]]
[2026-03-29 22:33:26.050] [info][general] hl.dll engine callback: pfnRandomLong [low=0, high=10, result=3, return=0x72A60999, context=after pfnRandomLong [low=0, high=6, result=2, return=0x72A60999, context=after pfnFreeFile [D:\Steam\steamapps\common\Half-Life\valve\sound\sentences.txt]]]
[2026-03-29 22:33:26.050] [info][general] Worldspawn trace: #1148 map=c0a0 edict#0 classname=worldspawn pfnRandomLong [low=0, high=10, result=4, return=0x72A609A6, context=after pfnRandomLong [low=0, high=6, result=2, return=0x72A60999, context=after pfnFreeFile [D:\Steam\steamapps\common\Half-Life\valve\sound\sentences.txt]]]
[2026-03-29 22:33:26.050] [info][general] hl.dll engine callback: pfnRandomLong [low=0, high=10, result=4, return=0x72A609A6, context=after pfnRandomLong [low=0, high=6, result=2, return=0x72A60999, context=after pfnFreeFile [D:\Steam\steamapps\common\Half-Life\valve\sound\sentences.txt]]]
[2026-03-29 22:33:26.051] [info][general] Worldspawn trace: #1149 map=c0a0 edict#0 classname=worldspawn pfnRandomLong [low=0, high=10, result=0, return=0x72A60999, context=after pfnRandomLong [low=0, high=6, result=2, return=0x72A60999, context=after pfnFreeFile [D:\Steam\steamapps\common\Half-Life\valve\sound\sentences.txt]]]
[2026-03-29 22:33:26.051] [info][general] hl.dll engine callback: pfnRandomLong [low=0, high=10, result=0, return=0x72A60999, context=after pfnRandomLong [low=0, high=6, result=2, return=0x72A60999, context=after pfnFreeFile [D:\Steam\steamapps\common\Half-Life\valve\sound\sentences.txt]]]
[2026-03-29 22:33:26.051] [info][general] Worldspawn trace: #1150 map=c0a0 edict#0 classname=worldspawn pfnRandomLong [low=0, high=10, result=0, return=0x72A609A6, context=after pfnRandomLong [low=0, high=6, result=2, return=0x72A60999, context=after pfnFreeFile [D:\Steam\steamapps\common\Half-Life\valve\sound\sentences.txt]]]
[2026-03-29 22:33:26.051] [info][general] hl.dll engine callback: pfnRandomLong [low=0, high=10, result=0, return=0x72A609A6, context=after pfnRandomLong [low=0, high=6, result=2, return=0x72A60999, context=after pfnFreeFile [D:\Steam\steamapps\common\Half-Life\valve\sound\sentences.txt]]]
[2026-03-29 22:33:26.051] [info][general] Worldspawn trace: #1151 map=c0a0 edict#0 classname=worldspawn pfnRandomLong [low=0, high=10, result=4, return=0x72A60999, context=after pfnRandomLong [low=0, high=6, result=2, return=0x72A60999, context=after pfnFreeFile [D:\Steam\steamapps\common\Half-Life\valve\sound\sentences.txt]]]
[2026-03-29 22:33:26.052] [info][general] hl.dll engine callback: pfnRandomLong [low=0, high=10, result=4, return=0x72A60999, context=after pfnRandomLong [low=0, high=6, result=2, return=0x72A60999, context=after pfnFreeFile [D:\Steam\steamapps\common\Half-Life\valve\sound\sentences.txt]]]
[2026-03-29 22:33:26.052] [info][general] Worldspawn trace: #1152 map=c0a0 edict#0 classname=worldspawn pfnRandomLong [low=0, high=10, result=1, return=0x72A609A6, context=after pfnRandomLong [low=0, high=6, result=2, return=0x72A60999, context=after pfnFreeFile [D:\Steam\steamapps\common\Half-Life\valve\sound\sentences.txt]]]
[2026-03-29 22:33:26.052] [info][general] hl.dll engine callback: pfnRandomLong [low=0, high=10, result=1, return=0x72A609A6, context=after pfnRandomLong [low=0, high=6, result=2, return=0x72A60999, context=after pfnFreeFile [D:\Steam\steamapps\common\Half-Life\valve\sound\sentences.txt]]]
[2026-03-29 22:33:26.052] [info][general] Worldspawn trace: #1153 map=c0a0 edict#0 classname=worldspawn pfnRandomLong [low=0, high=10, result=9, return=0x72A60999, context=after pfnRandomLong [low=0, high=6, result=2, return=0x72A60999, context=after pfnFreeFile [D:\Steam\steamapps\common\Half-Life\valve\sound\sentences.txt]]]
[2026-03-29 22:33:26.052] [info][general] hl.dll engine callback: pfnRandomLong [low=0, high=10, result=9, return=0x72A60999, context=after pfnRandomLong [low=0, high=6, result=2, return=0x72A60999, context=after pfnFreeFile [D:\Steam\steamapps\common\Half-Life\valve\sound\sentences.txt]]]
[2026-03-29 22:33:26.053] [info][general] Worldspawn trace: #1154 map=c0a0 edict#0 classname=worldspawn pfnRandomLong [low=0, high=10, result=4, return=0x72A609A6, context=after pfnRandomLong [low=0, high=6, result=2, return=0x72A60999, context=after pfnFreeFile [D:\Steam\steamapps\common\Half-Life\valve\sound\sentences.txt]]]
[2026-03-29 22:33:26.053] [info][general] hl.dll engine callback: pfnRandomLong [low=0, high=10, result=4, return=0x72A609A6, context=after pfnRandomLong [low=0, high=6, result=2, return=0x72A60999, context=after pfnFreeFile [D:\Steam\steamapps\common\Half-Life\valve\sound\sentences.txt]]]
[2026-03-29 22:33:26.053] [info][general] Worldspawn trace: #1155 map=c0a0 edict#0 classname=worldspawn pfnRandomLong [low=0, high=10, result=0, return=0x72A60999, context=after pfnRandomLong [low=0, high=6, result=2, return=0x72A60999, context=after pfnFreeFile [D:\Steam\steamapps\common\Half-Life\valve\sound\sentences.txt]]]
[2026-03-29 22:33:26.053] [info][general] hl.dll engine callback: pfnRandomLong [low=0, high=10, result=0, return=0x72A60999, context=after pfnRandomLong [low=0, high=6, result=2, return=0x72A60999, context=after pfnFreeFile [D:\Steam\steamapps\common\Half-Life\valve\sound\sentences.txt]]]
[2026-03-29 22:33:26.053] [info][general] Worldspawn trace: #1156 map=c0a0 edict#0 classname=worldspawn pfnRandomLong [low=0, high=10, result=1, return=0x72A609A6, context=after pfnRandomLong [low=0, high=6, result=2, return=0x72A60999, context=after pfnFreeFile [D:\Steam\steamapps\common\Half-Life\valve\sound\sentences.txt]]]
[2026-03-29 22:33:26.053] [info][general] hl.dll engine callback: pfnRandomLong [low=0, high=10, result=1, return=0x72A609A6, context=after pfnRandomLong [low=0, high=6, result=2, return=0x72A60999, context=after pfnFreeFile [D:\Steam\steamapps\common\Half-Life\valve\sound\sentences.txt]]]
[2026-03-29 22:33:26.054] [info][general] Worldspawn trace: #1157 map=c0a0 edict#0 classname=worldspawn pfnRandomLong [low=0, high=10, result=2, return=0x72A60999, context=after pfnRandomLong [low=0, high=6, result=2, return=0x72A60999, context=after pfnFreeFile [D:\Steam\steamapps\common\Half-Life\valve\sound\sentences.txt]]]
[2026-03-29 22:33:26.054] [info][general] hl.dll engine callback: pfnRandomLong [low=0, high=10, result=2, return=0x72A60999, context=after pfnRandomLong [low=0, high=6, result=2, return=0x72A60999, context=after pfnFreeFile [D:\Steam\steamapps\common\Half-Life\valve\sound\sentences.txt]]]
[2026-03-29 22:33:26.054] [info][general] Worldspawn trace: #1158 map=c0a0 edict#0 classname=worldspawn pfnRandomLong [low=0, high=10, result=0, return=0x72A609A6, context=after pfnRandomLong [low=0, high=6, result=2, return=0x72A60999, context=after pfnFreeFile [D:\Steam\steamapps\common\Half-Life\valve\sound\sentences.txt]]]
[2026-03-29 22:33:26.054] [info][general] hl.dll engine callback: pfnRandomLong [low=0, high=10, result=0, return=0x72A609A6, context=after pfnRandomLong [low=0, high=6, result=2, return=0x72A60999, context=after pfnFreeFile [D:\Steam\steamapps\common\Half-Life\valve\sound\sentences.txt]]]
[2026-03-29 22:33:26.054] [info][general] Worldspawn trace: #1159 map=c0a0 edict#0 classname=worldspawn pfnRandomLong [low=0, high=10, result=5, return=0x72A60999, context=after pfnRandomLong [low=0, high=6, result=2, return=0x72A60999, context=after pfnFreeFile [D:\Steam\steamapps\common\Half-Life\valve\sound\sentences.txt]]]
[2026-03-29 22:33:26.055] [info][general] hl.dll engine callback: pfnRandomLong [low=0, high=10, result=5, return=0x72A60999, context=after pfnRandomLong [low=0, high=6, result=2, return=0x72A60999, context=after pfnFreeFile [D:\Steam\steamapps\common\Half-Life\valve\sound\sentences.txt]]]
[2026-03-29 22:33:26.055] [info][general] Worldspawn trace: #1160 map=c0a0 edict#0 classname=worldspawn pfnRandomLong [low=0, high=10, result=1, return=0x72A609A6, context=after pfnRandomLong [low=0, high=6, result=2, return=0x72A60999, context=after pfnFreeFile [D:\Steam\steamapps\common\Half-Life\valve\sound\sentences.txt]]]
[2026-03-29 22:33:26.055] [info][general] hl.dll engine callback: pfnRandomLong [low=0, high=10, result=1, return=0x72A609A6, context=after pfnRandomLong [low=0, high=6, result=2, return=0x72A60999, context=after pfnFreeFile [D:\Steam\steamapps\common\Half-Life\valve\sound\sentences.txt]]]
[2026-03-29 22:33:26.055] [info][general] Worldspawn trace: #1161 map=c0a0 edict#0 classname=worldspawn pfnRandomLong [low=0, high=10, result=10, return=0x72A60999, context=after pfnRandomLong [low=0, high=6, result=2, return=0x72A60999, context=after pfnFreeFile [D:\Steam\steamapps\common\Half-Life\valve\sound\sentences.txt]]]
[2026-03-29 22:33:26.055] [info][general] hl.dll engine callback: pfnRandomLong [low=0, high=10, result=10, return=0x72A60999, context=after pfnRandomLong [low=0, high=6, result=2, return=0x72A60999, context=after pfnFreeFile [D:\Steam\steamapps\common\Half-Life\valve\sound\sentences.txt]]]
[2026-03-29 22:33:26.056] [info][general] Worldspawn trace: #1162 map=c0a0 edict#0 classname=worldspawn pfnRandomLong [low=0, high=10, result=1, return=0x72A609A6, context=after pfnRandomLong [low=0, high=6, result=2, return=0x72A60999, context=after pfnFreeFile [D:\Steam\steamapps\common\Half-Life\valve\sound\sentences.txt]]]
[2026-03-29 22:33:26.056] [info][general] hl.dll engine callback: pfnRandomLong [low=0, high=10, result=1, return=0x72A609A6, context=after pfnRandomLong [low=0, high=6, result=2, return=0x72A60999, context=after pfnFreeFile [D:\Steam\steamapps\common\Half-Life\valve\sound\sentences.txt]]]
[2026-03-29 22:33:26.056] [info][general] Worldspawn trace: #1163 map=c0a0 edict#0 classname=worldspawn pfnRandomLong [low=0, high=10, result=0, return=0x72A60999, context=after pfnRandomLong [low=0, high=6, result=2, return=0x72A60999, context=after pfnFreeFile [D:\Steam\steamapps\common\Half-Life\valve\sound\sentences.txt]]]
[2026-03-29 22:33:26.056] [info][general] hl.dll engine callback: pfnRandomLong [low=0, high=10, result=0, return=0x72A60999, context=after pfnRandomLong [low=0, high=6, result=2, return=0x72A60999, context=after pfnFreeFile [D:\Steam\steamapps\common\Half-Life\valve\sound\sentences.txt]]]
[2026-03-29 22:33:26.056] [info][general] Worldspawn trace: #1164 map=c0a0 edict#0 classname=worldspawn pfnRandomLong [low=0, high=10, result=5, return=0x72A609A6, context=after pfnRandomLong [low=0, high=6, result=2, return=0x72A60999, context=after pfnFreeFile [D:\Steam\steamapps\common\Half-Life\valve\sound\sentences.txt]]]
[2026-03-29 22:33:26.056] [info][general] hl.dll engine callback: pfnRandomLong [low=0, high=10, result=5, return=0x72A609A6, context=after pfnRandomLong [low=0, high=6, result=2, return=0x72A60999, context=after pfnFreeFile [D:\Steam\steamapps\common\Half-Life\valve\sound\sentences.txt]]]
[2026-03-29 22:33:26.057] [info][general] Worldspawn trace: #1165 map=c0a0 edict#0 classname=worldspawn pfnRandomLong [low=0, high=10, result=0, return=0x72A60999, context=after pfnRandomLong [low=0, high=6, result=2, return=0x72A60999, context=after pfnFreeFile [D:\Steam\steamapps\common\Half-Life\valve\sound\sentences.txt]]]
[2026-03-29 22:33:26.057] [info][general] hl.dll engine callback: pfnRandomLong [low=0, high=10, result=0, return=0x72A60999, context=after pfnRandomLong [low=0, high=6, result=2, return=0x72A60999, context=after pfnFreeFile [D:\Steam\steamapps\common\Half-Life\valve\sound\sentences.txt]]]
[2026-03-29 22:33:26.057] [info][general] Worldspawn trace: #1166 map=c0a0 edict#0 classname=worldspawn pfnRandomLong [low=0, high=10, result=10, return=0x72A609A6, context=after pfnRandomLong [low=0, high=6, result=2, return=0x72A60999, context=after pfnFreeFile [D:\Steam\steamapps\common\Half-Life\valve\sound\sentences.txt]]]
[2026-03-29 22:33:26.057] [info][general] hl.dll engine callback: pfnRandomLong [low=0, high=10, result=10, return=0x72A609A6, context=after pfnRandomLong [low=0, high=6, result=2, return=0x72A60999, context=after pfnFreeFile [D:\Steam\steamapps\common\Half-Life\valve\sound\sentences.txt]]]
[2026-03-29 22:33:26.058] [info][general] Worldspawn trace: #1167 map=c0a0 edict#0 classname=worldspawn pfnRandomLong [low=0, high=10, result=10, return=0x72A60999, context=after pfnRandomLong [low=0, high=6, result=2, return=0x72A60999, context=after pfnFreeFile [D:\Steam\steamapps\common\Half-Life\valve\sound\sentences.txt]]]
[2026-03-29 22:33:26.058] [info][general] hl.dll engine callback: pfnRandomLong [low=0, high=10, result=10, return=0x72A60999, context=after pfnRandomLong [low=0, high=6, result=2, return=0x72A60999, context=after pfnFreeFile [D:\Steam\steamapps\common\Half-Life\valve\sound\sentences.txt]]]
[2026-03-29 22:33:26.058] [info][general] Worldspawn trace: #1168 map=c0a0 edict#0 classname=worldspawn pfnRandomLong [low=0, high=10, result=9, return=0x72A609A6, context=after pfnRandomLong [low=0, high=6, result=2, return=0x72A60999, context=after pfnFreeFile [D:\Steam\steamapps\common\Half-Life\valve\sound\sentences.txt]]]
[2026-03-29 22:33:26.058] [info][general] hl.dll engine callback: pfnRandomLong [low=0, high=10, result=9, return=0x72A609A6, context=after pfnRandomLong [low=0, high=6, result=2, return=0x72A60999, context=after pfnFreeFile [D:\Steam\steamapps\common\Half-Life\valve\sound\sentences.txt]]]
[2026-03-29 22:33:26.058] [info][general] Worldspawn trace: #1169 map=c0a0 edict#0 classname=worldspawn pfnRandomLong [low=0, high=10, result=1, return=0x72A60999, context=after pfnRandomLong [low=0, high=6, result=2, return=0x72A60999, context=after pfnFreeFile [D:\Steam\steamapps\common\Half-Life\valve\sound\sentences.txt]]]
[2026-03-29 22:33:26.059] [info][general] hl.dll engine callback: pfnRandomLong [low=0, high=10, result=1, return=0x72A60999, context=after pfnRandomLong [low=0, high=6, result=2, return=0x72A60999, context=after pfnFreeFile [D:\Steam\steamapps\common\Half-Life\valve\sound\sentences.txt]]]
[2026-03-29 22:33:26.059] [info][general] Worldspawn trace: #1170 map=c0a0 edict#0 classname=worldspawn pfnRandomLong [low=0, high=10, result=4, return=0x72A609A6, context=after pfnRandomLong [low=0, high=6, result=2, return=0x72A60999, context=after pfnFreeFile [D:\Steam\steamapps\common\Half-Life\valve\sound\sentences.txt]]]
[2026-03-29 22:33:26.059] [info][general] hl.dll engine callback: pfnRandomLong [low=0, high=10, result=4, return=0x72A609A6, context=after pfnRandomLong [low=0, high=6, result=2, return=0x72A60999, context=after pfnFreeFile [D:\Steam\steamapps\common\Half-Life\valve\sound\sentences.txt]]]
[2026-03-29 22:33:26.059] [info][general] Worldspawn trace: #1171 map=c0a0 edict#0 classname=worldspawn pfnRandomLong [low=0, high=10, result=1, return=0x72A60999, context=after pfnRandomLong [low=0, high=6, result=2, return=0x72A60999, context=after pfnFreeFile [D:\Steam\steamapps\common\Half-Life\valve\sound\sentences.txt]]]
[2026-03-29 22:33:26.060] [info][general] hl.dll engine callback: pfnRandomLong [low=0, high=10, result=1, return=0x72A60999, context=after pfnRandomLong [low=0, high=6, result=2, return=0x72A60999, context=after pfnFreeFile [D:\Steam\steamapps\common\Half-Life\valve\sound\sentences.txt]]]
[2026-03-29 22:33:26.060] [info][general] Worldspawn trace: #1172 map=c0a0 edict#0 classname=worldspawn pfnRandomLong [low=0, high=10, result=1, return=0x72A609A6, context=after pfnRandomLong [low=0, high=6, result=2, return=0x72A60999, context=after pfnFreeFile [D:\Steam\steamapps\common\Half-Life\valve\sound\sentences.txt]]]
[2026-03-29 22:33:26.060] [info][general] hl.dll engine callback: pfnRandomLong [low=0, high=10, result=1, return=0x72A609A6, context=after pfnRandomLong [low=0, high=6, result=2, return=0x72A60999, context=after pfnFreeFile [D:\Steam\steamapps\common\Half-Life\valve\sound\sentences.txt]]]
[2026-03-29 22:33:26.060] [info][general] Worldspawn trace: #1173 map=c0a0 edict#0 classname=worldspawn pfnRandomLong [low=0, high=10, result=4, return=0x72A60999, context=after pfnRandomLong [low=0, high=6, result=2, return=0x72A60999, context=after pfnFreeFile [D:\Steam\steamapps\common\Half-Life\valve\sound\sentences.txt]]]
[2026-03-29 22:33:26.060] [info][general] hl.dll engine callback: pfnRandomLong [low=0, high=10, result=4, return=0x72A60999, context=after pfnRandomLong [low=0, high=6, result=2, return=0x72A60999, context=after pfnFreeFile [D:\Steam\steamapps\common\Half-Life\valve\sound\sentences.txt]]]
[2026-03-29 22:33:26.061] [info][general] Worldspawn trace: #1174 map=c0a0 edict#0 classname=worldspawn pfnRandomLong [low=0, high=10, result=1, return=0x72A609A6, context=after pfnRandomLong [low=0, high=6, result=2, return=0x72A60999, context=after pfnFreeFile [D:\Steam\steamapps\common\Half-Life\valve\sound\sentences.txt]]]
[2026-03-29 22:33:26.061] [info][general] hl.dll engine callback: pfnRandomLong [low=0, high=10, result=1, return=0x72A609A6, context=after pfnRandomLong [low=0, high=6, result=2, return=0x72A60999, context=after pfnFreeFile [D:\Steam\steamapps\common\Half-Life\valve\sound\sentences.txt]]]
[2026-03-29 22:33:26.061] [info][general] Worldspawn trace: #1175 map=c0a0 edict#0 classname=worldspawn pfnRandomLong [low=0, high=10, result=10, return=0x72A60999, context=after pfnRandomLong [low=0, high=6, result=2, return=0x72A60999, context=after pfnFreeFile [D:\Steam\steamapps\common\Half-Life\valve\sound\sentences.txt]]]
[2026-03-29 22:33:26.061] [info][general] hl.dll engine callback: pfnRandomLong [low=0, high=10, result=10, return=0x72A60999, context=after pfnRandomLong [low=0, high=6, result=2, return=0x72A60999, context=after pfnFreeFile [D:\Steam\steamapps\common\Half-Life\valve\sound\sentences.txt]]]
[2026-03-29 22:33:26.061] [info][general] Worldspawn trace: #1176 map=c0a0 edict#0 classname=worldspawn pfnRandomLong [low=0, high=10, result=2, return=0x72A609A6, context=after pfnRandomLong [low=0, high=6, result=2, return=0x72A60999, context=after pfnFreeFile [D:\Steam\steamapps\common\Half-Life\valve\sound\sentences.txt]]]
[2026-03-29 22:33:26.061] [info][general] hl.dll engine callback: pfnRandomLong [low=0, high=10, result=2, return=0x72A609A6, context=after pfnRandomLong [low=0, high=6, result=2, return=0x72A60999, context=after pfnFreeFile [D:\Steam\steamapps\common\Half-Life\valve\sound\sentences.txt]]]
[2026-03-29 22:33:26.062] [info][general] Worldspawn trace: #1177 map=c0a0 edict#0 classname=worldspawn pfnRandomLong [low=0, high=10, result=3, return=0x72A60999, context=after pfnRandomLong [low=0, high=6, result=2, return=0x72A60999, context=after pfnFreeFile [D:\Steam\steamapps\common\Half-Life\valve\sound\sentences.txt]]]
[2026-03-29 22:33:26.062] [info][general] hl.dll engine callback: pfnRandomLong [low=0, high=10, result=3, return=0x72A60999, context=after pfnRandomLong [low=0, high=6, result=2, return=0x72A60999, context=after pfnFreeFile [D:\Steam\steamapps\common\Half-Life\valve\sound\sentences.txt]]]
[2026-03-29 22:33:26.062] [info][general] Worldspawn trace: #1178 map=c0a0 edict#0 classname=worldspawn pfnRandomLong [low=0, high=10, result=0, return=0x72A609A6, context=after pfnRandomLong [low=0, high=6, result=2, return=0x72A60999, context=after pfnFreeFile [D:\Steam\steamapps\common\Half-Life\valve\sound\sentences.txt]]]
[2026-03-29 22:33:26.062] [info][general] hl.dll engine callback: pfnRandomLong [low=0, high=10, result=0, return=0x72A609A6, context=after pfnRandomLong [low=0, high=6, result=2, return=0x72A60999, context=after pfnFreeFile [D:\Steam\steamapps\common\Half-Life\valve\sound\sentences.txt]]]
[2026-03-29 22:33:26.062] [info][general] Worldspawn trace: #1179 map=c0a0 edict#0 classname=worldspawn pfnRandomLong [low=0, high=10, result=6, return=0x72A60999, context=after pfnRandomLong [low=0, high=6, result=2, return=0x72A60999, context=after pfnFreeFile [D:\Steam\steamapps\common\Half-Life\valve\sound\sentences.txt]]]
[2026-03-29 22:33:26.062] [info][general] hl.dll engine callback: pfnRandomLong [low=0, high=10, result=6, return=0x72A60999, context=after pfnRandomLong [low=0, high=6, result=2, return=0x72A60999, context=after pfnFreeFile [D:\Steam\steamapps\common\Half-Life\valve\sound\sentences.txt]]]
[2026-03-29 22:33:26.063] [info][general] Worldspawn trace: #1180 map=c0a0 edict#0 classname=worldspawn pfnRandomLong [low=0, high=10, result=0, return=0x72A609A6, context=after pfnRandomLong [low=0, high=6, result=2, return=0x72A60999, context=after pfnFreeFile [D:\Steam\steamapps\common\Half-Life\valve\sound\sentences.txt]]]
[2026-03-29 22:33:26.063] [info][general] hl.dll engine callback: pfnRandomLong [low=0, high=10, result=0, return=0x72A609A6, context=after pfnRandomLong [low=0, high=6, result=2, return=0x72A60999, context=after pfnFreeFile [D:\Steam\steamapps\common\Half-Life\valve\sound\sentences.txt]]]
[2026-03-29 22:33:26.063] [info][general] Worldspawn trace: #1181 map=c0a0 edict#0 classname=worldspawn pfnRandomLong [low=0, high=10, result=7, return=0x72A60999, context=after pfnRandomLong [low=0, high=6, result=2, return=0x72A60999, context=after pfnFreeFile [D:\Steam\steamapps\common\Half-Life\valve\sound\sentences.txt]]]
[2026-03-29 22:33:26.063] [info][general] hl.dll engine callback: pfnRandomLong [low=0, high=10, result=7, return=0x72A60999, context=after pfnRandomLong [low=0, high=6, result=2, return=0x72A60999, context=after pfnFreeFile [D:\Steam\steamapps\common\Half-Life\valve\sound\sentences.txt]]]
[2026-03-29 22:33:26.063] [info][general] Worldspawn trace: #1182 map=c0a0 edict#0 classname=worldspawn pfnRandomLong [low=0, high=10, result=6, return=0x72A609A6, context=after pfnRandomLong [low=0, high=6, result=2, return=0x72A60999, context=after pfnFreeFile [D:\Steam\steamapps\common\Half-Life\valve\sound\sentences.txt]]]
[2026-03-29 22:33:26.063] [info][general] hl.dll engine callback: pfnRandomLong [low=0, high=10, result=6, return=0x72A609A6, context=after pfnRandomLong [low=0, high=6, result=2, return=0x72A60999, context=after pfnFreeFile [D:\Steam\steamapps\common\Half-Life\valve\sound\sentences.txt]]]
[2026-03-29 22:33:26.064] [info][general] Worldspawn trace: #1183 map=c0a0 edict#0 classname=worldspawn pfnRandomLong [low=0, high=10, result=5, return=0x72A60999, context=after pfnRandomLong [low=0, high=6, result=2, return=0x72A60999, context=after pfnFreeFile [D:\Steam\steamapps\common\Half-Life\valve\sound\sentences.txt]]]
[2026-03-29 22:33:26.064] [info][general] hl.dll engine callback: pfnRandomLong [low=0, high=10, result=5, return=0x72A60999, context=after pfnRandomLong [low=0, high=6, result=2, return=0x72A60999, context=after pfnFreeFile [D:\Steam\steamapps\common\Half-Life\valve\sound\sentences.txt]]]
[2026-03-29 22:33:26.064] [info][general] Worldspawn trace: #1184 map=c0a0 edict#0 classname=worldspawn pfnRandomLong [low=0, high=10, result=8, return=0x72A609A6, context=after pfnRandomLong [low=0, high=6, result=2, return=0x72A60999, context=after pfnFreeFile [D:\Steam\steamapps\common\Half-Life\valve\sound\sentences.txt]]]
[2026-03-29 22:33:26.064] [info][general] hl.dll engine callback: pfnRandomLong [low=0, high=10, result=8, return=0x72A609A6, context=after pfnRandomLong [low=0, high=6, result=2, return=0x72A60999, context=after pfnFreeFile [D:\Steam\steamapps\common\Half-Life\valve\sound\sentences.txt]]]
[2026-03-29 22:33:26.064] [info][general] Worldspawn trace: #1185 map=c0a0 edict#0 classname=worldspawn pfnRandomLong [low=0, high=10, result=8, return=0x72A60999, context=after pfnRandomLong [low=0, high=6, result=2, return=0x72A60999, context=after pfnFreeFile [D:\Steam\steamapps\common\Half-Life\valve\sound\sentences.txt]]]
[2026-03-29 22:33:26.065] [info][general] hl.dll engine callback: pfnRandomLong [low=0, high=10, result=8, return=0x72A60999, context=after pfnRandomLong [low=0, high=6, result=2, return=0x72A60999, context=after pfnFreeFile [D:\Steam\steamapps\common\Half-Life\valve\sound\sentences.txt]]]
[2026-03-29 22:33:26.065] [info][general] Worldspawn trace: #1186 map=c0a0 edict#0 classname=worldspawn pfnRandomLong [low=0, high=10, result=9, return=0x72A609A6, context=after pfnRandomLong [low=0, high=6, result=2, return=0x72A60999, context=after pfnFreeFile [D:\Steam\steamapps\common\Half-Life\valve\sound\sentences.txt]]]
[2026-03-29 22:33:26.065] [info][general] hl.dll engine callback: pfnRandomLong [low=0, high=10, result=9, return=0x72A609A6, context=after pfnRandomLong [low=0, high=6, result=2, return=0x72A60999, context=after pfnFreeFile [D:\Steam\steamapps\common\Half-Life\valve\sound\sentences.txt]]]
[2026-03-29 22:33:26.065] [info][general] Worldspawn trace: #1187 map=c0a0 edict#0 classname=worldspawn pfnRandomLong [low=0, high=10, result=3, return=0x72A60999, context=after pfnRandomLong [low=0, high=6, result=2, return=0x72A60999, context=after pfnFreeFile [D:\Steam\steamapps\common\Half-Life\valve\sound\sentences.txt]]]
[2026-03-29 22:33:26.065] [info][general] hl.dll engine callback: pfnRandomLong [low=0, high=10, result=3, return=0x72A60999, context=after pfnRandomLong [low=0, high=6, result=2, return=0x72A60999, context=after pfnFreeFile [D:\Steam\steamapps\common\Half-Life\valve\sound\sentences.txt]]]
[2026-03-29 22:33:26.066] [info][general] Worldspawn trace: #1188 map=c0a0 edict#0 classname=worldspawn pfnRandomLong [low=0, high=10, result=3, return=0x72A609A6, context=after pfnRandomLong [low=0, high=6, result=2, return=0x72A60999, context=after pfnFreeFile [D:\Steam\steamapps\common\Half-Life\valve\sound\sentences.txt]]]
[2026-03-29 22:33:26.066] [info][general] hl.dll engine callback: pfnRandomLong [low=0, high=10, result=3, return=0x72A609A6, context=after pfnRandomLong [low=0, high=6, result=2, return=0x72A60999, context=after pfnFreeFile [D:\Steam\steamapps\common\Half-Life\valve\sound\sentences.txt]]]
[2026-03-29 22:33:26.066] [info][general] Worldspawn trace: #1189 map=c0a0 edict#0 classname=worldspawn pfnRandomLong [low=0, high=10, result=0, return=0x72A60999, context=after pfnRandomLong [low=0, high=6, result=2, return=0x72A60999, context=after pfnFreeFile [D:\Steam\steamapps\common\Half-Life\valve\sound\sentences.txt]]]
[2026-03-29 22:33:26.066] [info][general] hl.dll engine callback: pfnRandomLong [low=0, high=10, result=0, return=0x72A60999, context=after pfnRandomLong [low=0, high=6, result=2, return=0x72A60999, context=after pfnFreeFile [D:\Steam\steamapps\common\Half-Life\valve\sound\sentences.txt]]]
[2026-03-29 22:33:26.067] [info][general] Worldspawn trace: #1190 map=c0a0 edict#0 classname=worldspawn pfnRandomLong [low=0, high=10, result=1, return=0x72A609A6, context=after pfnRandomLong [low=0, high=6, result=2, return=0x72A60999, context=after pfnFreeFile [D:\Steam\steamapps\common\Half-Life\valve\sound\sentences.txt]]]
[2026-03-29 22:33:26.067] [info][general] hl.dll engine callback: pfnRandomLong [low=0, high=10, result=1, return=0x72A609A6, context=after pfnRandomLong [low=0, high=6, result=2, return=0x72A60999, context=after pfnFreeFile [D:\Steam\steamapps\common\Half-Life\valve\sound\sentences.txt]]]
[2026-03-29 22:33:26.067] [info][general] Worldspawn trace: #1191 map=c0a0 edict#0 classname=worldspawn pfnRandomLong [low=0, high=10, result=10, return=0x72A60999, context=after pfnRandomLong [low=0, high=6, result=2, return=0x72A60999, context=after pfnFreeFile [D:\Steam\steamapps\common\Half-Life\valve\sound\sentences.txt]]]
[2026-03-29 22:33:26.067] [info][general] hl.dll engine callback: pfnRandomLong [low=0, high=10, result=10, return=0x72A60999, context=after pfnRandomLong [low=0, high=6, result=2, return=0x72A60999, context=after pfnFreeFile [D:\Steam\steamapps\common\Half-Life\valve\sound\sentences.txt]]]
[2026-03-29 22:33:26.067] [info][general] Worldspawn trace: #1192 map=c0a0 edict#0 classname=worldspawn pfnRandomLong [low=0, high=10, result=1, return=0x72A609A6, context=after pfnRandomLong [low=0, high=6, result=2, return=0x72A60999, context=after pfnFreeFile [D:\Steam\steamapps\common\Half-Life\valve\sound\sentences.txt]]]
[2026-03-29 22:33:26.067] [info][general] hl.dll engine callback: pfnRandomLong [low=0, high=10, result=1, return=0x72A609A6, context=after pfnRandomLong [low=0, high=6, result=2, return=0x72A60999, context=after pfnFreeFile [D:\Steam\steamapps\common\Half-Life\valve\sound\sentences.txt]]]
[2026-03-29 22:33:26.068] [info][general] Worldspawn trace: #1193 map=c0a0 edict#0 classname=worldspawn pfnRandomLong [low=0, high=10, result=5, return=0x72A60999, context=after pfnRandomLong [low=0, high=6, result=2, return=0x72A60999, context=after pfnFreeFile [D:\Steam\steamapps\common\Half-Life\valve\sound\sentences.txt]]]
[2026-03-29 22:33:26.068] [info][general] hl.dll engine callback: pfnRandomLong [low=0, high=10, result=5, return=0x72A60999, context=after pfnRandomLong [low=0, high=6, result=2, return=0x72A60999, context=after pfnFreeFile [D:\Steam\steamapps\common\Half-Life\valve\sound\sentences.txt]]]
[2026-03-29 22:33:26.068] [info][general] Worldspawn trace: #1194 map=c0a0 edict#0 classname=worldspawn pfnRandomLong [low=0, high=10, result=8, return=0x72A609A6, context=after pfnRandomLong [low=0, high=6, result=2, return=0x72A60999, context=after pfnFreeFile [D:\Steam\steamapps\common\Half-Life\valve\sound\sentences.txt]]]
[2026-03-29 22:33:26.068] [info][general] hl.dll engine callback: pfnRandomLong [low=0, high=10, result=8, return=0x72A609A6, context=after pfnRandomLong [low=0, high=6, result=2, return=0x72A60999, context=after pfnFreeFile [D:\Steam\steamapps\common\Half-Life\valve\sound\sentences.txt]]]
[2026-03-29 22:33:26.068] [info][general] Worldspawn trace: #1195 map=c0a0 edict#0 classname=worldspawn pfnRandomLong [low=0, high=10, result=7, return=0x72A60999, context=after pfnRandomLong [low=0, high=6, result=2, return=0x72A60999, context=after pfnFreeFile [D:\Steam\steamapps\common\Half-Life\valve\sound\sentences.txt]]]
[2026-03-29 22:33:26.069] [info][general] hl.dll engine callback: pfnRandomLong [low=0, high=10, result=7, return=0x72A60999, context=after pfnRandomLong [low=0, high=6, result=2, return=0x72A60999, context=after pfnFreeFile [D:\Steam\steamapps\common\Half-Life\valve\sound\sentences.txt]]]
[2026-03-29 22:33:26.069] [info][general] Worldspawn trace: #1196 map=c0a0 edict#0 classname=worldspawn pfnRandomLong [low=0, high=10, result=10, return=0x72A609A6, context=after pfnRandomLong [low=0, high=6, result=2, return=0x72A60999, context=after pfnFreeFile [D:\Steam\steamapps\common\Half-Life\valve\sound\sentences.txt]]]
[2026-03-29 22:33:26.069] [info][general] hl.dll engine callback: pfnRandomLong [low=0, high=10, result=10, return=0x72A609A6, context=after pfnRandomLong [low=0, high=6, result=2, return=0x72A60999, context=after pfnFreeFile [D:\Steam\steamapps\common\Half-Life\valve\sound\sentences.txt]]]
[2026-03-29 22:33:26.069] [info][general] Worldspawn trace: #1197 map=c0a0 edict#0 classname=worldspawn pfnRandomLong [low=0, high=10, result=8, return=0x72A60999, context=after pfnRandomLong [low=0, high=6, result=2, return=0x72A60999, context=after pfnFreeFile [D:\Steam\steamapps\common\Half-Life\valve\sound\sentences.txt]]]
[2026-03-29 22:33:26.069] [info][general] hl.dll engine callback: pfnRandomLong [low=0, high=10, result=8, return=0x72A60999, context=after pfnRandomLong [low=0, high=6, result=2, return=0x72A60999, context=after pfnFreeFile [D:\Steam\steamapps\common\Half-Life\valve\sound\sentences.txt]]]
[2026-03-29 22:33:26.069] [info][general] Worldspawn trace: #1198 map=c0a0 edict#0 classname=worldspawn pfnRandomLong [low=0, high=10, result=8, return=0x72A609A6, context=after pfnRandomLong [low=0, high=6, result=2, return=0x72A60999, context=after pfnFreeFile [D:\Steam\steamapps\common\Half-Life\valve\sound\sentences.txt]]]
[2026-03-29 22:33:26.070] [info][general] hl.dll engine callback: pfnRandomLong [low=0, high=10, result=8, return=0x72A609A6, context=after pfnRandomLong [low=0, high=6, result=2, return=0x72A60999, context=after pfnFreeFile [D:\Steam\steamapps\common\Half-Life\valve\sound\sentences.txt]]]
[2026-03-29 22:33:26.070] [info][general] Worldspawn trace: #1199 map=c0a0 edict#0 classname=worldspawn pfnRandomLong [low=0, high=10, result=1, return=0x72A60999, context=after pfnRandomLong [low=0, high=6, result=2, return=0x72A60999, context=after pfnFreeFile [D:\Steam\steamapps\common\Half-Life\valve\sound\sentences.txt]]]
[2026-03-29 22:33:26.070] [info][general] hl.dll engine callback: pfnRandomLong [low=0, high=10, result=1, return=0x72A60999, context=after pfnRandomLong [low=0, high=6, result=2, return=0x72A60999, context=after pfnFreeFile [D:\Steam\steamapps\common\Half-Life\valve\sound\sentences.txt]]]
[2026-03-29 22:33:26.070] [info][general] Worldspawn trace: #1200 map=c0a0 edict#0 classname=worldspawn pfnRandomLong [low=0, high=10, result=4, return=0x72A609A6, context=after pfnRandomLong [low=0, high=6, result=2, return=0x72A60999, context=after pfnFreeFile [D:\Steam\steamapps\common\Half-Life\valve\sound\sentences.txt]]]
[2026-03-29 22:33:26.070] [info][general] hl.dll engine callback: pfnRandomLong [low=0, high=10, result=4, return=0x72A609A6, context=after pfnRandomLong [low=0, high=6, result=2, return=0x72A60999, context=after pfnFreeFile [D:\Steam\steamapps\common\Half-Life\valve\sound\sentences.txt]]]
[2026-03-29 22:33:26.071] [info][general] Worldspawn trace: #1201 map=c0a0 edict#0 classname=worldspawn pfnRandomLong [low=0, high=10, result=7, return=0x72A60999, context=after pfnRandomLong [low=0, high=6, result=2, return=0x72A60999, context=after pfnFreeFile [D:\Steam\steamapps\common\Half-Life\valve\sound\sentences.txt]]]
[2026-03-29 22:33:26.071] [info][general] hl.dll engine callback: pfnRandomLong [low=0, high=10, result=7, return=0x72A60999, context=after pfnRandomLong [low=0, high=6, result=2, return=0x72A60999, context=after pfnFreeFile [D:\Steam\steamapps\common\Half-Life\valve\sound\sentences.txt]]]
[2026-03-29 22:33:26.071] [info][general] Worldspawn trace: #1202 map=c0a0 edict#0 classname=worldspawn pfnRandomLong [low=0, high=10, result=0, return=0x72A609A6, context=after pfnRandomLong [low=0, high=6, result=2, return=0x72A60999, context=after pfnFreeFile [D:\Steam\steamapps\common\Half-Life\valve\sound\sentences.txt]]]
[2026-03-29 22:33:26.071] [info][general] hl.dll engine callback: pfnRandomLong [low=0, high=10, result=0, return=0x72A609A6, context=after pfnRandomLong [low=0, high=6, result=2, return=0x72A60999, context=after pfnFreeFile [D:\Steam\steamapps\common\Half-Life\valve\sound\sentences.txt]]]
[2026-03-29 22:33:26.071] [info][general] Worldspawn trace: #1203 map=c0a0 edict#0 classname=worldspawn pfnRandomLong [low=0, high=10, result=2, return=0x72A60999, context=after pfnRandomLong [low=0, high=6, result=2, return=0x72A60999, context=after pfnFreeFile [D:\Steam\steamapps\common\Half-Life\valve\sound\sentences.txt]]]
[2026-03-29 22:33:26.071] [info][general] hl.dll engine callback: pfnRandomLong [low=0, high=10, result=2, return=0x72A60999, context=after pfnRandomLong [low=0, high=6, result=2, return=0x72A60999, context=after pfnFreeFile [D:\Steam\steamapps\common\Half-Life\valve\sound\sentences.txt]]]
[2026-03-29 22:33:26.072] [info][general] Worldspawn trace: #1204 map=c0a0 edict#0 classname=worldspawn pfnRandomLong [low=0, high=10, result=6, return=0x72A609A6, context=after pfnRandomLong [low=0, high=6, result=2, return=0x72A60999, context=after pfnFreeFile [D:\Steam\steamapps\common\Half-Life\valve\sound\sentences.txt]]]
[2026-03-29 22:33:26.072] [info][general] hl.dll engine callback: pfnRandomLong [low=0, high=10, result=6, return=0x72A609A6, context=after pfnRandomLong [low=0, high=6, result=2, return=0x72A60999, context=after pfnFreeFile [D:\Steam\steamapps\common\Half-Life\valve\sound\sentences.txt]]]
[2026-03-29 22:33:26.072] [info][general] Worldspawn trace: #1205 map=c0a0 edict#0 classname=worldspawn pfnRandomLong [low=0, high=10, result=1, return=0x72A60999, context=after pfnRandomLong [low=0, high=6, result=2, return=0x72A60999, context=after pfnFreeFile [D:\Steam\steamapps\common\Half-Life\valve\sound\sentences.txt]]]
[2026-03-29 22:33:26.072] [info][general] hl.dll engine callback: pfnRandomLong [low=0, high=10, result=1, return=0x72A60999, context=after pfnRandomLong [low=0, high=6, result=2, return=0x72A60999, context=after pfnFreeFile [D:\Steam\steamapps\common\Half-Life\valve\sound\sentences.txt]]]
[2026-03-29 22:33:26.073] [info][general] Worldspawn trace: #1206 map=c0a0 edict#0 classname=worldspawn pfnRandomLong [low=0, high=10, result=4, return=0x72A609A6, context=after pfnRandomLong [low=0, high=6, result=2, return=0x72A60999, context=after pfnFreeFile [D:\Steam\steamapps\common\Half-Life\valve\sound\sentences.txt]]]
[2026-03-29 22:33:26.073] [info][general] hl.dll engine callback: pfnRandomLong [low=0, high=10, result=4, return=0x72A609A6, context=after pfnRandomLong [low=0, high=6, result=2, return=0x72A60999, context=after pfnFreeFile [D:\Steam\steamapps\common\Half-Life\valve\sound\sentences.txt]]]
[2026-03-29 22:33:26.073] [info][general] Worldspawn trace: #1207 map=c0a0 edict#0 classname=worldspawn pfnRandomLong [low=0, high=10, result=8, return=0x72A60999, context=after pfnRandomLong [low=0, high=6, result=2, return=0x72A60999, context=after pfnFreeFile [D:\Steam\steamapps\common\Half-Life\valve\sound\sentences.txt]]]
[2026-03-29 22:33:26.074] [info][general] hl.dll engine callback: pfnRandomLong [low=0, high=10, result=8, return=0x72A60999, context=after pfnRandomLong [low=0, high=6, result=2, return=0x72A60999, context=after pfnFreeFile [D:\Steam\steamapps\common\Half-Life\valve\sound\sentences.txt]]]
[2026-03-29 22:33:26.074] [info][general] Worldspawn trace: #1208 map=c0a0 edict#0 classname=worldspawn pfnRandomLong [low=0, high=10, result=7, return=0x72A609A6, context=after pfnRandomLong [low=0, high=6, result=2, return=0x72A60999, context=after pfnFreeFile [D:\Steam\steamapps\common\Half-Life\valve\sound\sentences.txt]]]
[2026-03-29 22:33:26.074] [info][general] hl.dll engine callback: pfnRandomLong [low=0, high=10, result=7, return=0x72A609A6, context=after pfnRandomLong [low=0, high=6, result=2, return=0x72A60999, context=after pfnFreeFile [D:\Steam\steamapps\common\Half-Life\valve\sound\sentences.txt]]]
[2026-03-29 22:33:26.074] [info][general] Worldspawn trace: #1209 map=c0a0 edict#0 classname=worldspawn pfnRandomLong [low=0, high=10, result=1, return=0x72A60999, context=after pfnRandomLong [low=0, high=6, result=2, return=0x72A60999, context=after pfnFreeFile [D:\Steam\steamapps\common\Half-Life\valve\sound\sentences.txt]]]
[2026-03-29 22:33:26.074] [info][general] hl.dll engine callback: pfnRandomLong [low=0, high=10, result=1, return=0x72A60999, context=after pfnRandomLong [low=0, high=6, result=2, return=0x72A60999, context=after pfnFreeFile [D:\Steam\steamapps\common\Half-Life\valve\sound\sentences.txt]]]
[2026-03-29 22:33:26.075] [info][general] Worldspawn trace: #1210 map=c0a0 edict#0 classname=worldspawn pfnRandomLong [low=0, high=10, result=5, return=0x72A609A6, context=after pfnRandomLong [low=0, high=6, result=2, return=0x72A60999, context=after pfnFreeFile [D:\Steam\steamapps\common\Half-Life\valve\sound\sentences.txt]]]
[2026-03-29 22:33:26.075] [info][general] hl.dll engine callback: pfnRandomLong [low=0, high=10, result=5, return=0x72A609A6, context=after pfnRandomLong [low=0, high=6, result=2, return=0x72A60999, context=after pfnFreeFile [D:\Steam\steamapps\common\Half-Life\valve\sound\sentences.txt]]]
[2026-03-29 22:33:26.075] [info][general] Worldspawn trace: #1211 map=c0a0 edict#0 classname=worldspawn pfnRandomLong [low=0, high=10, result=2, return=0x72A60999, context=after pfnRandomLong [low=0, high=6, result=2, return=0x72A60999, context=after pfnFreeFile [D:\Steam\steamapps\common\Half-Life\valve\sound\sentences.txt]]]
[2026-03-29 22:33:26.075] [info][general] hl.dll engine callback: pfnRandomLong [low=0, high=10, result=2, return=0x72A60999, context=after pfnRandomLong [low=0, high=6, result=2, return=0x72A60999, context=after pfnFreeFile [D:\Steam\steamapps\common\Half-Life\valve\sound\sentences.txt]]]
[2026-03-29 22:33:26.075] [info][general] Worldspawn trace: #1212 map=c0a0 edict#0 classname=worldspawn pfnRandomLong [low=0, high=10, result=1, return=0x72A609A6, context=after pfnRandomLong [low=0, high=6, result=2, return=0x72A60999, context=after pfnFreeFile [D:\Steam\steamapps\common\Half-Life\valve\sound\sentences.txt]]]
[2026-03-29 22:33:26.075] [info][general] hl.dll engine callback: pfnRandomLong [low=0, high=10, result=1, return=0x72A609A6, context=after pfnRandomLong [low=0, high=6, result=2, return=0x72A60999, context=after pfnFreeFile [D:\Steam\steamapps\common\Half-Life\valve\sound\sentences.txt]]]
[2026-03-29 22:33:26.076] [info][general] Worldspawn trace: #1213 map=c0a0 edict#0 classname=worldspawn pfnRandomLong [low=0, high=10, result=10, return=0x72A60999, context=after pfnRandomLong [low=0, high=6, result=2, return=0x72A60999, context=after pfnFreeFile [D:\Steam\steamapps\common\Half-Life\valve\sound\sentences.txt]]]
[2026-03-29 22:33:26.076] [info][general] hl.dll engine callback: pfnRandomLong [low=0, high=10, result=10, return=0x72A60999, context=after pfnRandomLong [low=0, high=6, result=2, return=0x72A60999, context=after pfnFreeFile [D:\Steam\steamapps\common\Half-Life\valve\sound\sentences.txt]]]
[2026-03-29 22:33:26.076] [info][general] Worldspawn trace: #1214 map=c0a0 edict#0 classname=worldspawn pfnRandomLong [low=0, high=10, result=9, return=0x72A609A6, context=after pfnRandomLong [low=0, high=6, result=2, return=0x72A60999, context=after pfnFreeFile [D:\Steam\steamapps\common\Half-Life\valve\sound\sentences.txt]]]
[2026-03-29 22:33:26.076] [info][general] hl.dll engine callback: pfnRandomLong [low=0, high=10, result=9, return=0x72A609A6, context=after pfnRandomLong [low=0, high=6, result=2, return=0x72A60999, context=after pfnFreeFile [D:\Steam\steamapps\common\Half-Life\valve\sound\sentences.txt]]]
[2026-03-29 22:33:26.076] [info][general] Worldspawn trace: #1215 map=c0a0 edict#0 classname=worldspawn pfnRandomLong [low=0, high=10, result=2, return=0x72A60999, context=after pfnRandomLong [low=0, high=6, result=2, return=0x72A60999, context=after pfnFreeFile [D:\Steam\steamapps\common\Half-Life\valve\sound\sentences.txt]]]
[2026-03-29 22:33:26.077] [info][general] hl.dll engine callback: pfnRandomLong [low=0, high=10, result=2, return=0x72A60999, context=after pfnRandomLong [low=0, high=6, result=2, return=0x72A60999, context=after pfnFreeFile [D:\Steam\steamapps\common\Half-Life\valve\sound\sentences.txt]]]
[2026-03-29 22:33:26.077] [info][general] Worldspawn trace: #1216 map=c0a0 edict#0 classname=worldspawn pfnRandomLong [low=0, high=10, result=10, return=0x72A609A6, context=after pfnRandomLong [low=0, high=6, result=2, return=0x72A60999, context=after pfnFreeFile [D:\Steam\steamapps\common\Half-Life\valve\sound\sentences.txt]]]
[2026-03-29 22:33:26.077] [info][general] hl.dll engine callback: pfnRandomLong [low=0, high=10, result=10, return=0x72A609A6, context=after pfnRandomLong [low=0, high=6, result=2, return=0x72A60999, context=after pfnFreeFile [D:\Steam\steamapps\common\Half-Life\valve\sound\sentences.txt]]]
[2026-03-29 22:33:26.077] [info][general] Worldspawn trace: #1217 map=c0a0 edict#0 classname=worldspawn pfnRandomLong [low=0, high=10, result=9, return=0x72A60999, context=after pfnRandomLong [low=0, high=6, result=2, return=0x72A60999, context=after pfnFreeFile [D:\Steam\steamapps\common\Half-Life\valve\sound\sentences.txt]]]
[2026-03-29 22:33:26.077] [info][general] hl.dll engine callback: pfnRandomLong [low=0, high=10, result=9, return=0x72A60999, context=after pfnRandomLong [low=0, high=6, result=2, return=0x72A60999, context=after pfnFreeFile [D:\Steam\steamapps\common\Half-Life\valve\sound\sentences.txt]]]
[2026-03-29 22:33:26.078] [info][general] Worldspawn trace: #1218 map=c0a0 edict#0 classname=worldspawn pfnRandomLong [low=0, high=10, result=5, return=0x72A609A6, context=after pfnRandomLong [low=0, high=6, result=2, return=0x72A60999, context=after pfnFreeFile [D:\Steam\steamapps\common\Half-Life\valve\sound\sentences.txt]]]
[2026-03-29 22:33:26.078] [info][general] hl.dll engine callback: pfnRandomLong [low=0, high=10, result=5, return=0x72A609A6, context=after pfnRandomLong [low=0, high=6, result=2, return=0x72A60999, context=after pfnFreeFile [D:\Steam\steamapps\common\Half-Life\valve\sound\sentences.txt]]]
[2026-03-29 22:33:26.078] [info][general] Worldspawn trace: #1219 map=c0a0 edict#0 classname=worldspawn pfnRandomLong [low=0, high=10, result=10, return=0x72A60999, context=after pfnRandomLong [low=0, high=6, result=2, return=0x72A60999, context=after pfnFreeFile [D:\Steam\steamapps\common\Half-Life\valve\sound\sentences.txt]]]
[2026-03-29 22:33:26.078] [info][general] hl.dll engine callback: pfnRandomLong [low=0, high=10, result=10, return=0x72A60999, context=after pfnRandomLong [low=0, high=6, result=2, return=0x72A60999, context=after pfnFreeFile [D:\Steam\steamapps\common\Half-Life\valve\sound\sentences.txt]]]
[2026-03-29 22:33:26.079] [info][general] Worldspawn trace: #1220 map=c0a0 edict#0 classname=worldspawn pfnRandomLong [low=0, high=10, result=1, return=0x72A609A6, context=after pfnRandomLong [low=0, high=6, result=2, return=0x72A60999, context=after pfnFreeFile [D:\Steam\steamapps\common\Half-Life\valve\sound\sentences.txt]]]
[2026-03-29 22:33:26.079] [info][general] hl.dll engine callback: pfnRandomLong [low=0, high=10, result=1, return=0x72A609A6, context=after pfnRandomLong [low=0, high=6, result=2, return=0x72A60999, context=after pfnFreeFile [D:\Steam\steamapps\common\Half-Life\valve\sound\sentences.txt]]]
[2026-03-29 22:33:26.079] [info][general] Worldspawn trace: #1221 map=c0a0 edict#0 classname=worldspawn pfnRandomLong [low=0, high=10, result=1, return=0x72A60999, context=after pfnRandomLong [low=0, high=6, result=2, return=0x72A60999, context=after pfnFreeFile [D:\Steam\steamapps\common\Half-Life\valve\sound\sentences.txt]]]
[2026-03-29 22:33:26.079] [info][general] hl.dll engine callback: pfnRandomLong [low=0, high=10, result=1, return=0x72A60999, context=after pfnRandomLong [low=0, high=6, result=2, return=0x72A60999, context=after pfnFreeFile [D:\Steam\steamapps\common\Half-Life\valve\sound\sentences.txt]]]
[2026-03-29 22:33:26.079] [info][general] Worldspawn trace: #1222 map=c0a0 edict#0 classname=worldspawn pfnRandomLong [low=0, high=10, result=3, return=0x72A609A6, context=after pfnRandomLong [low=0, high=6, result=2, return=0x72A60999, context=after pfnFreeFile [D:\Steam\steamapps\common\Half-Life\valve\sound\sentences.txt]]]
[2026-03-29 22:33:26.080] [info][general] hl.dll engine callback: pfnRandomLong [low=0, high=10, result=3, return=0x72A609A6, context=after pfnRandomLong [low=0, high=6, result=2, return=0x72A60999, context=after pfnFreeFile [D:\Steam\steamapps\common\Half-Life\valve\sound\sentences.txt]]]
[2026-03-29 22:33:26.080] [info][general] Worldspawn trace: #1223 map=c0a0 edict#0 classname=worldspawn pfnRandomLong [low=0, high=10, result=3, return=0x72A60999, context=after pfnRandomLong [low=0, high=6, result=2, return=0x72A60999, context=after pfnFreeFile [D:\Steam\steamapps\common\Half-Life\valve\sound\sentences.txt]]]
[2026-03-29 22:33:26.081] [info][general] hl.dll engine callback: pfnRandomLong [low=0, high=10, result=3, return=0x72A60999, context=after pfnRandomLong [low=0, high=6, result=2, return=0x72A60999, context=after pfnFreeFile [D:\Steam\steamapps\common\Half-Life\valve\sound\sentences.txt]]]
[2026-03-29 22:33:26.081] [info][general] Worldspawn trace: #1224 map=c0a0 edict#0 classname=worldspawn pfnRandomLong [low=0, high=10, result=3, return=0x72A609A6, context=after pfnRandomLong [low=0, high=6, result=2, return=0x72A60999, context=after pfnFreeFile [D:\Steam\steamapps\common\Half-Life\valve\sound\sentences.txt]]]
[2026-03-29 22:33:26.081] [info][general] hl.dll engine callback: pfnRandomLong [low=0, high=10, result=3, return=0x72A609A6, context=after pfnRandomLong [low=0, high=6, result=2, return=0x72A60999, context=after pfnFreeFile [D:\Steam\steamapps\common\Half-Life\valve\sound\sentences.txt]]]
[2026-03-29 22:33:26.081] [info][general] Worldspawn trace: #1225 map=c0a0 edict#0 classname=worldspawn pfnRandomLong [low=0, high=10, result=3, return=0x72A60999, context=after pfnRandomLong [low=0, high=6, result=2, return=0x72A60999, context=after pfnFreeFile [D:\Steam\steamapps\common\Half-Life\valve\sound\sentences.txt]]]
[2026-03-29 22:33:26.081] [info][general] hl.dll engine callback: pfnRandomLong [low=0, high=10, result=3, return=0x72A60999, context=after pfnRandomLong [low=0, high=6, result=2, return=0x72A60999, context=after pfnFreeFile [D:\Steam\steamapps\common\Half-Life\valve\sound\sentences.txt]]]
[2026-03-29 22:33:26.082] [info][general] Worldspawn trace: #1226 map=c0a0 edict#0 classname=worldspawn pfnRandomLong [low=0, high=10, result=2, return=0x72A609A6, context=after pfnRandomLong [low=0, high=6, result=2, return=0x72A60999, context=after pfnFreeFile [D:\Steam\steamapps\common\Half-Life\valve\sound\sentences.txt]]]
[2026-03-29 22:33:26.082] [info][general] hl.dll engine callback: pfnRandomLong [low=0, high=10, result=2, return=0x72A609A6, context=after pfnRandomLong [low=0, high=6, result=2, return=0x72A60999, context=after pfnFreeFile [D:\Steam\steamapps\common\Half-Life\valve\sound\sentences.txt]]]
[2026-03-29 22:33:26.082] [info][general] Worldspawn trace: #1227 map=c0a0 edict#0 classname=worldspawn pfnRandomLong [low=0, high=10, result=8, return=0x72A60999, context=after pfnRandomLong [low=0, high=6, result=2, return=0x72A60999, context=after pfnFreeFile [D:\Steam\steamapps\common\Half-Life\valve\sound\sentences.txt]]]
[2026-03-29 22:33:26.082] [info][general] hl.dll engine callback: pfnRandomLong [low=0, high=10, result=8, return=0x72A60999, context=after pfnRandomLong [low=0, high=6, result=2, return=0x72A60999, context=after pfnFreeFile [D:\Steam\steamapps\common\Half-Life\valve\sound\sentences.txt]]]
[2026-03-29 22:33:26.082] [info][general] Worldspawn trace: #1228 map=c0a0 edict#0 classname=worldspawn pfnRandomLong [low=0, high=10, result=7, return=0x72A609A6, context=after pfnRandomLong [low=0, high=6, result=2, return=0x72A60999, context=after pfnFreeFile [D:\Steam\steamapps\common\Half-Life\valve\sound\sentences.txt]]]
[2026-03-29 22:33:26.082] [info][general] hl.dll engine callback: pfnRandomLong [low=0, high=10, result=7, return=0x72A609A6, context=after pfnRandomLong [low=0, high=6, result=2, return=0x72A60999, context=after pfnFreeFile [D:\Steam\steamapps\common\Half-Life\valve\sound\sentences.txt]]]
[2026-03-29 22:33:26.083] [info][general] Worldspawn trace: #1229 map=c0a0 edict#0 classname=worldspawn pfnRandomLong [low=0, high=10, result=4, return=0x72A60999, context=after pfnRandomLong [low=0, high=6, result=2, return=0x72A60999, context=after pfnFreeFile [D:\Steam\steamapps\common\Half-Life\valve\sound\sentences.txt]]]
[2026-03-29 22:33:26.083] [info][general] hl.dll engine callback: pfnRandomLong [low=0, high=10, result=4, return=0x72A60999, context=after pfnRandomLong [low=0, high=6, result=2, return=0x72A60999, context=after pfnFreeFile [D:\Steam\steamapps\common\Half-Life\valve\sound\sentences.txt]]]
[2026-03-29 22:33:26.083] [info][general] Worldspawn trace: #1230 map=c0a0 edict#0 classname=worldspawn pfnRandomLong [low=0, high=10, result=10, return=0x72A609A6, context=after pfnRandomLong [low=0, high=6, result=2, return=0x72A60999, context=after pfnFreeFile [D:\Steam\steamapps\common\Half-Life\valve\sound\sentences.txt]]]
[2026-03-29 22:33:26.083] [info][general] hl.dll engine callback: pfnRandomLong [low=0, high=10, result=10, return=0x72A609A6, context=after pfnRandomLong [low=0, high=6, result=2, return=0x72A60999, context=after pfnFreeFile [D:\Steam\steamapps\common\Half-Life\valve\sound\sentences.txt]]]
[2026-03-29 22:33:26.083] [info][general] Worldspawn trace: #1231 map=c0a0 edict#0 classname=worldspawn pfnRandomLong [low=0, high=10, result=3, return=0x72A60999, context=after pfnRandomLong [low=0, high=6, result=2, return=0x72A60999, context=after pfnFreeFile [D:\Steam\steamapps\common\Half-Life\valve\sound\sentences.txt]]]
[2026-03-29 22:33:26.084] [info][general] hl.dll engine callback: pfnRandomLong [low=0, high=10, result=3, return=0x72A60999, context=after pfnRandomLong [low=0, high=6, result=2, return=0x72A60999, context=after pfnFreeFile [D:\Steam\steamapps\common\Half-Life\valve\sound\sentences.txt]]]
[2026-03-29 22:33:26.084] [info][general] Worldspawn trace: #1232 map=c0a0 edict#0 classname=worldspawn pfnRandomLong [low=0, high=10, result=10, return=0x72A609A6, context=after pfnRandomLong [low=0, high=6, result=2, return=0x72A60999, context=after pfnFreeFile [D:\Steam\steamapps\common\Half-Life\valve\sound\sentences.txt]]]
[2026-03-29 22:33:26.084] [info][general] hl.dll engine callback: pfnRandomLong [low=0, high=10, result=10, return=0x72A609A6, context=after pfnRandomLong [low=0, high=6, result=2, return=0x72A60999, context=after pfnFreeFile [D:\Steam\steamapps\common\Half-Life\valve\sound\sentences.txt]]]
[2026-03-29 22:33:26.084] [info][general] Worldspawn trace: #1233 map=c0a0 edict#0 classname=worldspawn pfnRandomLong [low=0, high=8, result=1, return=0x72A60999, context=after pfnRandomLong [low=0, high=6, result=2, return=0x72A60999, context=after pfnFreeFile [D:\Steam\steamapps\common\Half-Life\valve\sound\sentences.txt]]]
[2026-03-29 22:33:26.084] [info][general] hl.dll engine callback: pfnRandomLong [low=0, high=8, result=1, return=0x72A60999, context=after pfnRandomLong [low=0, high=6, result=2, return=0x72A60999, context=after pfnFreeFile [D:\Steam\steamapps\common\Half-Life\valve\sound\sentences.txt]]]
[2026-03-29 22:33:26.085] [info][general] Worldspawn trace: #1234 map=c0a0 edict#0 classname=worldspawn pfnRandomLong [low=0, high=8, result=1, return=0x72A609A6, context=after pfnRandomLong [low=0, high=6, result=2, return=0x72A60999, context=after pfnFreeFile [D:\Steam\steamapps\common\Half-Life\valve\sound\sentences.txt]]]
[2026-03-29 22:33:26.085] [info][general] hl.dll engine callback: pfnRandomLong [low=0, high=8, result=1, return=0x72A609A6, context=after pfnRandomLong [low=0, high=6, result=2, return=0x72A60999, context=after pfnFreeFile [D:\Steam\steamapps\common\Half-Life\valve\sound\sentences.txt]]]
[2026-03-29 22:33:26.085] [info][general] Worldspawn trace: #1235 map=c0a0 edict#0 classname=worldspawn pfnRandomLong [low=0, high=8, result=6, return=0x72A60999, context=after pfnRandomLong [low=0, high=6, result=2, return=0x72A60999, context=after pfnFreeFile [D:\Steam\steamapps\common\Half-Life\valve\sound\sentences.txt]]]
[2026-03-29 22:33:26.085] [info][general] hl.dll engine callback: pfnRandomLong [low=0, high=8, result=6, return=0x72A60999, context=after pfnRandomLong [low=0, high=6, result=2, return=0x72A60999, context=after pfnFreeFile [D:\Steam\steamapps\common\Half-Life\valve\sound\sentences.txt]]]
[2026-03-29 22:33:26.085] [info][general] Worldspawn trace: #1236 map=c0a0 edict#0 classname=worldspawn pfnRandomLong [low=0, high=8, result=0, return=0x72A609A6, context=after pfnRandomLong [low=0, high=6, result=2, return=0x72A60999, context=after pfnFreeFile [D:\Steam\steamapps\common\Half-Life\valve\sound\sentences.txt]]]
[2026-03-29 22:33:26.085] [info][general] hl.dll engine callback: pfnRandomLong [low=0, high=8, result=0, return=0x72A609A6, context=after pfnRandomLong [low=0, high=6, result=2, return=0x72A60999, context=after pfnFreeFile [D:\Steam\steamapps\common\Half-Life\valve\sound\sentences.txt]]]
[2026-03-29 22:33:26.086] [info][general] Worldspawn trace: #1237 map=c0a0 edict#0 classname=worldspawn pfnRandomLong [low=0, high=8, result=0, return=0x72A60999, context=after pfnRandomLong [low=0, high=6, result=2, return=0x72A60999, context=after pfnFreeFile [D:\Steam\steamapps\common\Half-Life\valve\sound\sentences.txt]]]
[2026-03-29 22:33:26.086] [info][general] hl.dll engine callback: pfnRandomLong [low=0, high=8, result=0, return=0x72A60999, context=after pfnRandomLong [low=0, high=6, result=2, return=0x72A60999, context=after pfnFreeFile [D:\Steam\steamapps\common\Half-Life\valve\sound\sentences.txt]]]
[2026-03-29 22:33:26.086] [info][general] Worldspawn trace: #1238 map=c0a0 edict#0 classname=worldspawn pfnRandomLong [low=0, high=8, result=5, return=0x72A609A6, context=after pfnRandomLong [low=0, high=6, result=2, return=0x72A60999, context=after pfnFreeFile [D:\Steam\steamapps\common\Half-Life\valve\sound\sentences.txt]]]
[2026-03-29 22:33:26.086] [info][general] hl.dll engine callback: pfnRandomLong [low=0, high=8, result=5, return=0x72A609A6, context=after pfnRandomLong [low=0, high=6, result=2, return=0x72A60999, context=after pfnFreeFile [D:\Steam\steamapps\common\Half-Life\valve\sound\sentences.txt]]]
[2026-03-29 22:33:26.087] [info][general] Worldspawn trace: #1239 map=c0a0 edict#0 classname=worldspawn pfnRandomLong [low=0, high=8, result=4, return=0x72A60999, context=after pfnRandomLong [low=0, high=6, result=2, return=0x72A60999, context=after pfnFreeFile [D:\Steam\steamapps\common\Half-Life\valve\sound\sentences.txt]]]
[2026-03-29 22:33:26.087] [info][general] hl.dll engine callback: pfnRandomLong [low=0, high=8, result=4, return=0x72A60999, context=after pfnRandomLong [low=0, high=6, result=2, return=0x72A60999, context=after pfnFreeFile [D:\Steam\steamapps\common\Half-Life\valve\sound\sentences.txt]]]
[2026-03-29 22:33:26.087] [info][general] Worldspawn trace: #1240 map=c0a0 edict#0 classname=worldspawn pfnRandomLong [low=0, high=8, result=2, return=0x72A609A6, context=after pfnRandomLong [low=0, high=6, result=2, return=0x72A60999, context=after pfnFreeFile [D:\Steam\steamapps\common\Half-Life\valve\sound\sentences.txt]]]
[2026-03-29 22:33:26.088] [info][general] hl.dll engine callback: pfnRandomLong [low=0, high=8, result=2, return=0x72A609A6, context=after pfnRandomLong [low=0, high=6, result=2, return=0x72A60999, context=after pfnFreeFile [D:\Steam\steamapps\common\Half-Life\valve\sound\sentences.txt]]]
[2026-03-29 22:33:26.088] [info][general] Worldspawn trace: #1241 map=c0a0 edict#0 classname=worldspawn pfnRandomLong [low=0, high=8, result=3, return=0x72A60999, context=after pfnRandomLong [low=0, high=6, result=2, return=0x72A60999, context=after pfnFreeFile [D:\Steam\steamapps\common\Half-Life\valve\sound\sentences.txt]]]
[2026-03-29 22:33:26.088] [info][general] hl.dll engine callback: pfnRandomLong [low=0, high=8, result=3, return=0x72A60999, context=after pfnRandomLong [low=0, high=6, result=2, return=0x72A60999, context=after pfnFreeFile [D:\Steam\steamapps\common\Half-Life\valve\sound\sentences.txt]]]
[2026-03-29 22:33:26.088] [info][general] Worldspawn trace: #1242 map=c0a0 edict#0 classname=worldspawn pfnRandomLong [low=0, high=8, result=5, return=0x72A609A6, context=after pfnRandomLong [low=0, high=6, result=2, return=0x72A60999, context=after pfnFreeFile [D:\Steam\steamapps\common\Half-Life\valve\sound\sentences.txt]]]
[2026-03-29 22:33:26.088] [info][general] hl.dll engine callback: pfnRandomLong [low=0, high=8, result=5, return=0x72A609A6, context=after pfnRandomLong [low=0, high=6, result=2, return=0x72A60999, context=after pfnFreeFile [D:\Steam\steamapps\common\Half-Life\valve\sound\sentences.txt]]]
[2026-03-29 22:33:26.089] [info][general] Worldspawn trace: #1243 map=c0a0 edict#0 classname=worldspawn pfnRandomLong [low=0, high=8, result=8, return=0x72A60999, context=after pfnRandomLong [low=0, high=6, result=2, return=0x72A60999, context=after pfnFreeFile [D:\Steam\steamapps\common\Half-Life\valve\sound\sentences.txt]]]
[2026-03-29 22:33:26.089] [info][general] hl.dll engine callback: pfnRandomLong [low=0, high=8, result=8, return=0x72A60999, context=after pfnRandomLong [low=0, high=6, result=2, return=0x72A60999, context=after pfnFreeFile [D:\Steam\steamapps\common\Half-Life\valve\sound\sentences.txt]]]
[2026-03-29 22:33:26.089] [info][general] Worldspawn trace: #1244 map=c0a0 edict#0 classname=worldspawn pfnRandomLong [low=0, high=8, result=4, return=0x72A609A6, context=after pfnRandomLong [low=0, high=6, result=2, return=0x72A60999, context=after pfnFreeFile [D:\Steam\steamapps\common\Half-Life\valve\sound\sentences.txt]]]
[2026-03-29 22:33:26.089] [info][general] hl.dll engine callback: pfnRandomLong [low=0, high=8, result=4, return=0x72A609A6, context=after pfnRandomLong [low=0, high=6, result=2, return=0x72A60999, context=after pfnFreeFile [D:\Steam\steamapps\common\Half-Life\valve\sound\sentences.txt]]]
[2026-03-29 22:33:26.089] [info][general] Worldspawn trace: #1245 map=c0a0 edict#0 classname=worldspawn pfnRandomLong [low=0, high=8, result=2, return=0x72A60999, context=after pfnRandomLong [low=0, high=6, result=2, return=0x72A60999, context=after pfnFreeFile [D:\Steam\steamapps\common\Half-Life\valve\sound\sentences.txt]]]
[2026-03-29 22:33:26.090] [info][general] hl.dll engine callback: pfnRandomLong [low=0, high=8, result=2, return=0x72A60999, context=after pfnRandomLong [low=0, high=6, result=2, return=0x72A60999, context=after pfnFreeFile [D:\Steam\steamapps\common\Half-Life\valve\sound\sentences.txt]]]
[2026-03-29 22:33:26.090] [info][general] Worldspawn trace: #1246 map=c0a0 edict#0 classname=worldspawn pfnRandomLong [low=0, high=8, result=5, return=0x72A609A6, context=after pfnRandomLong [low=0, high=6, result=2, return=0x72A60999, context=after pfnFreeFile [D:\Steam\steamapps\common\Half-Life\valve\sound\sentences.txt]]]
[2026-03-29 22:33:26.090] [info][general] hl.dll engine callback: pfnRandomLong [low=0, high=8, result=5, return=0x72A609A6, context=after pfnRandomLong [low=0, high=6, result=2, return=0x72A60999, context=after pfnFreeFile [D:\Steam\steamapps\common\Half-Life\valve\sound\sentences.txt]]]
[2026-03-29 22:33:26.090] [info][general] Worldspawn trace: #1247 map=c0a0 edict#0 classname=worldspawn pfnRandomLong [low=0, high=8, result=4, return=0x72A60999, context=after pfnRandomLong [low=0, high=6, result=2, return=0x72A60999, context=after pfnFreeFile [D:\Steam\steamapps\common\Half-Life\valve\sound\sentences.txt]]]
[2026-03-29 22:33:26.090] [info][general] hl.dll engine callback: pfnRandomLong [low=0, high=8, result=4, return=0x72A60999, context=after pfnRandomLong [low=0, high=6, result=2, return=0x72A60999, context=after pfnFreeFile [D:\Steam\steamapps\common\Half-Life\valve\sound\sentences.txt]]]
[2026-03-29 22:33:26.091] [info][general] Worldspawn trace: #1248 map=c0a0 edict#0 classname=worldspawn pfnRandomLong [low=0, high=8, result=7, return=0x72A609A6, context=after pfnRandomLong [low=0, high=6, result=2, return=0x72A60999, context=after pfnFreeFile [D:\Steam\steamapps\common\Half-Life\valve\sound\sentences.txt]]]
[2026-03-29 22:33:26.091] [info][general] hl.dll engine callback: pfnRandomLong [low=0, high=8, result=7, return=0x72A609A6, context=after pfnRandomLong [low=0, high=6, result=2, return=0x72A60999, context=after pfnFreeFile [D:\Steam\steamapps\common\Half-Life\valve\sound\sentences.txt]]]
[2026-03-29 22:33:26.091] [info][general] Worldspawn trace: #1249 map=c0a0 edict#0 classname=worldspawn pfnRandomLong [low=0, high=8, result=3, return=0x72A60999, context=after pfnRandomLong [low=0, high=6, result=2, return=0x72A60999, context=after pfnFreeFile [D:\Steam\steamapps\common\Half-Life\valve\sound\sentences.txt]]]
[2026-03-29 22:33:26.091] [info][general] hl.dll engine callback: pfnRandomLong [low=0, high=8, result=3, return=0x72A60999, context=after pfnRandomLong [low=0, high=6, result=2, return=0x72A60999, context=after pfnFreeFile [D:\Steam\steamapps\common\Half-Life\valve\sound\sentences.txt]]]
[2026-03-29 22:33:26.091] [info][general] Worldspawn trace: #1250 map=c0a0 edict#0 classname=worldspawn pfnRandomLong [low=0, high=8, result=4, return=0x72A609A6, context=after pfnRandomLong [low=0, high=6, result=2, return=0x72A60999, context=after pfnFreeFile [D:\Steam\steamapps\common\Half-Life\valve\sound\sentences.txt]]]
[2026-03-29 22:33:26.092] [info][general] hl.dll engine callback: pfnRandomLong [low=0, high=8, result=4, return=0x72A609A6, context=after pfnRandomLong [low=0, high=6, result=2, return=0x72A60999, context=after pfnFreeFile [D:\Steam\steamapps\common\Half-Life\valve\sound\sentences.txt]]]
[2026-03-29 22:33:26.092] [info][general] Worldspawn trace: #1251 map=c0a0 edict#0 classname=worldspawn pfnRandomLong [low=0, high=8, result=7, return=0x72A60999, context=after pfnRandomLong [low=0, high=6, result=2, return=0x72A60999, context=after pfnFreeFile [D:\Steam\steamapps\common\Half-Life\valve\sound\sentences.txt]]]
[2026-03-29 22:33:26.092] [info][general] hl.dll engine callback: pfnRandomLong [low=0, high=8, result=7, return=0x72A60999, context=after pfnRandomLong [low=0, high=6, result=2, return=0x72A60999, context=after pfnFreeFile [D:\Steam\steamapps\common\Half-Life\valve\sound\sentences.txt]]]
[2026-03-29 22:33:26.092] [info][general] Worldspawn trace: #1252 map=c0a0 edict#0 classname=worldspawn pfnRandomLong [low=0, high=8, result=7, return=0x72A609A6, context=after pfnRandomLong [low=0, high=6, result=2, return=0x72A60999, context=after pfnFreeFile [D:\Steam\steamapps\common\Half-Life\valve\sound\sentences.txt]]]
[2026-03-29 22:33:26.092] [info][general] hl.dll engine callback: pfnRandomLong [low=0, high=8, result=7, return=0x72A609A6, context=after pfnRandomLong [low=0, high=6, result=2, return=0x72A60999, context=after pfnFreeFile [D:\Steam\steamapps\common\Half-Life\valve\sound\sentences.txt]]]
[2026-03-29 22:33:26.092] [info][general] Worldspawn trace: #1253 map=c0a0 edict#0 classname=worldspawn pfnRandomLong [low=0, high=8, result=8, return=0x72A60999, context=after pfnRandomLong [low=0, high=6, result=2, return=0x72A60999, context=after pfnFreeFile [D:\Steam\steamapps\common\Half-Life\valve\sound\sentences.txt]]]
[2026-03-29 22:33:26.093] [info][general] hl.dll engine callback: pfnRandomLong [low=0, high=8, result=8, return=0x72A60999, context=after pfnRandomLong [low=0, high=6, result=2, return=0x72A60999, context=after pfnFreeFile [D:\Steam\steamapps\common\Half-Life\valve\sound\sentences.txt]]]
[2026-03-29 22:33:26.093] [info][general] Worldspawn trace: #1254 map=c0a0 edict#0 classname=worldspawn pfnRandomLong [low=0, high=8, result=5, return=0x72A609A6, context=after pfnRandomLong [low=0, high=6, result=2, return=0x72A60999, context=after pfnFreeFile [D:\Steam\steamapps\common\Half-Life\valve\sound\sentences.txt]]]
[2026-03-29 22:33:26.093] [info][general] hl.dll engine callback: pfnRandomLong [low=0, high=8, result=5, return=0x72A609A6, context=after pfnRandomLong [low=0, high=6, result=2, return=0x72A60999, context=after pfnFreeFile [D:\Steam\steamapps\common\Half-Life\valve\sound\sentences.txt]]]
[2026-03-29 22:33:26.093] [info][general] Worldspawn trace: #1255 map=c0a0 edict#0 classname=worldspawn pfnRandomLong [low=0, high=8, result=7, return=0x72A60999, context=after pfnRandomLong [low=0, high=6, result=2, return=0x72A60999, context=after pfnFreeFile [D:\Steam\steamapps\common\Half-Life\valve\sound\sentences.txt]]]
[2026-03-29 22:33:26.093] [info][general] hl.dll engine callback: pfnRandomLong [low=0, high=8, result=7, return=0x72A60999, context=after pfnRandomLong [low=0, high=6, result=2, return=0x72A60999, context=after pfnFreeFile [D:\Steam\steamapps\common\Half-Life\valve\sound\sentences.txt]]]
[2026-03-29 22:33:26.094] [info][general] Worldspawn trace: #1256 map=c0a0 edict#0 classname=worldspawn pfnRandomLong [low=0, high=8, result=4, return=0x72A609A6, context=after pfnRandomLong [low=0, high=6, result=2, return=0x72A60999, context=after pfnFreeFile [D:\Steam\steamapps\common\Half-Life\valve\sound\sentences.txt]]]
[2026-03-29 22:33:26.094] [info][general] hl.dll engine callback: pfnRandomLong [low=0, high=8, result=4, return=0x72A609A6, context=after pfnRandomLong [low=0, high=6, result=2, return=0x72A60999, context=after pfnFreeFile [D:\Steam\steamapps\common\Half-Life\valve\sound\sentences.txt]]]
[2026-03-29 22:33:26.094] [info][general] Worldspawn trace: #1257 map=c0a0 edict#0 classname=worldspawn pfnRandomLong [low=0, high=8, result=2, return=0x72A60999, context=after pfnRandomLong [low=0, high=6, result=2, return=0x72A60999, context=after pfnFreeFile [D:\Steam\steamapps\common\Half-Life\valve\sound\sentences.txt]]]
[2026-03-29 22:33:26.094] [info][general] hl.dll engine callback: pfnRandomLong [low=0, high=8, result=2, return=0x72A60999, context=after pfnRandomLong [low=0, high=6, result=2, return=0x72A60999, context=after pfnFreeFile [D:\Steam\steamapps\common\Half-Life\valve\sound\sentences.txt]]]
[2026-03-29 22:33:26.095] [info][general] Worldspawn trace: #1258 map=c0a0 edict#0 classname=worldspawn pfnRandomLong [low=0, high=8, result=0, return=0x72A609A6, context=after pfnRandomLong [low=0, high=6, result=2, return=0x72A60999, context=after pfnFreeFile [D:\Steam\steamapps\common\Half-Life\valve\sound\sentences.txt]]]
[2026-03-29 22:33:26.095] [info][general] hl.dll engine callback: pfnRandomLong [low=0, high=8, result=0, return=0x72A609A6, context=after pfnRandomLong [low=0, high=6, result=2, return=0x72A60999, context=after pfnFreeFile [D:\Steam\steamapps\common\Half-Life\valve\sound\sentences.txt]]]
[2026-03-29 22:33:26.095] [info][general] Worldspawn trace: #1259 map=c0a0 edict#0 classname=worldspawn pfnRandomLong [low=0, high=8, result=5, return=0x72A60999, context=after pfnRandomLong [low=0, high=6, result=2, return=0x72A60999, context=after pfnFreeFile [D:\Steam\steamapps\common\Half-Life\valve\sound\sentences.txt]]]
[2026-03-29 22:33:26.095] [info][general] hl.dll engine callback: pfnRandomLong [low=0, high=8, result=5, return=0x72A60999, context=after pfnRandomLong [low=0, high=6, result=2, return=0x72A60999, context=after pfnFreeFile [D:\Steam\steamapps\common\Half-Life\valve\sound\sentences.txt]]]
[2026-03-29 22:33:26.095] [info][general] Worldspawn trace: #1260 map=c0a0 edict#0 classname=worldspawn pfnRandomLong [low=0, high=8, result=1, return=0x72A609A6, context=after pfnRandomLong [low=0, high=6, result=2, return=0x72A60999, context=after pfnFreeFile [D:\Steam\steamapps\common\Half-Life\valve\sound\sentences.txt]]]
[2026-03-29 22:33:26.095] [info][general] hl.dll engine callback: pfnRandomLong [low=0, high=8, result=1, return=0x72A609A6, context=after pfnRandomLong [low=0, high=6, result=2, return=0x72A60999, context=after pfnFreeFile [D:\Steam\steamapps\common\Half-Life\valve\sound\sentences.txt]]]
[2026-03-29 22:33:26.096] [info][general] Worldspawn trace: #1261 map=c0a0 edict#0 classname=worldspawn pfnRandomLong [low=0, high=8, result=1, return=0x72A60999, context=after pfnRandomLong [low=0, high=6, result=2, return=0x72A60999, context=after pfnFreeFile [D:\Steam\steamapps\common\Half-Life\valve\sound\sentences.txt]]]
[2026-03-29 22:33:26.096] [info][general] hl.dll engine callback: pfnRandomLong [low=0, high=8, result=1, return=0x72A60999, context=after pfnRandomLong [low=0, high=6, result=2, return=0x72A60999, context=after pfnFreeFile [D:\Steam\steamapps\common\Half-Life\valve\sound\sentences.txt]]]
[2026-03-29 22:33:26.096] [info][general] Worldspawn trace: #1262 map=c0a0 edict#0 classname=worldspawn pfnRandomLong [low=0, high=8, result=8, return=0x72A609A6, context=after pfnRandomLong [low=0, high=6, result=2, return=0x72A60999, context=after pfnFreeFile [D:\Steam\steamapps\common\Half-Life\valve\sound\sentences.txt]]]
[2026-03-29 22:33:26.096] [info][general] hl.dll engine callback: pfnRandomLong [low=0, high=8, result=8, return=0x72A609A6, context=after pfnRandomLong [low=0, high=6, result=2, return=0x72A60999, context=after pfnFreeFile [D:\Steam\steamapps\common\Half-Life\valve\sound\sentences.txt]]]
[2026-03-29 22:33:26.096] [info][general] Worldspawn trace: #1263 map=c0a0 edict#0 classname=worldspawn pfnRandomLong [low=0, high=8, result=3, return=0x72A60999, context=after pfnRandomLong [low=0, high=6, result=2, return=0x72A60999, context=after pfnFreeFile [D:\Steam\steamapps\common\Half-Life\valve\sound\sentences.txt]]]
[2026-03-29 22:33:26.097] [info][general] hl.dll engine callback: pfnRandomLong [low=0, high=8, result=3, return=0x72A60999, context=after pfnRandomLong [low=0, high=6, result=2, return=0x72A60999, context=after pfnFreeFile [D:\Steam\steamapps\common\Half-Life\valve\sound\sentences.txt]]]
[2026-03-29 22:33:26.097] [info][general] Worldspawn trace: #1264 map=c0a0 edict#0 classname=worldspawn pfnRandomLong [low=0, high=8, result=5, return=0x72A609A6, context=after pfnRandomLong [low=0, high=6, result=2, return=0x72A60999, context=after pfnFreeFile [D:\Steam\steamapps\common\Half-Life\valve\sound\sentences.txt]]]
[2026-03-29 22:33:26.097] [info][general] hl.dll engine callback: pfnRandomLong [low=0, high=8, result=5, return=0x72A609A6, context=after pfnRandomLong [low=0, high=6, result=2, return=0x72A60999, context=after pfnFreeFile [D:\Steam\steamapps\common\Half-Life\valve\sound\sentences.txt]]]
[2026-03-29 22:33:26.097] [info][general] Worldspawn trace: #1265 map=c0a0 edict#0 classname=worldspawn pfnRandomLong [low=0, high=8, result=6, return=0x72A60999, context=after pfnRandomLong [low=0, high=6, result=2, return=0x72A60999, context=after pfnFreeFile [D:\Steam\steamapps\common\Half-Life\valve\sound\sentences.txt]]]
[2026-03-29 22:33:26.097] [info][general] hl.dll engine callback: pfnRandomLong [low=0, high=8, result=6, return=0x72A60999, context=after pfnRandomLong [low=0, high=6, result=2, return=0x72A60999, context=after pfnFreeFile [D:\Steam\steamapps\common\Half-Life\valve\sound\sentences.txt]]]
[2026-03-29 22:33:26.098] [info][general] Worldspawn trace: #1266 map=c0a0 edict#0 classname=worldspawn pfnRandomLong [low=0, high=8, result=1, return=0x72A609A6, context=after pfnRandomLong [low=0, high=6, result=2, return=0x72A60999, context=after pfnFreeFile [D:\Steam\steamapps\common\Half-Life\valve\sound\sentences.txt]]]
[2026-03-29 22:33:26.098] [info][general] hl.dll engine callback: pfnRandomLong [low=0, high=8, result=1, return=0x72A609A6, context=after pfnRandomLong [low=0, high=6, result=2, return=0x72A60999, context=after pfnFreeFile [D:\Steam\steamapps\common\Half-Life\valve\sound\sentences.txt]]]
[2026-03-29 22:33:26.098] [info][general] Worldspawn trace: #1267 map=c0a0 edict#0 classname=worldspawn pfnRandomLong [low=0, high=8, result=3, return=0x72A60999, context=after pfnRandomLong [low=0, high=6, result=2, return=0x72A60999, context=after pfnFreeFile [D:\Steam\steamapps\common\Half-Life\valve\sound\sentences.txt]]]
[2026-03-29 22:33:26.098] [info][general] hl.dll engine callback: pfnRandomLong [low=0, high=8, result=3, return=0x72A60999, context=after pfnRandomLong [low=0, high=6, result=2, return=0x72A60999, context=after pfnFreeFile [D:\Steam\steamapps\common\Half-Life\valve\sound\sentences.txt]]]
[2026-03-29 22:33:26.098] [info][general] Worldspawn trace: #1268 map=c0a0 edict#0 classname=worldspawn pfnRandomLong [low=0, high=8, result=8, return=0x72A609A6, context=after pfnRandomLong [low=0, high=6, result=2, return=0x72A60999, context=after pfnFreeFile [D:\Steam\steamapps\common\Half-Life\valve\sound\sentences.txt]]]
[2026-03-29 22:33:26.098] [info][general] hl.dll engine callback: pfnRandomLong [low=0, high=8, result=8, return=0x72A609A6, context=after pfnRandomLong [low=0, high=6, result=2, return=0x72A60999, context=after pfnFreeFile [D:\Steam\steamapps\common\Half-Life\valve\sound\sentences.txt]]]
[2026-03-29 22:33:26.099] [info][general] Worldspawn trace: #1269 map=c0a0 edict#0 classname=worldspawn pfnRandomLong [low=0, high=8, result=6, return=0x72A60999, context=after pfnRandomLong [low=0, high=6, result=2, return=0x72A60999, context=after pfnFreeFile [D:\Steam\steamapps\common\Half-Life\valve\sound\sentences.txt]]]
[2026-03-29 22:33:26.099] [info][general] hl.dll engine callback: pfnRandomLong [low=0, high=8, result=6, return=0x72A60999, context=after pfnRandomLong [low=0, high=6, result=2, return=0x72A60999, context=after pfnFreeFile [D:\Steam\steamapps\common\Half-Life\valve\sound\sentences.txt]]]
[2026-03-29 22:33:26.099] [info][general] Worldspawn trace: #1270 map=c0a0 edict#0 classname=worldspawn pfnRandomLong [low=0, high=8, result=2, return=0x72A609A6, context=after pfnRandomLong [low=0, high=6, result=2, return=0x72A60999, context=after pfnFreeFile [D:\Steam\steamapps\common\Half-Life\valve\sound\sentences.txt]]]
[2026-03-29 22:33:26.099] [info][general] hl.dll engine callback: pfnRandomLong [low=0, high=8, result=2, return=0x72A609A6, context=after pfnRandomLong [low=0, high=6, result=2, return=0x72A60999, context=after pfnFreeFile [D:\Steam\steamapps\common\Half-Life\valve\sound\sentences.txt]]]
[2026-03-29 22:33:26.099] [info][general] Worldspawn trace: #1271 map=c0a0 edict#0 classname=worldspawn pfnRandomLong [low=0, high=8, result=3, return=0x72A60999, context=after pfnRandomLong [low=0, high=6, result=2, return=0x72A60999, context=after pfnFreeFile [D:\Steam\steamapps\common\Half-Life\valve\sound\sentences.txt]]]
[2026-03-29 22:33:26.099] [info][general] hl.dll engine callback: pfnRandomLong [low=0, high=8, result=3, return=0x72A60999, context=after pfnRandomLong [low=0, high=6, result=2, return=0x72A60999, context=after pfnFreeFile [D:\Steam\steamapps\common\Half-Life\valve\sound\sentences.txt]]]
[2026-03-29 22:33:26.100] [info][general] Worldspawn trace: #1272 map=c0a0 edict#0 classname=worldspawn pfnRandomLong [low=0, high=8, result=3, return=0x72A609A6, context=after pfnRandomLong [low=0, high=6, result=2, return=0x72A60999, context=after pfnFreeFile [D:\Steam\steamapps\common\Half-Life\valve\sound\sentences.txt]]]
[2026-03-29 22:33:26.100] [info][general] hl.dll engine callback: pfnRandomLong [low=0, high=8, result=3, return=0x72A609A6, context=after pfnRandomLong [low=0, high=6, result=2, return=0x72A60999, context=after pfnFreeFile [D:\Steam\steamapps\common\Half-Life\valve\sound\sentences.txt]]]
[2026-03-29 22:33:26.100] [info][general] Worldspawn trace: #1273 map=c0a0 edict#0 classname=worldspawn pfnRandomLong [low=0, high=8, result=1, return=0x72A60999, context=after pfnRandomLong [low=0, high=6, result=2, return=0x72A60999, context=after pfnFreeFile [D:\Steam\steamapps\common\Half-Life\valve\sound\sentences.txt]]]
[2026-03-29 22:33:26.100] [info][general] hl.dll engine callback: pfnRandomLong [low=0, high=8, result=1, return=0x72A60999, context=after pfnRandomLong [low=0, high=6, result=2, return=0x72A60999, context=after pfnFreeFile [D:\Steam\steamapps\common\Half-Life\valve\sound\sentences.txt]]]
[2026-03-29 22:33:26.100] [info][general] Worldspawn trace: #1274 map=c0a0 edict#0 classname=worldspawn pfnRandomLong [low=0, high=8, result=7, return=0x72A609A6, context=after pfnRandomLong [low=0, high=6, result=2, return=0x72A60999, context=after pfnFreeFile [D:\Steam\steamapps\common\Half-Life\valve\sound\sentences.txt]]]
[2026-03-29 22:33:26.101] [info][general] hl.dll engine callback: pfnRandomLong [low=0, high=8, result=7, return=0x72A609A6, context=after pfnRandomLong [low=0, high=6, result=2, return=0x72A60999, context=after pfnFreeFile [D:\Steam\steamapps\common\Half-Life\valve\sound\sentences.txt]]]
[2026-03-29 22:33:26.101] [info][general] Worldspawn trace: #1275 map=c0a0 edict#0 classname=worldspawn pfnRandomLong [low=0, high=8, result=5, return=0x72A60999, context=after pfnRandomLong [low=0, high=6, result=2, return=0x72A60999, context=after pfnFreeFile [D:\Steam\steamapps\common\Half-Life\valve\sound\sentences.txt]]]
[2026-03-29 22:33:26.101] [info][general] hl.dll engine callback: pfnRandomLong [low=0, high=8, result=5, return=0x72A60999, context=after pfnRandomLong [low=0, high=6, result=2, return=0x72A60999, context=after pfnFreeFile [D:\Steam\steamapps\common\Half-Life\valve\sound\sentences.txt]]]
[2026-03-29 22:33:26.102] [info][general] Worldspawn trace: #1276 map=c0a0 edict#0 classname=worldspawn pfnRandomLong [low=0, high=8, result=1, return=0x72A609A6, context=after pfnRandomLong [low=0, high=6, result=2, return=0x72A60999, context=after pfnFreeFile [D:\Steam\steamapps\common\Half-Life\valve\sound\sentences.txt]]]
[2026-03-29 22:33:26.102] [info][general] hl.dll engine callback: pfnRandomLong [low=0, high=8, result=1, return=0x72A609A6, context=after pfnRandomLong [low=0, high=6, result=2, return=0x72A60999, context=after pfnFreeFile [D:\Steam\steamapps\common\Half-Life\valve\sound\sentences.txt]]]
[2026-03-29 22:33:26.102] [info][general] Worldspawn trace: #1277 map=c0a0 edict#0 classname=worldspawn pfnRandomLong [low=0, high=8, result=8, return=0x72A60999, context=after pfnRandomLong [low=0, high=6, result=2, return=0x72A60999, context=after pfnFreeFile [D:\Steam\steamapps\common\Half-Life\valve\sound\sentences.txt]]]
[2026-03-29 22:33:26.102] [info][general] hl.dll engine callback: pfnRandomLong [low=0, high=8, result=8, return=0x72A60999, context=after pfnRandomLong [low=0, high=6, result=2, return=0x72A60999, context=after pfnFreeFile [D:\Steam\steamapps\common\Half-Life\valve\sound\sentences.txt]]]
[2026-03-29 22:33:26.102] [info][general] Worldspawn trace: #1278 map=c0a0 edict#0 classname=worldspawn pfnRandomLong [low=0, high=8, result=5, return=0x72A609A6, context=after pfnRandomLong [low=0, high=6, result=2, return=0x72A60999, context=after pfnFreeFile [D:\Steam\steamapps\common\Half-Life\valve\sound\sentences.txt]]]
[2026-03-29 22:33:26.102] [info][general] hl.dll engine callback: pfnRandomLong [low=0, high=8, result=5, return=0x72A609A6, context=after pfnRandomLong [low=0, high=6, result=2, return=0x72A60999, context=after pfnFreeFile [D:\Steam\steamapps\common\Half-Life\valve\sound\sentences.txt]]]
[2026-03-29 22:33:26.103] [info][general] Worldspawn trace: #1279 map=c0a0 edict#0 classname=worldspawn pfnRandomLong [low=0, high=8, result=5, return=0x72A60999, context=after pfnRandomLong [low=0, high=6, result=2, return=0x72A60999, context=after pfnFreeFile [D:\Steam\steamapps\common\Half-Life\valve\sound\sentences.txt]]]
[2026-03-29 22:33:26.103] [info][general] hl.dll engine callback: pfnRandomLong [low=0, high=8, result=5, return=0x72A60999, context=after pfnRandomLong [low=0, high=6, result=2, return=0x72A60999, context=after pfnFreeFile [D:\Steam\steamapps\common\Half-Life\valve\sound\sentences.txt]]]
[2026-03-29 22:33:26.103] [info][general] Worldspawn trace: #1280 map=c0a0 edict#0 classname=worldspawn pfnRandomLong [low=0, high=8, result=1, return=0x72A609A6, context=after pfnRandomLong [low=0, high=6, result=2, return=0x72A60999, context=after pfnFreeFile [D:\Steam\steamapps\common\Half-Life\valve\sound\sentences.txt]]]
[2026-03-29 22:33:26.103] [info][general] hl.dll engine callback: pfnRandomLong [low=0, high=8, result=1, return=0x72A609A6, context=after pfnRandomLong [low=0, high=6, result=2, return=0x72A60999, context=after pfnFreeFile [D:\Steam\steamapps\common\Half-Life\valve\sound\sentences.txt]]]
[2026-03-29 22:33:26.103] [info][general] Worldspawn trace: #1281 map=c0a0 edict#0 classname=worldspawn pfnRandomLong [low=0, high=8, result=6, return=0x72A60999, context=after pfnRandomLong [low=0, high=6, result=2, return=0x72A60999, context=after pfnFreeFile [D:\Steam\steamapps\common\Half-Life\valve\sound\sentences.txt]]]
[2026-03-29 22:33:26.103] [info][general] hl.dll engine callback: pfnRandomLong [low=0, high=8, result=6, return=0x72A60999, context=after pfnRandomLong [low=0, high=6, result=2, return=0x72A60999, context=after pfnFreeFile [D:\Steam\steamapps\common\Half-Life\valve\sound\sentences.txt]]]
[2026-03-29 22:33:26.104] [info][general] Worldspawn trace: #1282 map=c0a0 edict#0 classname=worldspawn pfnRandomLong [low=0, high=8, result=8, return=0x72A609A6, context=after pfnRandomLong [low=0, high=6, result=2, return=0x72A60999, context=after pfnFreeFile [D:\Steam\steamapps\common\Half-Life\valve\sound\sentences.txt]]]
[2026-03-29 22:33:26.104] [info][general] hl.dll engine callback: pfnRandomLong [low=0, high=8, result=8, return=0x72A609A6, context=after pfnRandomLong [low=0, high=6, result=2, return=0x72A60999, context=after pfnFreeFile [D:\Steam\steamapps\common\Half-Life\valve\sound\sentences.txt]]]
[2026-03-29 22:33:26.104] [info][general] Worldspawn trace: #1283 map=c0a0 edict#0 classname=worldspawn pfnRandomLong [low=0, high=8, result=6, return=0x72A60999, context=after pfnRandomLong [low=0, high=6, result=2, return=0x72A60999, context=after pfnFreeFile [D:\Steam\steamapps\common\Half-Life\valve\sound\sentences.txt]]]
[2026-03-29 22:33:26.104] [info][general] hl.dll engine callback: pfnRandomLong [low=0, high=8, result=6, return=0x72A60999, context=after pfnRandomLong [low=0, high=6, result=2, return=0x72A60999, context=after pfnFreeFile [D:\Steam\steamapps\common\Half-Life\valve\sound\sentences.txt]]]
[2026-03-29 22:33:26.104] [info][general] Worldspawn trace: #1284 map=c0a0 edict#0 classname=worldspawn pfnRandomLong [low=0, high=8, result=5, return=0x72A609A6, context=after pfnRandomLong [low=0, high=6, result=2, return=0x72A60999, context=after pfnFreeFile [D:\Steam\steamapps\common\Half-Life\valve\sound\sentences.txt]]]
[2026-03-29 22:33:26.104] [info][general] hl.dll engine callback: pfnRandomLong [low=0, high=8, result=5, return=0x72A609A6, context=after pfnRandomLong [low=0, high=6, result=2, return=0x72A60999, context=after pfnFreeFile [D:\Steam\steamapps\common\Half-Life\valve\sound\sentences.txt]]]
[2026-03-29 22:33:26.105] [info][general] Worldspawn trace: #1285 map=c0a0 edict#0 classname=worldspawn pfnRandomLong [low=0, high=8, result=1, return=0x72A60999, context=after pfnRandomLong [low=0, high=6, result=2, return=0x72A60999, context=after pfnFreeFile [D:\Steam\steamapps\common\Half-Life\valve\sound\sentences.txt]]]
[2026-03-29 22:33:26.105] [info][general] hl.dll engine callback: pfnRandomLong [low=0, high=8, result=1, return=0x72A60999, context=after pfnRandomLong [low=0, high=6, result=2, return=0x72A60999, context=after pfnFreeFile [D:\Steam\steamapps\common\Half-Life\valve\sound\sentences.txt]]]
[2026-03-29 22:33:26.105] [info][general] Worldspawn trace: #1286 map=c0a0 edict#0 classname=worldspawn pfnRandomLong [low=0, high=8, result=7, return=0x72A609A6, context=after pfnRandomLong [low=0, high=6, result=2, return=0x72A60999, context=after pfnFreeFile [D:\Steam\steamapps\common\Half-Life\valve\sound\sentences.txt]]]
[2026-03-29 22:33:26.105] [info][general] hl.dll engine callback: pfnRandomLong [low=0, high=8, result=7, return=0x72A609A6, context=after pfnRandomLong [low=0, high=6, result=2, return=0x72A60999, context=after pfnFreeFile [D:\Steam\steamapps\common\Half-Life\valve\sound\sentences.txt]]]
[2026-03-29 22:33:26.105] [info][general] Worldspawn trace: #1287 map=c0a0 edict#0 classname=worldspawn pfnRandomLong [low=0, high=8, result=8, return=0x72A60999, context=after pfnRandomLong [low=0, high=6, result=2, return=0x72A60999, context=after pfnFreeFile [D:\Steam\steamapps\common\Half-Life\valve\sound\sentences.txt]]]
[2026-03-29 22:33:26.106] [info][general] hl.dll engine callback: pfnRandomLong [low=0, high=8, result=8, return=0x72A60999, context=after pfnRandomLong [low=0, high=6, result=2, return=0x72A60999, context=after pfnFreeFile [D:\Steam\steamapps\common\Half-Life\valve\sound\sentences.txt]]]
[2026-03-29 22:33:26.106] [info][general] Worldspawn trace: #1288 map=c0a0 edict#0 classname=worldspawn pfnRandomLong [low=0, high=8, result=3, return=0x72A609A6, context=after pfnRandomLong [low=0, high=6, result=2, return=0x72A60999, context=after pfnFreeFile [D:\Steam\steamapps\common\Half-Life\valve\sound\sentences.txt]]]
[2026-03-29 22:33:26.106] [info][general] hl.dll engine callback: pfnRandomLong [low=0, high=8, result=3, return=0x72A609A6, context=after pfnRandomLong [low=0, high=6, result=2, return=0x72A60999, context=after pfnFreeFile [D:\Steam\steamapps\common\Half-Life\valve\sound\sentences.txt]]]
[2026-03-29 22:33:26.106] [info][general] Worldspawn trace: #1289 map=c0a0 edict#0 classname=worldspawn pfnRandomLong [low=0, high=8, result=6, return=0x72A60999, context=after pfnRandomLong [low=0, high=6, result=2, return=0x72A60999, context=after pfnFreeFile [D:\Steam\steamapps\common\Half-Life\valve\sound\sentences.txt]]]
[2026-03-29 22:33:26.106] [info][general] hl.dll engine callback: pfnRandomLong [low=0, high=8, result=6, return=0x72A60999, context=after pfnRandomLong [low=0, high=6, result=2, return=0x72A60999, context=after pfnFreeFile [D:\Steam\steamapps\common\Half-Life\valve\sound\sentences.txt]]]
[2026-03-29 22:33:26.106] [info][general] Worldspawn trace: #1290 map=c0a0 edict#0 classname=worldspawn pfnRandomLong [low=0, high=8, result=2, return=0x72A609A6, context=after pfnRandomLong [low=0, high=6, result=2, return=0x72A60999, context=after pfnFreeFile [D:\Steam\steamapps\common\Half-Life\valve\sound\sentences.txt]]]
[2026-03-29 22:33:26.107] [info][general] hl.dll engine callback: pfnRandomLong [low=0, high=8, result=2, return=0x72A609A6, context=after pfnRandomLong [low=0, high=6, result=2, return=0x72A60999, context=after pfnFreeFile [D:\Steam\steamapps\common\Half-Life\valve\sound\sentences.txt]]]
[2026-03-29 22:33:26.107] [info][general] Worldspawn trace: #1291 map=c0a0 edict#0 classname=worldspawn pfnRandomLong [low=0, high=8, result=3, return=0x72A60999, context=after pfnRandomLong [low=0, high=6, result=2, return=0x72A60999, context=after pfnFreeFile [D:\Steam\steamapps\common\Half-Life\valve\sound\sentences.txt]]]
[2026-03-29 22:33:26.107] [info][general] hl.dll engine callback: pfnRandomLong [low=0, high=8, result=3, return=0x72A60999, context=after pfnRandomLong [low=0, high=6, result=2, return=0x72A60999, context=after pfnFreeFile [D:\Steam\steamapps\common\Half-Life\valve\sound\sentences.txt]]]
[2026-03-29 22:33:26.107] [info][general] Worldspawn trace: #1292 map=c0a0 edict#0 classname=worldspawn pfnRandomLong [low=0, high=8, result=1, return=0x72A609A6, context=after pfnRandomLong [low=0, high=6, result=2, return=0x72A60999, context=after pfnFreeFile [D:\Steam\steamapps\common\Half-Life\valve\sound\sentences.txt]]]
[2026-03-29 22:33:26.107] [info][general] hl.dll engine callback: pfnRandomLong [low=0, high=8, result=1, return=0x72A609A6, context=after pfnRandomLong [low=0, high=6, result=2, return=0x72A60999, context=after pfnFreeFile [D:\Steam\steamapps\common\Half-Life\valve\sound\sentences.txt]]]
[2026-03-29 22:33:26.108] [info][general] Worldspawn trace: #1293 map=c0a0 edict#0 classname=worldspawn pfnRandomLong [low=0, high=8, result=1, return=0x72A60999, context=after pfnRandomLong [low=0, high=6, result=2, return=0x72A60999, context=after pfnFreeFile [D:\Steam\steamapps\common\Half-Life\valve\sound\sentences.txt]]]
[2026-03-29 22:33:26.108] [info][general] hl.dll engine callback: pfnRandomLong [low=0, high=8, result=1, return=0x72A60999, context=after pfnRandomLong [low=0, high=6, result=2, return=0x72A60999, context=after pfnFreeFile [D:\Steam\steamapps\common\Half-Life\valve\sound\sentences.txt]]]
[2026-03-29 22:33:26.108] [info][general] Worldspawn trace: #1294 map=c0a0 edict#0 classname=worldspawn pfnRandomLong [low=0, high=8, result=2, return=0x72A609A6, context=after pfnRandomLong [low=0, high=6, result=2, return=0x72A60999, context=after pfnFreeFile [D:\Steam\steamapps\common\Half-Life\valve\sound\sentences.txt]]]
[2026-03-29 22:33:26.108] [info][general] hl.dll engine callback: pfnRandomLong [low=0, high=8, result=2, return=0x72A609A6, context=after pfnRandomLong [low=0, high=6, result=2, return=0x72A60999, context=after pfnFreeFile [D:\Steam\steamapps\common\Half-Life\valve\sound\sentences.txt]]]
[2026-03-29 22:33:26.108] [info][general] Worldspawn trace: #1295 map=c0a0 edict#0 classname=worldspawn pfnRandomLong [low=0, high=8, result=8, return=0x72A60999, context=after pfnRandomLong [low=0, high=6, result=2, return=0x72A60999, context=after pfnFreeFile [D:\Steam\steamapps\common\Half-Life\valve\sound\sentences.txt]]]
[2026-03-29 22:33:26.109] [info][general] hl.dll engine callback: pfnRandomLong [low=0, high=8, result=8, return=0x72A60999, context=after pfnRandomLong [low=0, high=6, result=2, return=0x72A60999, context=after pfnFreeFile [D:\Steam\steamapps\common\Half-Life\valve\sound\sentences.txt]]]
[2026-03-29 22:33:26.109] [info][general] Worldspawn trace: #1296 map=c0a0 edict#0 classname=worldspawn pfnRandomLong [low=0, high=8, result=3, return=0x72A609A6, context=after pfnRandomLong [low=0, high=6, result=2, return=0x72A60999, context=after pfnFreeFile [D:\Steam\steamapps\common\Half-Life\valve\sound\sentences.txt]]]
[2026-03-29 22:33:26.109] [info][general] hl.dll engine callback: pfnRandomLong [low=0, high=8, result=3, return=0x72A609A6, context=after pfnRandomLong [low=0, high=6, result=2, return=0x72A60999, context=after pfnFreeFile [D:\Steam\steamapps\common\Half-Life\valve\sound\sentences.txt]]]
[2026-03-29 22:33:26.109] [info][general] Worldspawn trace: #1297 map=c0a0 edict#0 classname=worldspawn pfnRandomLong [low=0, high=8, result=5, return=0x72A60999, context=after pfnRandomLong [low=0, high=6, result=2, return=0x72A60999, context=after pfnFreeFile [D:\Steam\steamapps\common\Half-Life\valve\sound\sentences.txt]]]
[2026-03-29 22:33:26.109] [info][general] hl.dll engine callback: pfnRandomLong [low=0, high=8, result=5, return=0x72A60999, context=after pfnRandomLong [low=0, high=6, result=2, return=0x72A60999, context=after pfnFreeFile [D:\Steam\steamapps\common\Half-Life\valve\sound\sentences.txt]]]
[2026-03-29 22:33:26.109] [info][general] Worldspawn trace: #1298 map=c0a0 edict#0 classname=worldspawn pfnRandomLong [low=0, high=8, result=5, return=0x72A609A6, context=after pfnRandomLong [low=0, high=6, result=2, return=0x72A60999, context=after pfnFreeFile [D:\Steam\steamapps\common\Half-Life\valve\sound\sentences.txt]]]
[2026-03-29 22:33:26.110] [info][general] hl.dll engine callback: pfnRandomLong [low=0, high=8, result=5, return=0x72A609A6, context=after pfnRandomLong [low=0, high=6, result=2, return=0x72A60999, context=after pfnFreeFile [D:\Steam\steamapps\common\Half-Life\valve\sound\sentences.txt]]]
[2026-03-29 22:33:26.110] [info][general] Worldspawn trace: #1299 map=c0a0 edict#0 classname=worldspawn pfnRandomLong [low=0, high=8, result=7, return=0x72A60999, context=after pfnRandomLong [low=0, high=6, result=2, return=0x72A60999, context=after pfnFreeFile [D:\Steam\steamapps\common\Half-Life\valve\sound\sentences.txt]]]
[2026-03-29 22:33:26.110] [info][general] hl.dll engine callback: pfnRandomLong [low=0, high=8, result=7, return=0x72A60999, context=after pfnRandomLong [low=0, high=6, result=2, return=0x72A60999, context=after pfnFreeFile [D:\Steam\steamapps\common\Half-Life\valve\sound\sentences.txt]]]
[2026-03-29 22:33:26.110] [info][general] Worldspawn trace: #1300 map=c0a0 edict#0 classname=worldspawn pfnRandomLong [low=0, high=8, result=2, return=0x72A609A6, context=after pfnRandomLong [low=0, high=6, result=2, return=0x72A60999, context=after pfnFreeFile [D:\Steam\steamapps\common\Half-Life\valve\sound\sentences.txt]]]
[2026-03-29 22:33:26.110] [info][general] hl.dll engine callback: pfnRandomLong [low=0, high=8, result=2, return=0x72A609A6, context=after pfnRandomLong [low=0, high=6, result=2, return=0x72A60999, context=after pfnFreeFile [D:\Steam\steamapps\common\Half-Life\valve\sound\sentences.txt]]]
[2026-03-29 22:33:26.110] [info][general] Worldspawn trace: #1301 map=c0a0 edict#0 classname=worldspawn pfnRandomLong [low=0, high=8, result=6, return=0x72A60999, context=after pfnRandomLong [low=0, high=6, result=2, return=0x72A60999, context=after pfnFreeFile [D:\Steam\steamapps\common\Half-Life\valve\sound\sentences.txt]]]
[2026-03-29 22:33:26.111] [info][general] hl.dll engine callback: pfnRandomLong [low=0, high=8, result=6, return=0x72A60999, context=after pfnRandomLong [low=0, high=6, result=2, return=0x72A60999, context=after pfnFreeFile [D:\Steam\steamapps\common\Half-Life\valve\sound\sentences.txt]]]
[2026-03-29 22:33:26.111] [info][general] Worldspawn trace: #1302 map=c0a0 edict#0 classname=worldspawn pfnRandomLong [low=0, high=8, result=0, return=0x72A609A6, context=after pfnRandomLong [low=0, high=6, result=2, return=0x72A60999, context=after pfnFreeFile [D:\Steam\steamapps\common\Half-Life\valve\sound\sentences.txt]]]
[2026-03-29 22:33:26.111] [info][general] hl.dll engine callback: pfnRandomLong [low=0, high=8, result=0, return=0x72A609A6, context=after pfnRandomLong [low=0, high=6, result=2, return=0x72A60999, context=after pfnFreeFile [D:\Steam\steamapps\common\Half-Life\valve\sound\sentences.txt]]]
[2026-03-29 22:33:26.111] [info][general] Worldspawn trace: #1303 map=c0a0 edict#0 classname=worldspawn pfnRandomLong [low=0, high=8, result=6, return=0x72A60999, context=after pfnRandomLong [low=0, high=6, result=2, return=0x72A60999, context=after pfnFreeFile [D:\Steam\steamapps\common\Half-Life\valve\sound\sentences.txt]]]
[2026-03-29 22:33:26.112] [info][general] hl.dll engine callback: pfnRandomLong [low=0, high=8, result=6, return=0x72A60999, context=after pfnRandomLong [low=0, high=6, result=2, return=0x72A60999, context=after pfnFreeFile [D:\Steam\steamapps\common\Half-Life\valve\sound\sentences.txt]]]
[2026-03-29 22:33:26.112] [info][general] Worldspawn trace: #1304 map=c0a0 edict#0 classname=worldspawn pfnRandomLong [low=0, high=8, result=2, return=0x72A609A6, context=after pfnRandomLong [low=0, high=6, result=2, return=0x72A60999, context=after pfnFreeFile [D:\Steam\steamapps\common\Half-Life\valve\sound\sentences.txt]]]
[2026-03-29 22:33:26.112] [info][general] hl.dll engine callback: pfnRandomLong [low=0, high=8, result=2, return=0x72A609A6, context=after pfnRandomLong [low=0, high=6, result=2, return=0x72A60999, context=after pfnFreeFile [D:\Steam\steamapps\common\Half-Life\valve\sound\sentences.txt]]]
[2026-03-29 22:33:26.112] [info][general] Worldspawn trace: #1305 map=c0a0 edict#0 classname=worldspawn pfnRandomLong [low=0, high=8, result=1, return=0x72A60999, context=after pfnRandomLong [low=0, high=6, result=2, return=0x72A60999, context=after pfnFreeFile [D:\Steam\steamapps\common\Half-Life\valve\sound\sentences.txt]]]
[2026-03-29 22:33:26.112] [info][general] hl.dll engine callback: pfnRandomLong [low=0, high=8, result=1, return=0x72A60999, context=after pfnRandomLong [low=0, high=6, result=2, return=0x72A60999, context=after pfnFreeFile [D:\Steam\steamapps\common\Half-Life\valve\sound\sentences.txt]]]
[2026-03-29 22:33:26.113] [info][general] Worldspawn trace: #1306 map=c0a0 edict#0 classname=worldspawn pfnRandomLong [low=0, high=8, result=0, return=0x72A609A6, context=after pfnRandomLong [low=0, high=6, result=2, return=0x72A60999, context=after pfnFreeFile [D:\Steam\steamapps\common\Half-Life\valve\sound\sentences.txt]]]
[2026-03-29 22:33:26.113] [info][general] hl.dll engine callback: pfnRandomLong [low=0, high=8, result=0, return=0x72A609A6, context=after pfnRandomLong [low=0, high=6, result=2, return=0x72A60999, context=after pfnFreeFile [D:\Steam\steamapps\common\Half-Life\valve\sound\sentences.txt]]]
[2026-03-29 22:33:26.113] [info][general] Worldspawn trace: #1307 map=c0a0 edict#0 classname=worldspawn pfnRandomLong [low=0, high=8, result=1, return=0x72A60999, context=after pfnRandomLong [low=0, high=6, result=2, return=0x72A60999, context=after pfnFreeFile [D:\Steam\steamapps\common\Half-Life\valve\sound\sentences.txt]]]
[2026-03-29 22:33:26.113] [info][general] hl.dll engine callback: pfnRandomLong [low=0, high=8, result=1, return=0x72A60999, context=after pfnRandomLong [low=0, high=6, result=2, return=0x72A60999, context=after pfnFreeFile [D:\Steam\steamapps\common\Half-Life\valve\sound\sentences.txt]]]
[2026-03-29 22:33:26.113] [info][general] Worldspawn trace: #1308 map=c0a0 edict#0 classname=worldspawn pfnRandomLong [low=0, high=8, result=8, return=0x72A609A6, context=after pfnRandomLong [low=0, high=6, result=2, return=0x72A60999, context=after pfnFreeFile [D:\Steam\steamapps\common\Half-Life\valve\sound\sentences.txt]]]
[2026-03-29 22:33:26.114] [info][general] hl.dll engine callback: pfnRandomLong [low=0, high=8, result=8, return=0x72A609A6, context=after pfnRandomLong [low=0, high=6, result=2, return=0x72A60999, context=after pfnFreeFile [D:\Steam\steamapps\common\Half-Life\valve\sound\sentences.txt]]]
[2026-03-29 22:33:26.114] [info][general] Worldspawn trace: #1309 map=c0a0 edict#0 classname=worldspawn pfnRandomLong [low=0, high=8, result=1, return=0x72A60999, context=after pfnRandomLong [low=0, high=6, result=2, return=0x72A60999, context=after pfnFreeFile [D:\Steam\steamapps\common\Half-Life\valve\sound\sentences.txt]]]
[2026-03-29 22:33:26.114] [info][general] hl.dll engine callback: pfnRandomLong [low=0, high=8, result=1, return=0x72A60999, context=after pfnRandomLong [low=0, high=6, result=2, return=0x72A60999, context=after pfnFreeFile [D:\Steam\steamapps\common\Half-Life\valve\sound\sentences.txt]]]
[2026-03-29 22:33:26.114] [info][general] Worldspawn trace: #1310 map=c0a0 edict#0 classname=worldspawn pfnRandomLong [low=0, high=8, result=6, return=0x72A609A6, context=after pfnRandomLong [low=0, high=6, result=2, return=0x72A60999, context=after pfnFreeFile [D:\Steam\steamapps\common\Half-Life\valve\sound\sentences.txt]]]
[2026-03-29 22:33:26.115] [info][general] hl.dll engine callback: pfnRandomLong [low=0, high=8, result=6, return=0x72A609A6, context=after pfnRandomLong [low=0, high=6, result=2, return=0x72A60999, context=after pfnFreeFile [D:\Steam\steamapps\common\Half-Life\valve\sound\sentences.txt]]]
[2026-03-29 22:33:26.115] [info][general] Worldspawn trace: #1311 map=c0a0 edict#0 classname=worldspawn pfnRandomLong [low=0, high=8, result=2, return=0x72A60999, context=after pfnRandomLong [low=0, high=6, result=2, return=0x72A60999, context=after pfnFreeFile [D:\Steam\steamapps\common\Half-Life\valve\sound\sentences.txt]]]
[2026-03-29 22:33:26.115] [info][general] hl.dll engine callback: pfnRandomLong [low=0, high=8, result=2, return=0x72A60999, context=after pfnRandomLong [low=0, high=6, result=2, return=0x72A60999, context=after pfnFreeFile [D:\Steam\steamapps\common\Half-Life\valve\sound\sentences.txt]]]
[2026-03-29 22:33:26.115] [info][general] Worldspawn trace: #1312 map=c0a0 edict#0 classname=worldspawn pfnRandomLong [low=0, high=8, result=2, return=0x72A609A6, context=after pfnRandomLong [low=0, high=6, result=2, return=0x72A60999, context=after pfnFreeFile [D:\Steam\steamapps\common\Half-Life\valve\sound\sentences.txt]]]
[2026-03-29 22:33:26.116] [info][general] hl.dll engine callback: pfnRandomLong [low=0, high=8, result=2, return=0x72A609A6, context=after pfnRandomLong [low=0, high=6, result=2, return=0x72A60999, context=after pfnFreeFile [D:\Steam\steamapps\common\Half-Life\valve\sound\sentences.txt]]]
[2026-03-29 22:33:26.116] [info][general] Worldspawn trace: #1313 map=c0a0 edict#0 classname=worldspawn pfnRandomLong [low=0, high=8, result=5, return=0x72A60999, context=after pfnRandomLong [low=0, high=6, result=2, return=0x72A60999, context=after pfnFreeFile [D:\Steam\steamapps\common\Half-Life\valve\sound\sentences.txt]]]
[2026-03-29 22:33:26.116] [info][general] hl.dll engine callback: pfnRandomLong [low=0, high=8, result=5, return=0x72A60999, context=after pfnRandomLong [low=0, high=6, result=2, return=0x72A60999, context=after pfnFreeFile [D:\Steam\steamapps\common\Half-Life\valve\sound\sentences.txt]]]
[2026-03-29 22:33:26.116] [info][general] Worldspawn trace: #1314 map=c0a0 edict#0 classname=worldspawn pfnRandomLong [low=0, high=8, result=5, return=0x72A609A6, context=after pfnRandomLong [low=0, high=6, result=2, return=0x72A60999, context=after pfnFreeFile [D:\Steam\steamapps\common\Half-Life\valve\sound\sentences.txt]]]
[2026-03-29 22:33:26.116] [info][general] hl.dll engine callback: pfnRandomLong [low=0, high=8, result=5, return=0x72A609A6, context=after pfnRandomLong [low=0, high=6, result=2, return=0x72A60999, context=after pfnFreeFile [D:\Steam\steamapps\common\Half-Life\valve\sound\sentences.txt]]]
[2026-03-29 22:33:26.116] [info][general] Worldspawn trace: #1315 map=c0a0 edict#0 classname=worldspawn pfnRandomLong [low=0, high=8, result=2, return=0x72A60999, context=after pfnRandomLong [low=0, high=6, result=2, return=0x72A60999, context=after pfnFreeFile [D:\Steam\steamapps\common\Half-Life\valve\sound\sentences.txt]]]
[2026-03-29 22:33:26.117] [info][general] hl.dll engine callback: pfnRandomLong [low=0, high=8, result=2, return=0x72A60999, context=after pfnRandomLong [low=0, high=6, result=2, return=0x72A60999, context=after pfnFreeFile [D:\Steam\steamapps\common\Half-Life\valve\sound\sentences.txt]]]
[2026-03-29 22:33:26.117] [info][general] Worldspawn trace: #1316 map=c0a0 edict#0 classname=worldspawn pfnRandomLong [low=0, high=8, result=0, return=0x72A609A6, context=after pfnRandomLong [low=0, high=6, result=2, return=0x72A60999, context=after pfnFreeFile [D:\Steam\steamapps\common\Half-Life\valve\sound\sentences.txt]]]
[2026-03-29 22:33:26.117] [info][general] hl.dll engine callback: pfnRandomLong [low=0, high=8, result=0, return=0x72A609A6, context=after pfnRandomLong [low=0, high=6, result=2, return=0x72A60999, context=after pfnFreeFile [D:\Steam\steamapps\common\Half-Life\valve\sound\sentences.txt]]]
[2026-03-29 22:33:26.117] [info][general] Worldspawn trace: #1317 map=c0a0 edict#0 classname=worldspawn pfnRandomLong [low=0, high=8, result=2, return=0x72A60999, context=after pfnRandomLong [low=0, high=6, result=2, return=0x72A60999, context=after pfnFreeFile [D:\Steam\steamapps\common\Half-Life\valve\sound\sentences.txt]]]
[2026-03-29 22:33:26.118] [info][general] hl.dll engine callback: pfnRandomLong [low=0, high=8, result=2, return=0x72A60999, context=after pfnRandomLong [low=0, high=6, result=2, return=0x72A60999, context=after pfnFreeFile [D:\Steam\steamapps\common\Half-Life\valve\sound\sentences.txt]]]
[2026-03-29 22:33:26.118] [info][general] Worldspawn trace: #1318 map=c0a0 edict#0 classname=worldspawn pfnRandomLong [low=0, high=8, result=2, return=0x72A609A6, context=after pfnRandomLong [low=0, high=6, result=2, return=0x72A60999, context=after pfnFreeFile [D:\Steam\steamapps\common\Half-Life\valve\sound\sentences.txt]]]
[2026-03-29 22:33:26.118] [info][general] hl.dll engine callback: pfnRandomLong [low=0, high=8, result=2, return=0x72A609A6, context=after pfnRandomLong [low=0, high=6, result=2, return=0x72A60999, context=after pfnFreeFile [D:\Steam\steamapps\common\Half-Life\valve\sound\sentences.txt]]]
[2026-03-29 22:33:26.118] [info][general] Worldspawn trace: #1319 map=c0a0 edict#0 classname=worldspawn pfnRandomLong [low=0, high=8, result=0, return=0x72A60999, context=after pfnRandomLong [low=0, high=6, result=2, return=0x72A60999, context=after pfnFreeFile [D:\Steam\steamapps\common\Half-Life\valve\sound\sentences.txt]]]
[2026-03-29 22:33:26.118] [info][general] hl.dll engine callback: pfnRandomLong [low=0, high=8, result=0, return=0x72A60999, context=after pfnRandomLong [low=0, high=6, result=2, return=0x72A60999, context=after pfnFreeFile [D:\Steam\steamapps\common\Half-Life\valve\sound\sentences.txt]]]
[2026-03-29 22:33:26.119] [info][general] Worldspawn trace: #1320 map=c0a0 edict#0 classname=worldspawn pfnRandomLong [low=0, high=8, result=4, return=0x72A609A6, context=after pfnRandomLong [low=0, high=6, result=2, return=0x72A60999, context=after pfnFreeFile [D:\Steam\steamapps\common\Half-Life\valve\sound\sentences.txt]]]
[2026-03-29 22:33:26.119] [info][general] hl.dll engine callback: pfnRandomLong [low=0, high=8, result=4, return=0x72A609A6, context=after pfnRandomLong [low=0, high=6, result=2, return=0x72A60999, context=after pfnFreeFile [D:\Steam\steamapps\common\Half-Life\valve\sound\sentences.txt]]]
[2026-03-29 22:33:26.119] [info][general] Worldspawn trace: #1321 map=c0a0 edict#0 classname=worldspawn pfnRandomLong [low=0, high=8, result=7, return=0x72A60999, context=after pfnRandomLong [low=0, high=6, result=2, return=0x72A60999, context=after pfnFreeFile [D:\Steam\steamapps\common\Half-Life\valve\sound\sentences.txt]]]
[2026-03-29 22:33:26.119] [info][general] hl.dll engine callback: pfnRandomLong [low=0, high=8, result=7, return=0x72A60999, context=after pfnRandomLong [low=0, high=6, result=2, return=0x72A60999, context=after pfnFreeFile [D:\Steam\steamapps\common\Half-Life\valve\sound\sentences.txt]]]
[2026-03-29 22:33:26.119] [info][general] Worldspawn trace: #1322 map=c0a0 edict#0 classname=worldspawn pfnRandomLong [low=0, high=8, result=7, return=0x72A609A6, context=after pfnRandomLong [low=0, high=6, result=2, return=0x72A60999, context=after pfnFreeFile [D:\Steam\steamapps\common\Half-Life\valve\sound\sentences.txt]]]
[2026-03-29 22:33:26.119] [info][general] hl.dll engine callback: pfnRandomLong [low=0, high=8, result=7, return=0x72A609A6, context=after pfnRandomLong [low=0, high=6, result=2, return=0x72A60999, context=after pfnFreeFile [D:\Steam\steamapps\common\Half-Life\valve\sound\sentences.txt]]]
[2026-03-29 22:33:26.120] [info][general] Worldspawn trace: #1323 map=c0a0 edict#0 classname=worldspawn pfnRandomLong [low=0, high=8, result=8, return=0x72A60999, context=after pfnRandomLong [low=0, high=6, result=2, return=0x72A60999, context=after pfnFreeFile [D:\Steam\steamapps\common\Half-Life\valve\sound\sentences.txt]]]
[2026-03-29 22:33:26.120] [info][general] hl.dll engine callback: pfnRandomLong [low=0, high=8, result=8, return=0x72A60999, context=after pfnRandomLong [low=0, high=6, result=2, return=0x72A60999, context=after pfnFreeFile [D:\Steam\steamapps\common\Half-Life\valve\sound\sentences.txt]]]
[2026-03-29 22:33:26.120] [info][general] Worldspawn trace: #1324 map=c0a0 edict#0 classname=worldspawn pfnRandomLong [low=0, high=8, result=8, return=0x72A609A6, context=after pfnRandomLong [low=0, high=6, result=2, return=0x72A60999, context=after pfnFreeFile [D:\Steam\steamapps\common\Half-Life\valve\sound\sentences.txt]]]
[2026-03-29 22:33:26.120] [info][general] hl.dll engine callback: pfnRandomLong [low=0, high=8, result=8, return=0x72A609A6, context=after pfnRandomLong [low=0, high=6, result=2, return=0x72A60999, context=after pfnFreeFile [D:\Steam\steamapps\common\Half-Life\valve\sound\sentences.txt]]]
[2026-03-29 22:33:26.120] [info][general] Worldspawn trace: #1325 map=c0a0 edict#0 classname=worldspawn pfnRandomLong [low=0, high=8, result=1, return=0x72A60999, context=after pfnRandomLong [low=0, high=6, result=2, return=0x72A60999, context=after pfnFreeFile [D:\Steam\steamapps\common\Half-Life\valve\sound\sentences.txt]]]
[2026-03-29 22:33:26.120] [info][general] hl.dll engine callback: pfnRandomLong [low=0, high=8, result=1, return=0x72A60999, context=after pfnRandomLong [low=0, high=6, result=2, return=0x72A60999, context=after pfnFreeFile [D:\Steam\steamapps\common\Half-Life\valve\sound\sentences.txt]]]
[2026-03-29 22:33:26.121] [info][general] Worldspawn trace: #1326 map=c0a0 edict#0 classname=worldspawn pfnRandomLong [low=0, high=8, result=5, return=0x72A609A6, context=after pfnRandomLong [low=0, high=6, result=2, return=0x72A60999, context=after pfnFreeFile [D:\Steam\steamapps\common\Half-Life\valve\sound\sentences.txt]]]
[2026-03-29 22:33:26.121] [info][general] hl.dll engine callback: pfnRandomLong [low=0, high=8, result=5, return=0x72A609A6, context=after pfnRandomLong [low=0, high=6, result=2, return=0x72A60999, context=after pfnFreeFile [D:\Steam\steamapps\common\Half-Life\valve\sound\sentences.txt]]]
[2026-03-29 22:33:26.121] [info][general] Worldspawn trace: #1327 map=c0a0 edict#0 classname=worldspawn pfnRandomLong [low=0, high=8, result=4, return=0x72A60999, context=after pfnRandomLong [low=0, high=6, result=2, return=0x72A60999, context=after pfnFreeFile [D:\Steam\steamapps\common\Half-Life\valve\sound\sentences.txt]]]
[2026-03-29 22:33:26.121] [info][general] hl.dll engine callback: pfnRandomLong [low=0, high=8, result=4, return=0x72A60999, context=after pfnRandomLong [low=0, high=6, result=2, return=0x72A60999, context=after pfnFreeFile [D:\Steam\steamapps\common\Half-Life\valve\sound\sentences.txt]]]
[2026-03-29 22:33:26.122] [info][general] Worldspawn trace: #1328 map=c0a0 edict#0 classname=worldspawn pfnRandomLong [low=0, high=8, result=7, return=0x72A609A6, context=after pfnRandomLong [low=0, high=6, result=2, return=0x72A60999, context=after pfnFreeFile [D:\Steam\steamapps\common\Half-Life\valve\sound\sentences.txt]]]
[2026-03-29 22:33:26.122] [info][general] hl.dll engine callback: pfnRandomLong [low=0, high=8, result=7, return=0x72A609A6, context=after pfnRandomLong [low=0, high=6, result=2, return=0x72A60999, context=after pfnFreeFile [D:\Steam\steamapps\common\Half-Life\valve\sound\sentences.txt]]]
[2026-03-29 22:33:26.122] [info][general] Worldspawn trace: #1329 map=c0a0 edict#0 classname=worldspawn pfnRandomLong [low=0, high=8, result=8, return=0x72A60999, context=after pfnRandomLong [low=0, high=6, result=2, return=0x72A60999, context=after pfnFreeFile [D:\Steam\steamapps\common\Half-Life\valve\sound\sentences.txt]]]
[2026-03-29 22:33:26.123] [info][general] hl.dll engine callback: pfnRandomLong [low=0, high=8, result=8, return=0x72A60999, context=after pfnRandomLong [low=0, high=6, result=2, return=0x72A60999, context=after pfnFreeFile [D:\Steam\steamapps\common\Half-Life\valve\sound\sentences.txt]]]
[2026-03-29 22:33:26.123] [info][general] Worldspawn trace: #1330 map=c0a0 edict#0 classname=worldspawn pfnRandomLong [low=0, high=8, result=8, return=0x72A609A6, context=after pfnRandomLong [low=0, high=6, result=2, return=0x72A60999, context=after pfnFreeFile [D:\Steam\steamapps\common\Half-Life\valve\sound\sentences.txt]]]
[2026-03-29 22:33:26.123] [info][general] hl.dll engine callback: pfnRandomLong [low=0, high=8, result=8, return=0x72A609A6, context=after pfnRandomLong [low=0, high=6, result=2, return=0x72A60999, context=after pfnFreeFile [D:\Steam\steamapps\common\Half-Life\valve\sound\sentences.txt]]]
[2026-03-29 22:33:26.123] [info][general] Worldspawn trace: #1331 map=c0a0 edict#0 classname=worldspawn pfnRandomLong [low=0, high=8, result=3, return=0x72A60999, context=after pfnRandomLong [low=0, high=6, result=2, return=0x72A60999, context=after pfnFreeFile [D:\Steam\steamapps\common\Half-Life\valve\sound\sentences.txt]]]
[2026-03-29 22:33:26.123] [info][general] hl.dll engine callback: pfnRandomLong [low=0, high=8, result=3, return=0x72A60999, context=after pfnRandomLong [low=0, high=6, result=2, return=0x72A60999, context=after pfnFreeFile [D:\Steam\steamapps\common\Half-Life\valve\sound\sentences.txt]]]
[2026-03-29 22:33:26.123] [info][general] Worldspawn trace: #1332 map=c0a0 edict#0 classname=worldspawn pfnRandomLong [low=0, high=8, result=6, return=0x72A609A6, context=after pfnRandomLong [low=0, high=6, result=2, return=0x72A60999, context=after pfnFreeFile [D:\Steam\steamapps\common\Half-Life\valve\sound\sentences.txt]]]
[2026-03-29 22:33:26.124] [info][general] hl.dll engine callback: pfnRandomLong [low=0, high=8, result=6, return=0x72A609A6, context=after pfnRandomLong [low=0, high=6, result=2, return=0x72A60999, context=after pfnFreeFile [D:\Steam\steamapps\common\Half-Life\valve\sound\sentences.txt]]]
[2026-03-29 22:33:26.124] [info][general] Worldspawn trace: #1333 map=c0a0 edict#0 classname=worldspawn pfnRandomLong [low=0, high=8, result=3, return=0x72A60999, context=after pfnRandomLong [low=0, high=6, result=2, return=0x72A60999, context=after pfnFreeFile [D:\Steam\steamapps\common\Half-Life\valve\sound\sentences.txt]]]
[2026-03-29 22:33:26.124] [info][general] hl.dll engine callback: pfnRandomLong [low=0, high=8, result=3, return=0x72A60999, context=after pfnRandomLong [low=0, high=6, result=2, return=0x72A60999, context=after pfnFreeFile [D:\Steam\steamapps\common\Half-Life\valve\sound\sentences.txt]]]
[2026-03-29 22:33:26.124] [info][general] Worldspawn trace: #1334 map=c0a0 edict#0 classname=worldspawn pfnRandomLong [low=0, high=8, result=4, return=0x72A609A6, context=after pfnRandomLong [low=0, high=6, result=2, return=0x72A60999, context=after pfnFreeFile [D:\Steam\steamapps\common\Half-Life\valve\sound\sentences.txt]]]
[2026-03-29 22:33:26.124] [info][general] hl.dll engine callback: pfnRandomLong [low=0, high=8, result=4, return=0x72A609A6, context=after pfnRandomLong [low=0, high=6, result=2, return=0x72A60999, context=after pfnFreeFile [D:\Steam\steamapps\common\Half-Life\valve\sound\sentences.txt]]]
[2026-03-29 22:33:26.125] [info][general] Worldspawn trace: #1335 map=c0a0 edict#0 classname=worldspawn pfnRandomLong [low=0, high=8, result=0, return=0x72A60999, context=after pfnRandomLong [low=0, high=6, result=2, return=0x72A60999, context=after pfnFreeFile [D:\Steam\steamapps\common\Half-Life\valve\sound\sentences.txt]]]
[2026-03-29 22:33:26.125] [info][general] hl.dll engine callback: pfnRandomLong [low=0, high=8, result=0, return=0x72A60999, context=after pfnRandomLong [low=0, high=6, result=2, return=0x72A60999, context=after pfnFreeFile [D:\Steam\steamapps\common\Half-Life\valve\sound\sentences.txt]]]
[2026-03-29 22:33:26.125] [info][general] Worldspawn trace: #1336 map=c0a0 edict#0 classname=worldspawn pfnRandomLong [low=0, high=8, result=4, return=0x72A609A6, context=after pfnRandomLong [low=0, high=6, result=2, return=0x72A60999, context=after pfnFreeFile [D:\Steam\steamapps\common\Half-Life\valve\sound\sentences.txt]]]
[2026-03-29 22:33:26.125] [info][general] hl.dll engine callback: pfnRandomLong [low=0, high=8, result=4, return=0x72A609A6, context=after pfnRandomLong [low=0, high=6, result=2, return=0x72A60999, context=after pfnFreeFile [D:\Steam\steamapps\common\Half-Life\valve\sound\sentences.txt]]]
[2026-03-29 22:33:26.125] [info][general] Worldspawn trace: #1337 map=c0a0 edict#0 classname=worldspawn pfnRandomLong [low=0, high=8, result=6, return=0x72A60999, context=after pfnRandomLong [low=0, high=6, result=2, return=0x72A60999, context=after pfnFreeFile [D:\Steam\steamapps\common\Half-Life\valve\sound\sentences.txt]]]
[2026-03-29 22:33:26.125] [info][general] hl.dll engine callback: pfnRandomLong [low=0, high=8, result=6, return=0x72A60999, context=after pfnRandomLong [low=0, high=6, result=2, return=0x72A60999, context=after pfnFreeFile [D:\Steam\steamapps\common\Half-Life\valve\sound\sentences.txt]]]
[2026-03-29 22:33:26.126] [info][general] Worldspawn trace: #1338 map=c0a0 edict#0 classname=worldspawn pfnRandomLong [low=0, high=8, result=6, return=0x72A609A6, context=after pfnRandomLong [low=0, high=6, result=2, return=0x72A60999, context=after pfnFreeFile [D:\Steam\steamapps\common\Half-Life\valve\sound\sentences.txt]]]
[2026-03-29 22:33:26.126] [info][general] hl.dll engine callback: pfnRandomLong [low=0, high=8, result=6, return=0x72A609A6, context=after pfnRandomLong [low=0, high=6, result=2, return=0x72A60999, context=after pfnFreeFile [D:\Steam\steamapps\common\Half-Life\valve\sound\sentences.txt]]]
[2026-03-29 22:33:26.126] [info][general] Worldspawn trace: #1339 map=c0a0 edict#0 classname=worldspawn pfnRandomLong [low=0, high=8, result=2, return=0x72A60999, context=after pfnRandomLong [low=0, high=6, result=2, return=0x72A60999, context=after pfnFreeFile [D:\Steam\steamapps\common\Half-Life\valve\sound\sentences.txt]]]
[2026-03-29 22:33:26.126] [info][general] hl.dll engine callback: pfnRandomLong [low=0, high=8, result=2, return=0x72A60999, context=after pfnRandomLong [low=0, high=6, result=2, return=0x72A60999, context=after pfnFreeFile [D:\Steam\steamapps\common\Half-Life\valve\sound\sentences.txt]]]
[2026-03-29 22:33:26.126] [info][general] Worldspawn trace: #1340 map=c0a0 edict#0 classname=worldspawn pfnRandomLong [low=0, high=8, result=7, return=0x72A609A6, context=after pfnRandomLong [low=0, high=6, result=2, return=0x72A60999, context=after pfnFreeFile [D:\Steam\steamapps\common\Half-Life\valve\sound\sentences.txt]]]
[2026-03-29 22:33:26.127] [info][general] hl.dll engine callback: pfnRandomLong [low=0, high=8, result=7, return=0x72A609A6, context=after pfnRandomLong [low=0, high=6, result=2, return=0x72A60999, context=after pfnFreeFile [D:\Steam\steamapps\common\Half-Life\valve\sound\sentences.txt]]]
[2026-03-29 22:33:26.127] [info][general] Worldspawn trace: #1341 map=c0a0 edict#0 classname=worldspawn pfnRandomLong [low=0, high=8, result=5, return=0x72A60999, context=after pfnRandomLong [low=0, high=6, result=2, return=0x72A60999, context=after pfnFreeFile [D:\Steam\steamapps\common\Half-Life\valve\sound\sentences.txt]]]
[2026-03-29 22:33:26.127] [info][general] hl.dll engine callback: pfnRandomLong [low=0, high=8, result=5, return=0x72A60999, context=after pfnRandomLong [low=0, high=6, result=2, return=0x72A60999, context=after pfnFreeFile [D:\Steam\steamapps\common\Half-Life\valve\sound\sentences.txt]]]
[2026-03-29 22:33:26.127] [info][general] Worldspawn trace: #1342 map=c0a0 edict#0 classname=worldspawn pfnRandomLong [low=0, high=8, result=6, return=0x72A609A6, context=after pfnRandomLong [low=0, high=6, result=2, return=0x72A60999, context=after pfnFreeFile [D:\Steam\steamapps\common\Half-Life\valve\sound\sentences.txt]]]
[2026-03-29 22:33:26.127] [info][general] hl.dll engine callback: pfnRandomLong [low=0, high=8, result=6, return=0x72A609A6, context=after pfnRandomLong [low=0, high=6, result=2, return=0x72A60999, context=after pfnFreeFile [D:\Steam\steamapps\common\Half-Life\valve\sound\sentences.txt]]]
[2026-03-29 22:33:26.128] [info][general] Worldspawn trace: #1343 map=c0a0 edict#0 classname=worldspawn pfnRandomLong [low=0, high=8, result=5, return=0x72A60999, context=after pfnRandomLong [low=0, high=6, result=2, return=0x72A60999, context=after pfnFreeFile [D:\Steam\steamapps\common\Half-Life\valve\sound\sentences.txt]]]
[2026-03-29 22:33:26.132] [info][general] hl.dll engine callback: pfnRandomLong [low=0, high=8, result=5, return=0x72A60999, context=after pfnRandomLong [low=0, high=6, result=2, return=0x72A60999, context=after pfnFreeFile [D:\Steam\steamapps\common\Half-Life\valve\sound\sentences.txt]]]
[2026-03-29 22:33:26.132] [info][general] Worldspawn trace: #1344 map=c0a0 edict#0 classname=worldspawn pfnRandomLong [low=0, high=8, result=4, return=0x72A609A6, context=after pfnRandomLong [low=0, high=6, result=2, return=0x72A60999, context=after pfnFreeFile [D:\Steam\steamapps\common\Half-Life\valve\sound\sentences.txt]]]
[2026-03-29 22:33:26.132] [info][general] hl.dll engine callback: pfnRandomLong [low=0, high=8, result=4, return=0x72A609A6, context=after pfnRandomLong [low=0, high=6, result=2, return=0x72A60999, context=after pfnFreeFile [D:\Steam\steamapps\common\Half-Life\valve\sound\sentences.txt]]]
[2026-03-29 22:33:26.133] [info][general] Worldspawn trace: #1345 map=c0a0 edict#0 classname=worldspawn pfnRandomLong [low=0, high=8, result=1, return=0x72A60999, context=after pfnRandomLong [low=0, high=6, result=2, return=0x72A60999, context=after pfnFreeFile [D:\Steam\steamapps\common\Half-Life\valve\sound\sentences.txt]]]
[2026-03-29 22:33:26.133] [info][general] hl.dll engine callback: pfnRandomLong [low=0, high=8, result=1, return=0x72A60999, context=after pfnRandomLong [low=0, high=6, result=2, return=0x72A60999, context=after pfnFreeFile [D:\Steam\steamapps\common\Half-Life\valve\sound\sentences.txt]]]
[2026-03-29 22:33:26.134] [info][general] Worldspawn trace: #1346 map=c0a0 edict#0 classname=worldspawn pfnRandomLong [low=0, high=8, result=5, return=0x72A609A6, context=after pfnRandomLong [low=0, high=6, result=2, return=0x72A60999, context=after pfnFreeFile [D:\Steam\steamapps\common\Half-Life\valve\sound\sentences.txt]]]
[2026-03-29 22:33:26.134] [info][general] hl.dll engine callback: pfnRandomLong [low=0, high=8, result=5, return=0x72A609A6, context=after pfnRandomLong [low=0, high=6, result=2, return=0x72A60999, context=after pfnFreeFile [D:\Steam\steamapps\common\Half-Life\valve\sound\sentences.txt]]]
[2026-03-29 22:33:26.134] [info][general] Worldspawn trace: #1347 map=c0a0 edict#0 classname=worldspawn pfnRandomLong [low=0, high=8, result=5, return=0x72A60999, context=after pfnRandomLong [low=0, high=6, result=2, return=0x72A60999, context=after pfnFreeFile [D:\Steam\steamapps\common\Half-Life\valve\sound\sentences.txt]]]
[2026-03-29 22:33:26.137] [info][general] hl.dll engine callback: pfnRandomLong [low=0, high=8, result=5, return=0x72A60999, context=after pfnRandomLong [low=0, high=6, result=2, return=0x72A60999, context=after pfnFreeFile [D:\Steam\steamapps\common\Half-Life\valve\sound\sentences.txt]]]
[2026-03-29 22:33:26.138] [info][general] Worldspawn trace: #1348 map=c0a0 edict#0 classname=worldspawn pfnRandomLong [low=0, high=8, result=8, return=0x72A609A6, context=after pfnRandomLong [low=0, high=6, result=2, return=0x72A60999, context=after pfnFreeFile [D:\Steam\steamapps\common\Half-Life\valve\sound\sentences.txt]]]
[2026-03-29 22:33:26.138] [info][general] hl.dll engine callback: pfnRandomLong [low=0, high=8, result=8, return=0x72A609A6, context=after pfnRandomLong [low=0, high=6, result=2, return=0x72A60999, context=after pfnFreeFile [D:\Steam\steamapps\common\Half-Life\valve\sound\sentences.txt]]]
[2026-03-29 22:33:26.138] [info][general] Worldspawn trace: #1349 map=c0a0 edict#0 classname=worldspawn pfnRandomLong [low=0, high=8, result=3, return=0x72A60999, context=after pfnRandomLong [low=0, high=6, result=2, return=0x72A60999, context=after pfnFreeFile [D:\Steam\steamapps\common\Half-Life\valve\sound\sentences.txt]]]
[2026-03-29 22:33:26.139] [info][general] hl.dll engine callback: pfnRandomLong [low=0, high=8, result=3, return=0x72A60999, context=after pfnRandomLong [low=0, high=6, result=2, return=0x72A60999, context=after pfnFreeFile [D:\Steam\steamapps\common\Half-Life\valve\sound\sentences.txt]]]
[2026-03-29 22:33:26.139] [info][general] Worldspawn trace: #1350 map=c0a0 edict#0 classname=worldspawn pfnRandomLong [low=0, high=8, result=6, return=0x72A609A6, context=after pfnRandomLong [low=0, high=6, result=2, return=0x72A60999, context=after pfnFreeFile [D:\Steam\steamapps\common\Half-Life\valve\sound\sentences.txt]]]
[2026-03-29 22:33:26.139] [info][general] hl.dll engine callback: pfnRandomLong [low=0, high=8, result=6, return=0x72A609A6, context=after pfnRandomLong [low=0, high=6, result=2, return=0x72A60999, context=after pfnFreeFile [D:\Steam\steamapps\common\Half-Life\valve\sound\sentences.txt]]]
[2026-03-29 22:33:26.139] [info][general] Worldspawn trace: #1351 map=c0a0 edict#0 classname=worldspawn pfnRandomLong [low=0, high=8, result=6, return=0x72A60999, context=after pfnRandomLong [low=0, high=6, result=2, return=0x72A60999, context=after pfnFreeFile [D:\Steam\steamapps\common\Half-Life\valve\sound\sentences.txt]]]
[2026-03-29 22:33:26.139] [info][general] hl.dll engine callback: pfnRandomLong [low=0, high=8, result=6, return=0x72A60999, context=after pfnRandomLong [low=0, high=6, result=2, return=0x72A60999, context=after pfnFreeFile [D:\Steam\steamapps\common\Half-Life\valve\sound\sentences.txt]]]
[2026-03-29 22:33:26.140] [info][general] Worldspawn trace: #1352 map=c0a0 edict#0 classname=worldspawn pfnRandomLong [low=0, high=8, result=2, return=0x72A609A6, context=after pfnRandomLong [low=0, high=6, result=2, return=0x72A60999, context=after pfnFreeFile [D:\Steam\steamapps\common\Half-Life\valve\sound\sentences.txt]]]
[2026-03-29 22:33:26.140] [info][general] hl.dll engine callback: pfnRandomLong [low=0, high=8, result=2, return=0x72A609A6, context=after pfnRandomLong [low=0, high=6, result=2, return=0x72A60999, context=after pfnFreeFile [D:\Steam\steamapps\common\Half-Life\valve\sound\sentences.txt]]]
[2026-03-29 22:33:26.140] [info][general] Worldspawn trace: #1353 map=c0a0 edict#0 classname=worldspawn pfnRandomLong [low=0, high=8, result=4, return=0x72A60999, context=after pfnRandomLong [low=0, high=6, result=2, return=0x72A60999, context=after pfnFreeFile [D:\Steam\steamapps\common\Half-Life\valve\sound\sentences.txt]]]
[2026-03-29 22:33:26.140] [info][general] hl.dll engine callback: pfnRandomLong [low=0, high=8, result=4, return=0x72A60999, context=after pfnRandomLong [low=0, high=6, result=2, return=0x72A60999, context=after pfnFreeFile [D:\Steam\steamapps\common\Half-Life\valve\sound\sentences.txt]]]
[2026-03-29 22:33:26.140] [info][general] Worldspawn trace: #1354 map=c0a0 edict#0 classname=worldspawn pfnRandomLong [low=0, high=8, result=8, return=0x72A609A6, context=after pfnRandomLong [low=0, high=6, result=2, return=0x72A60999, context=after pfnFreeFile [D:\Steam\steamapps\common\Half-Life\valve\sound\sentences.txt]]]
[2026-03-29 22:33:26.141] [info][general] hl.dll engine callback: pfnRandomLong [low=0, high=8, result=8, return=0x72A609A6, context=after pfnRandomLong [low=0, high=6, result=2, return=0x72A60999, context=after pfnFreeFile [D:\Steam\steamapps\common\Half-Life\valve\sound\sentences.txt]]]
[2026-03-29 22:33:26.141] [info][general] Worldspawn trace: #1355 map=c0a0 edict#0 classname=worldspawn pfnRandomLong [low=0, high=8, result=1, return=0x72A60999, context=after pfnRandomLong [low=0, high=6, result=2, return=0x72A60999, context=after pfnFreeFile [D:\Steam\steamapps\common\Half-Life\valve\sound\sentences.txt]]]
[2026-03-29 22:33:26.141] [info][general] hl.dll engine callback: pfnRandomLong [low=0, high=8, result=1, return=0x72A60999, context=after pfnRandomLong [low=0, high=6, result=2, return=0x72A60999, context=after pfnFreeFile [D:\Steam\steamapps\common\Half-Life\valve\sound\sentences.txt]]]
[2026-03-29 22:33:26.141] [info][general] Worldspawn trace: #1356 map=c0a0 edict#0 classname=worldspawn pfnRandomLong [low=0, high=8, result=1, return=0x72A609A6, context=after pfnRandomLong [low=0, high=6, result=2, return=0x72A60999, context=after pfnFreeFile [D:\Steam\steamapps\common\Half-Life\valve\sound\sentences.txt]]]
[2026-03-29 22:33:26.141] [info][general] hl.dll engine callback: pfnRandomLong [low=0, high=8, result=1, return=0x72A609A6, context=after pfnRandomLong [low=0, high=6, result=2, return=0x72A60999, context=after pfnFreeFile [D:\Steam\steamapps\common\Half-Life\valve\sound\sentences.txt]]]
[2026-03-29 22:33:26.141] [info][general] Worldspawn trace: #1357 map=c0a0 edict#0 classname=worldspawn pfnRandomLong [low=0, high=8, result=7, return=0x72A60999, context=after pfnRandomLong [low=0, high=6, result=2, return=0x72A60999, context=after pfnFreeFile [D:\Steam\steamapps\common\Half-Life\valve\sound\sentences.txt]]]
[2026-03-29 22:33:26.142] [info][general] hl.dll engine callback: pfnRandomLong [low=0, high=8, result=7, return=0x72A60999, context=after pfnRandomLong [low=0, high=6, result=2, return=0x72A60999, context=after pfnFreeFile [D:\Steam\steamapps\common\Half-Life\valve\sound\sentences.txt]]]
[2026-03-29 22:33:26.142] [info][general] Worldspawn trace: #1358 map=c0a0 edict#0 classname=worldspawn pfnRandomLong [low=0, high=8, result=5, return=0x72A609A6, context=after pfnRandomLong [low=0, high=6, result=2, return=0x72A60999, context=after pfnFreeFile [D:\Steam\steamapps\common\Half-Life\valve\sound\sentences.txt]]]
[2026-03-29 22:33:26.142] [info][general] hl.dll engine callback: pfnRandomLong [low=0, high=8, result=5, return=0x72A609A6, context=after pfnRandomLong [low=0, high=6, result=2, return=0x72A60999, context=after pfnFreeFile [D:\Steam\steamapps\common\Half-Life\valve\sound\sentences.txt]]]
[2026-03-29 22:33:26.142] [info][general] Worldspawn trace: #1359 map=c0a0 edict#0 classname=worldspawn pfnRandomLong [low=0, high=8, result=2, return=0x72A60999, context=after pfnRandomLong [low=0, high=6, result=2, return=0x72A60999, context=after pfnFreeFile [D:\Steam\steamapps\common\Half-Life\valve\sound\sentences.txt]]]
[2026-03-29 22:33:26.142] [info][general] hl.dll engine callback: pfnRandomLong [low=0, high=8, result=2, return=0x72A60999, context=after pfnRandomLong [low=0, high=6, result=2, return=0x72A60999, context=after pfnFreeFile [D:\Steam\steamapps\common\Half-Life\valve\sound\sentences.txt]]]
[2026-03-29 22:33:26.142] [info][general] Worldspawn trace: #1360 map=c0a0 edict#0 classname=worldspawn pfnRandomLong [low=0, high=8, result=3, return=0x72A609A6, context=after pfnRandomLong [low=0, high=6, result=2, return=0x72A60999, context=after pfnFreeFile [D:\Steam\steamapps\common\Half-Life\valve\sound\sentences.txt]]]
[2026-03-29 22:33:26.143] [info][general] hl.dll engine callback: pfnRandomLong [low=0, high=8, result=3, return=0x72A609A6, context=after pfnRandomLong [low=0, high=6, result=2, return=0x72A60999, context=after pfnFreeFile [D:\Steam\steamapps\common\Half-Life\valve\sound\sentences.txt]]]
[2026-03-29 22:33:26.143] [info][general] Worldspawn trace: #1361 map=c0a0 edict#0 classname=worldspawn pfnRandomLong [low=0, high=8, result=5, return=0x72A60999, context=after pfnRandomLong [low=0, high=6, result=2, return=0x72A60999, context=after pfnFreeFile [D:\Steam\steamapps\common\Half-Life\valve\sound\sentences.txt]]]
[2026-03-29 22:33:26.143] [info][general] hl.dll engine callback: pfnRandomLong [low=0, high=8, result=5, return=0x72A60999, context=after pfnRandomLong [low=0, high=6, result=2, return=0x72A60999, context=after pfnFreeFile [D:\Steam\steamapps\common\Half-Life\valve\sound\sentences.txt]]]
[2026-03-29 22:33:26.143] [info][general] Worldspawn trace: #1362 map=c0a0 edict#0 classname=worldspawn pfnRandomLong [low=0, high=8, result=4, return=0x72A609A6, context=after pfnRandomLong [low=0, high=6, result=2, return=0x72A60999, context=after pfnFreeFile [D:\Steam\steamapps\common\Half-Life\valve\sound\sentences.txt]]]
[2026-03-29 22:33:26.144] [info][general] hl.dll engine callback: pfnRandomLong [low=0, high=8, result=4, return=0x72A609A6, context=after pfnRandomLong [low=0, high=6, result=2, return=0x72A60999, context=after pfnFreeFile [D:\Steam\steamapps\common\Half-Life\valve\sound\sentences.txt]]]
[2026-03-29 22:33:26.144] [info][general] Worldspawn trace: #1363 map=c0a0 edict#0 classname=worldspawn pfnRandomLong [low=0, high=8, result=4, return=0x72A60999, context=after pfnRandomLong [low=0, high=6, result=2, return=0x72A60999, context=after pfnFreeFile [D:\Steam\steamapps\common\Half-Life\valve\sound\sentences.txt]]]
[2026-03-29 22:33:26.144] [info][general] hl.dll engine callback: pfnRandomLong [low=0, high=8, result=4, return=0x72A60999, context=after pfnRandomLong [low=0, high=6, result=2, return=0x72A60999, context=after pfnFreeFile [D:\Steam\steamapps\common\Half-Life\valve\sound\sentences.txt]]]
[2026-03-29 22:33:26.144] [info][general] Worldspawn trace: #1364 map=c0a0 edict#0 classname=worldspawn pfnRandomLong [low=0, high=8, result=8, return=0x72A609A6, context=after pfnRandomLong [low=0, high=6, result=2, return=0x72A60999, context=after pfnFreeFile [D:\Steam\steamapps\common\Half-Life\valve\sound\sentences.txt]]]
[2026-03-29 22:33:26.144] [info][general] hl.dll engine callback: pfnRandomLong [low=0, high=8, result=8, return=0x72A609A6, context=after pfnRandomLong [low=0, high=6, result=2, return=0x72A60999, context=after pfnFreeFile [D:\Steam\steamapps\common\Half-Life\valve\sound\sentences.txt]]]
[2026-03-29 22:33:26.144] [info][general] Worldspawn trace: #1365 map=c0a0 edict#0 classname=worldspawn pfnRandomLong [low=0, high=8, result=4, return=0x72A60999, context=after pfnRandomLong [low=0, high=6, result=2, return=0x72A60999, context=after pfnFreeFile [D:\Steam\steamapps\common\Half-Life\valve\sound\sentences.txt]]]
[2026-03-29 22:33:26.145] [info][general] hl.dll engine callback: pfnRandomLong [low=0, high=8, result=4, return=0x72A60999, context=after pfnRandomLong [low=0, high=6, result=2, return=0x72A60999, context=after pfnFreeFile [D:\Steam\steamapps\common\Half-Life\valve\sound\sentences.txt]]]
[2026-03-29 22:33:26.145] [info][general] Worldspawn trace: #1366 map=c0a0 edict#0 classname=worldspawn pfnRandomLong [low=0, high=8, result=7, return=0x72A609A6, context=after pfnRandomLong [low=0, high=6, result=2, return=0x72A60999, context=after pfnFreeFile [D:\Steam\steamapps\common\Half-Life\valve\sound\sentences.txt]]]
[2026-03-29 22:33:26.145] [info][general] hl.dll engine callback: pfnRandomLong [low=0, high=8, result=7, return=0x72A609A6, context=after pfnRandomLong [low=0, high=6, result=2, return=0x72A60999, context=after pfnFreeFile [D:\Steam\steamapps\common\Half-Life\valve\sound\sentences.txt]]]
[2026-03-29 22:33:26.145] [info][general] Worldspawn trace: #1367 map=c0a0 edict#0 classname=worldspawn pfnRandomLong [low=0, high=8, result=5, return=0x72A60999, context=after pfnRandomLong [low=0, high=6, result=2, return=0x72A60999, context=after pfnFreeFile [D:\Steam\steamapps\common\Half-Life\valve\sound\sentences.txt]]]
[2026-03-29 22:33:26.145] [info][general] hl.dll engine callback: pfnRandomLong [low=0, high=8, result=5, return=0x72A60999, context=after pfnRandomLong [low=0, high=6, result=2, return=0x72A60999, context=after pfnFreeFile [D:\Steam\steamapps\common\Half-Life\valve\sound\sentences.txt]]]
[2026-03-29 22:33:26.146] [info][general] Worldspawn trace: #1368 map=c0a0 edict#0 classname=worldspawn pfnRandomLong [low=0, high=8, result=3, return=0x72A609A6, context=after pfnRandomLong [low=0, high=6, result=2, return=0x72A60999, context=after pfnFreeFile [D:\Steam\steamapps\common\Half-Life\valve\sound\sentences.txt]]]
[2026-03-29 22:33:26.146] [info][general] hl.dll engine callback: pfnRandomLong [low=0, high=8, result=3, return=0x72A609A6, context=after pfnRandomLong [low=0, high=6, result=2, return=0x72A60999, context=after pfnFreeFile [D:\Steam\steamapps\common\Half-Life\valve\sound\sentences.txt]]]
[2026-03-29 22:33:26.146] [info][general] Worldspawn trace: #1369 map=c0a0 edict#0 classname=worldspawn pfnRandomLong [low=0, high=8, result=1, return=0x72A60999, context=after pfnRandomLong [low=0, high=6, result=2, return=0x72A60999, context=after pfnFreeFile [D:\Steam\steamapps\common\Half-Life\valve\sound\sentences.txt]]]
[2026-03-29 22:33:26.146] [info][general] hl.dll engine callback: pfnRandomLong [low=0, high=8, result=1, return=0x72A60999, context=after pfnRandomLong [low=0, high=6, result=2, return=0x72A60999, context=after pfnFreeFile [D:\Steam\steamapps\common\Half-Life\valve\sound\sentences.txt]]]
[2026-03-29 22:33:26.146] [info][general] Worldspawn trace: #1370 map=c0a0 edict#0 classname=worldspawn pfnRandomLong [low=0, high=8, result=5, return=0x72A609A6, context=after pfnRandomLong [low=0, high=6, result=2, return=0x72A60999, context=after pfnFreeFile [D:\Steam\steamapps\common\Half-Life\valve\sound\sentences.txt]]]
[2026-03-29 22:33:26.146] [info][general] hl.dll engine callback: pfnRandomLong [low=0, high=8, result=5, return=0x72A609A6, context=after pfnRandomLong [low=0, high=6, result=2, return=0x72A60999, context=after pfnFreeFile [D:\Steam\steamapps\common\Half-Life\valve\sound\sentences.txt]]]
[2026-03-29 22:33:26.147] [info][general] Worldspawn trace: #1371 map=c0a0 edict#0 classname=worldspawn pfnRandomLong [low=0, high=8, result=5, return=0x72A60999, context=after pfnRandomLong [low=0, high=6, result=2, return=0x72A60999, context=after pfnFreeFile [D:\Steam\steamapps\common\Half-Life\valve\sound\sentences.txt]]]
[2026-03-29 22:33:26.147] [info][general] hl.dll engine callback: pfnRandomLong [low=0, high=8, result=5, return=0x72A60999, context=after pfnRandomLong [low=0, high=6, result=2, return=0x72A60999, context=after pfnFreeFile [D:\Steam\steamapps\common\Half-Life\valve\sound\sentences.txt]]]
[2026-03-29 22:33:26.147] [info][general] Worldspawn trace: #1372 map=c0a0 edict#0 classname=worldspawn pfnRandomLong [low=0, high=8, result=4, return=0x72A609A6, context=after pfnRandomLong [low=0, high=6, result=2, return=0x72A60999, context=after pfnFreeFile [D:\Steam\steamapps\common\Half-Life\valve\sound\sentences.txt]]]
[2026-03-29 22:33:26.147] [info][general] hl.dll engine callback: pfnRandomLong [low=0, high=8, result=4, return=0x72A609A6, context=after pfnRandomLong [low=0, high=6, result=2, return=0x72A60999, context=after pfnFreeFile [D:\Steam\steamapps\common\Half-Life\valve\sound\sentences.txt]]]
[2026-03-29 22:33:26.147] [info][general] Worldspawn trace: #1373 map=c0a0 edict#0 classname=worldspawn pfnRandomLong [low=0, high=8, result=4, return=0x72A60999, context=after pfnRandomLong [low=0, high=6, result=2, return=0x72A60999, context=after pfnFreeFile [D:\Steam\steamapps\common\Half-Life\valve\sound\sentences.txt]]]
[2026-03-29 22:33:26.148] [info][general] hl.dll engine callback: pfnRandomLong [low=0, high=8, result=4, return=0x72A60999, context=after pfnRandomLong [low=0, high=6, result=2, return=0x72A60999, context=after pfnFreeFile [D:\Steam\steamapps\common\Half-Life\valve\sound\sentences.txt]]]
[2026-03-29 22:33:26.148] [info][general] Worldspawn trace: #1374 map=c0a0 edict#0 classname=worldspawn pfnRandomLong [low=0, high=8, result=1, return=0x72A609A6, context=after pfnRandomLong [low=0, high=6, result=2, return=0x72A60999, context=after pfnFreeFile [D:\Steam\steamapps\common\Half-Life\valve\sound\sentences.txt]]]
[2026-03-29 22:33:26.148] [info][general] hl.dll engine callback: pfnRandomLong [low=0, high=8, result=1, return=0x72A609A6, context=after pfnRandomLong [low=0, high=6, result=2, return=0x72A60999, context=after pfnFreeFile [D:\Steam\steamapps\common\Half-Life\valve\sound\sentences.txt]]]
[2026-03-29 22:33:26.148] [info][general] Worldspawn trace: #1375 map=c0a0 edict#0 classname=worldspawn pfnRandomLong [low=0, high=8, result=0, return=0x72A60999, context=after pfnRandomLong [low=0, high=6, result=2, return=0x72A60999, context=after pfnFreeFile [D:\Steam\steamapps\common\Half-Life\valve\sound\sentences.txt]]]
[2026-03-29 22:33:26.148] [info][general] hl.dll engine callback: pfnRandomLong [low=0, high=8, result=0, return=0x72A60999, context=after pfnRandomLong [low=0, high=6, result=2, return=0x72A60999, context=after pfnFreeFile [D:\Steam\steamapps\common\Half-Life\valve\sound\sentences.txt]]]
[2026-03-29 22:33:26.148] [info][general] Worldspawn trace: #1376 map=c0a0 edict#0 classname=worldspawn pfnRandomLong [low=0, high=8, result=6, return=0x72A609A6, context=after pfnRandomLong [low=0, high=6, result=2, return=0x72A60999, context=after pfnFreeFile [D:\Steam\steamapps\common\Half-Life\valve\sound\sentences.txt]]]
[2026-03-29 22:33:26.149] [info][general] hl.dll engine callback: pfnRandomLong [low=0, high=8, result=6, return=0x72A609A6, context=after pfnRandomLong [low=0, high=6, result=2, return=0x72A60999, context=after pfnFreeFile [D:\Steam\steamapps\common\Half-Life\valve\sound\sentences.txt]]]
[2026-03-29 22:33:26.149] [info][general] Worldspawn trace: #1377 map=c0a0 edict#0 classname=worldspawn pfnRandomLong [low=0, high=8, result=3, return=0x72A60999, context=after pfnRandomLong [low=0, high=6, result=2, return=0x72A60999, context=after pfnFreeFile [D:\Steam\steamapps\common\Half-Life\valve\sound\sentences.txt]]]
[2026-03-29 22:33:26.149] [info][general] hl.dll engine callback: pfnRandomLong [low=0, high=8, result=3, return=0x72A60999, context=after pfnRandomLong [low=0, high=6, result=2, return=0x72A60999, context=after pfnFreeFile [D:\Steam\steamapps\common\Half-Life\valve\sound\sentences.txt]]]
[2026-03-29 22:33:26.149] [info][general] Worldspawn trace: #1378 map=c0a0 edict#0 classname=worldspawn pfnRandomLong [low=0, high=8, result=0, return=0x72A609A6, context=after pfnRandomLong [low=0, high=6, result=2, return=0x72A60999, context=after pfnFreeFile [D:\Steam\steamapps\common\Half-Life\valve\sound\sentences.txt]]]
[2026-03-29 22:33:26.149] [info][general] hl.dll engine callback: pfnRandomLong [low=0, high=8, result=0, return=0x72A609A6, context=after pfnRandomLong [low=0, high=6, result=2, return=0x72A60999, context=after pfnFreeFile [D:\Steam\steamapps\common\Half-Life\valve\sound\sentences.txt]]]
[2026-03-29 22:33:26.150] [info][general] Worldspawn trace: #1379 map=c0a0 edict#0 classname=worldspawn pfnRandomLong [low=0, high=8, result=5, return=0x72A60999, context=after pfnRandomLong [low=0, high=6, result=2, return=0x72A60999, context=after pfnFreeFile [D:\Steam\steamapps\common\Half-Life\valve\sound\sentences.txt]]]
[2026-03-29 22:33:26.150] [info][general] hl.dll engine callback: pfnRandomLong [low=0, high=8, result=5, return=0x72A60999, context=after pfnRandomLong [low=0, high=6, result=2, return=0x72A60999, context=after pfnFreeFile [D:\Steam\steamapps\common\Half-Life\valve\sound\sentences.txt]]]
[2026-03-29 22:33:26.150] [info][general] Worldspawn trace: #1380 map=c0a0 edict#0 classname=worldspawn pfnRandomLong [low=0, high=8, result=8, return=0x72A609A6, context=after pfnRandomLong [low=0, high=6, result=2, return=0x72A60999, context=after pfnFreeFile [D:\Steam\steamapps\common\Half-Life\valve\sound\sentences.txt]]]
[2026-03-29 22:33:26.151] [info][general] hl.dll engine callback: pfnRandomLong [low=0, high=8, result=8, return=0x72A609A6, context=after pfnRandomLong [low=0, high=6, result=2, return=0x72A60999, context=after pfnFreeFile [D:\Steam\steamapps\common\Half-Life\valve\sound\sentences.txt]]]
[2026-03-29 22:33:26.151] [info][general] Worldspawn trace: #1381 map=c0a0 edict#0 classname=worldspawn pfnRandomLong [low=0, high=8, result=1, return=0x72A60999, context=after pfnRandomLong [low=0, high=6, result=2, return=0x72A60999, context=after pfnFreeFile [D:\Steam\steamapps\common\Half-Life\valve\sound\sentences.txt]]]
[2026-03-29 22:33:26.151] [info][general] hl.dll engine callback: pfnRandomLong [low=0, high=8, result=1, return=0x72A60999, context=after pfnRandomLong [low=0, high=6, result=2, return=0x72A60999, context=after pfnFreeFile [D:\Steam\steamapps\common\Half-Life\valve\sound\sentences.txt]]]
[2026-03-29 22:33:26.151] [info][general] Worldspawn trace: #1382 map=c0a0 edict#0 classname=worldspawn pfnRandomLong [low=0, high=8, result=2, return=0x72A609A6, context=after pfnRandomLong [low=0, high=6, result=2, return=0x72A60999, context=after pfnFreeFile [D:\Steam\steamapps\common\Half-Life\valve\sound\sentences.txt]]]
[2026-03-29 22:33:26.151] [info][general] hl.dll engine callback: pfnRandomLong [low=0, high=8, result=2, return=0x72A609A6, context=after pfnRandomLong [low=0, high=6, result=2, return=0x72A60999, context=after pfnFreeFile [D:\Steam\steamapps\common\Half-Life\valve\sound\sentences.txt]]]
[2026-03-29 22:33:26.152] [info][general] Worldspawn trace: #1383 map=c0a0 edict#0 classname=worldspawn pfnRandomLong [low=0, high=8, result=4, return=0x72A60999, context=after pfnRandomLong [low=0, high=6, result=2, return=0x72A60999, context=after pfnFreeFile [D:\Steam\steamapps\common\Half-Life\valve\sound\sentences.txt]]]
